pc1,pc2,cluster,type,day
2.654,1.364,3,CASH_IN,12
-2.317,0.857,4,PAYMENT,1
1.723,1.396,0,CASH_IN,1
1.732,-1.939,2,TRANSFER,17
1.382,1.8,0,CASH_IN,9
-2.565,-0.871,1,PAYMENT,11
-0.079,-1.589,2,CASH_OUT,8
0.351,-1.702,2,CASH_OUT,6
-1.854,-1.07,1,PAYMENT,10
0.237,-2.92,2,CASH_OUT,23
0.733,0.032,3,CASH_OUT,2
0.95,0.137,3,CASH_OUT,7
1.228,-0.077,3,CASH_OUT,9
1.069,-0.559,3,CASH_OUT,13
-0.971,-1.28,1,PAYMENT,1
-0.614,0.226,1,PAYMENT,14
0.48,0.078,3,CASH_OUT,7
1.908,-0.096,3,CASH_OUT,6
1.343,-0.053,3,TRANSFER,11
1.086,-1.912,2,CASH_OUT,6
0.189,-1.662,2,CASH_OUT,12
1.309,-1.162,3,CASH_OUT,2
2.349,1.183,3,CASH_IN,27
-2.68,0.804,4,DEBIT,7
-1.177,-1.242,1,PAYMENT,14
-3.046,-0.86,1,CASH_OUT,6
0.795,1.326,0,CASH_IN,2
0.342,-1.274,3,CASH_OUT,1
1.935,1.364,0,CASH_IN,7
-0.348,-0.125,3,TRANSFER,17
-2.029,-1.007,1,PAYMENT,10
-1.673,-1.13,1,PAYMENT,15
0.262,1.371,0,CASH_IN,1
-1.225,-1.223,1,PAYMENT,9
1.438,-0.197,3,CASH_OUT,14
2.151,-0.0,3,TRANSFER,6
1.38,-1.504,3,CASH_OUT,13
2.069,1.779,0,CASH_IN,29
-2.611,0.986,4,PAYMENT,6
1.645,-0.914,2,CASH_OUT,10
-1.462,-1.187,1,PAYMENT,9
1.858,1.616,0,CASH_IN,1
0.823,-1.853,2,CASH_OUT,14
1.327,-0.196,3,CASH_OUT,10
-2.599,1.074,4,PAYMENT,6
-2.315,1.238,4,PAYMENT,2
1.733,1.843,0,CASH_IN,17
-2.124,0.912,4,PAYMENT,5
-0.825,0.234,1,PAYMENT,16
1.891,1.705,0,CASH_IN,8
1.549,-0.192,3,CASH_OUT,23
-1.001,0.201,1,PAYMENT,16
-1.69,-1.122,1,PAYMENT,12
1.673,1.418,3,CASH_IN,17
2.278,1.315,3,CASH_IN,13
1.652,1.502,0,CASH_IN,7
-2.29,-0.951,1,PAYMENT,13
2.081,1.941,0,CASH_IN,1
-1.26,-1.224,1,PAYMENT,10
-1.694,-1.093,1,PAYMENT,11
-2.517,1.164,4,PAYMENT,10
-0.073,-1.604,2,CASH_OUT,13
1.013,-1.882,2,CASH_OUT,15
1.829,1.867,0,CASH_IN,6
-0.162,-1.482,2,TRANSFER,10
-2.229,1.159,4,PAYMENT,8
-0.466,0.626,4,CASH_OUT,17
-1.019,-1.286,1,PAYMENT,20
-2.462,0.84,4,PAYMENT,17
-0.848,0.395,4,PAYMENT,12
-2.892,-0.812,1,PAYMENT,9
-0.48,0.054,3,CASH_OUT,10
0.139,0.055,3,CASH_OUT,8
1.632,-0.232,3,CASH_OUT,1
-2.467,1.151,4,PAYMENT,12
1.494,1.749,0,CASH_IN,16
-0.078,-1.606,2,CASH_OUT,7
-1.177,-1.249,1,PAYMENT,14
-1.301,0.69,4,CASH_OUT,10
2.085,1.275,3,CASH_IN,17
1.97,1.682,0,CASH_IN,16
1.392,-0.106,3,CASH_OUT,13
1.081,-1.775,2,TRANSFER,2
0.461,1.875,0,CASH_IN,17
-2.166,1.15,4,PAYMENT,2
2.023,1.878,0,CASH_IN,17
2.116,1.943,0,CASH_IN,11
-3.445,1.205,4,PAYMENT,10
-1.832,-1.054,1,PAYMENT,10
-1.415,-1.199,1,PAYMENT,13
-3.169,1.157,4,PAYMENT,1
0.651,-1.774,2,CASH_OUT,10
0.603,2.098,0,CASH_IN,11
-1.835,-1.078,1,PAYMENT,1
-1.168,0.313,1,PAYMENT,2
-1.729,-1.084,1,PAYMENT,17
-1.728,0.778,4,DEBIT,13
1.47,1.293,0,CASH_IN,24
-1.462,0.321,1,PAYMENT,11
-1.171,0.312,1,PAYMENT,9
1.221,1.93,0,CASH_IN,8
-2.998,1.148,4,PAYMENT,8
1.674,-0.167,3,CASH_OUT,8
1.182,0.004,3,CASH_OUT,8
-0.016,0.133,3,CASH_OUT,1
-1.559,0.43,4,PAYMENT,15
-2.784,0.983,4,PAYMENT,9
1.461,-0.096,3,CASH_OUT,8
-2.09,1.018,4,PAYMENT,1
-2.182,0.8,4,PAYMENT,11
-1.264,0.908,4,TRANSFER,2
-0.008,-1.628,2,CASH_OUT,23
1.972,1.279,0,CASH_IN,2
-0.797,0.024,3,PAYMENT,10
-2.134,0.836,4,PAYMENT,2
0.979,-1.883,2,CASH_OUT,14
-1.788,-1.108,1,PAYMENT,1
-3.005,1.029,4,PAYMENT,17
-2.45,1.054,4,PAYMENT,6
1.44,-0.098,3,CASH_OUT,9
1.637,1.936,0,CASH_IN,12
2.625,1.125,3,CASH_IN,1
1.048,-1.871,2,CASH_OUT,8
1.639,-1.925,2,TRANSFER,14
0.888,-1.841,2,CASH_OUT,8
-3.23,1.318,4,PAYMENT,14
1.655,1.823,0,CASH_IN,12
1.276,-1.96,2,CASH_OUT,10
-2.689,1.141,4,PAYMENT,8
-2.469,0.803,4,PAYMENT,2
0.894,-1.873,2,CASH_OUT,7
1.138,1.3,0,CASH_IN,8
-2.077,0.978,4,PAYMENT,17
0.124,-1.669,2,CASH_OUT,2
1.409,-1.856,2,TRANSFER,9
-2.3,1.02,4,PAYMENT,15
1.681,1.753,0,CASH_IN,9
0.897,-1.826,2,CASH_OUT,12
-2.448,0.855,4,PAYMENT,7
2.767,-0.133,3,TRANSFER,22
0.861,-1.844,2,CASH_OUT,10
1.709,1.472,0,CASH_IN,11
-1.62,-1.147,1,PAYMENT,13
2.056,1.717,0,CASH_IN,16
0.315,0.105,3,CASH_OUT,9
-1.376,0.485,4,PAYMENT,15
-0.447,-0.199,4,CASH_OUT,11
-2.962,1.208,4,PAYMENT,7
-0.819,-0.019,3,PAYMENT,9
1.385,-0.115,3,CASH_OUT,15
-3.006,0.859,4,PAYMENT,7
0.633,1.472,0,CASH_IN,10
-1.467,-1.143,1,PAYMENT,14
-2.392,0.848,4,PAYMENT,16
0.874,1.898,0,CASH_IN,10
-1.754,-1.07,1,PAYMENT,17
0.564,1.946,0,CASH_IN,24
1.598,1.592,0,CASH_IN,6
-1.47,0.466,4,PAYMENT,14
-2.466,0.85,4,PAYMENT,1
1.045,-1.791,2,TRANSFER,13
0.234,-1.57,2,TRANSFER,11
1.702,1.975,0,CASH_IN,15
-2.681,0.963,4,PAYMENT,7
-0.009,-2.981,2,CASH_OUT,1
0.809,-1.851,2,CASH_OUT,9
-1.531,-1.159,1,PAYMENT,1
0.358,0.092,3,CASH_OUT,14
1.652,1.447,3,CASH_IN,13
0.789,1.74,0,CASH_IN,15
1.636,-0.746,2,CASH_OUT,1
1.028,-1.894,2,CASH_OUT,10
1.588,-1.927,2,TRANSFER,17
-2.215,0.855,4,PAYMENT,1
0.703,-1.787,2,CASH_OUT,10
0.233,-1.705,2,CASH_OUT,7
-0.04,0.561,4,CASH_OUT,13
1.934,0.657,3,CASH_OUT,1
0.137,1.713,0,CASH_OUT,1
1.033,-1.895,2,CASH_OUT,11
0.962,1.764,0,CASH_IN,8
0.5,-1.756,2,CASH_OUT,9
1.119,-1.916,2,CASH_OUT,13
0.573,1.658,0,CASH_IN,9
0.987,-1.873,2,CASH_OUT,14
1.056,1.712,0,CASH_IN,6
1.853,1.924,0,CASH_IN,4
0.842,-0.219,3,CASH_OUT,16
-2.521,1.153,4,PAYMENT,11
0.66,-1.153,3,CASH_OUT,2
0.375,-1.736,2,CASH_OUT,7
0.631,-1.664,2,TRANSFER,10
-1.544,0.214,1,PAYMENT,28
1.29,1.415,0,CASH_IN,16
-0.968,0.249,1,PAYMENT,13
0.716,0.102,3,CASH_OUT,8
1.072,-1.885,2,CASH_OUT,14
1.224,-1.938,2,CASH_OUT,2
1.05,-1.803,2,TRANSFER,11
-3.125,-0.714,1,PAYMENT,8
0.005,-1.504,2,TRANSFER,14
-1.468,-1.161,1,PAYMENT,6
0.124,1.875,0,CASH_IN,11
1.373,-1.853,2,TRANSFER,2
1.254,-1.118,3,TRANSFER,2
1.741,1.714,0,CASH_IN,15
0.213,0.075,3,CASH_OUT,27
1.565,1.788,0,CASH_IN,16
2.383,1.398,3,CASH_IN,15
1.693,0.097,3,TRANSFER,10
-0.667,0.56,4,CASH_OUT,13
-0.413,0.279,1,PAYMENT,10
1.129,-0.108,3,CASH_OUT,2
-1.448,-1.169,1,PAYMENT,13
-1.456,-1.171,1,PAYMENT,15
-1.897,1.149,4,PAYMENT,14
-1.791,0.591,4,DEBIT,14
0.383,-1.718,2,CASH_OUT,10
1.316,1.707,0,CASH_IN,10
2.462,1.049,3,CASH_IN,13
-1.16,0.767,4,CASH_OUT,17
-1.595,-1.135,1,PAYMENT,25
1.859,-0.193,3,CASH_OUT,11
1.173,-0.094,3,CASH_OUT,8
-1.702,-1.087,1,PAYMENT,15
1.424,1.917,0,CASH_IN,15
1.945,1.946,0,CASH_IN,13
1.8,1.075,3,CASH_IN,8
-1.357,-1.214,1,PAYMENT,9
1.229,-1.936,2,CASH_OUT,8
-1.396,-1.197,1,PAYMENT,7
1.335,2.043,0,CASH_IN,8
-1.429,-1.196,1,PAYMENT,11
1.103,1.666,0,CASH_IN,8
-2.386,-0.938,1,PAYMENT,16
-3.118,0.781,4,PAYMENT,16
2.258,1.609,0,CASH_IN,4
-1.4,-1.192,1,PAYMENT,6
0.197,-1.694,2,CASH_OUT,14
2.136,1.387,0,CASH_IN,1
0.591,-0.429,3,CASH_OUT,6
0.91,-1.87,2,CASH_OUT,6
0.858,-1.843,2,CASH_OUT,8
-1.679,0.235,1,PAYMENT,2
2.863,0.765,3,TRANSFER,1
1.04,-1.912,2,CASH_OUT,17
-2.734,1.001,4,PAYMENT,9
0.547,-3.075,2,CASH_OUT,17
-1.206,-1.238,1,PAYMENT,7
2.637,0.823,3,CASH_IN,9
-2.868,1.269,4,CASH_OUT,1
2.359,0.013,3,TRANSFER,13
0.246,-1.681,2,CASH_OUT,14
-1.241,0.28,1,PAYMENT,11
-2.282,0.744,4,PAYMENT,13
1.632,-0.106,3,CASH_OUT,2
1.484,1.76,0,CASH_IN,13
-1.0,0.276,1,PAYMENT,7
1.293,-1.97,2,CASH_OUT,1
1.133,-0.855,3,CASH_OUT,9
0.68,-1.805,2,CASH_OUT,15
1.523,1.832,0,CASH_IN,7
1.133,-1.8,2,TRANSFER,9
-2.463,1.122,4,PAYMENT,1
2.499,1.293,3,CASH_IN,11
1.338,1.873,0,CASH_IN,17
1.556,1.646,0,CASH_IN,14
1.081,-1.792,2,TRANSFER,12
-1.212,0.875,4,TRANSFER,22
2.328,0.039,3,TRANSFER,2
1.167,-1.913,2,CASH_OUT,11
-2.332,0.818,4,PAYMENT,7
2.513,1.279,3,CASH_IN,15
2.06,1.657,0,CASH_IN,2
-2.614,0.928,4,PAYMENT,6
-1.165,-1.234,1,PAYMENT,10
-3.535,1.061,4,PAYMENT,11
0.451,-1.736,2,CASH_OUT,6
0.77,-1.822,2,CASH_OUT,1
0.336,-1.591,2,TRANSFER,9
1.441,0.929,3,CASH_IN,6
2.072,1.621,0,CASH_IN,7
0.786,-1.842,2,CASH_OUT,12
-0.486,0.488,4,CASH_OUT,29
0.349,0.127,3,CASH_OUT,2
-2.268,1.128,4,PAYMENT,17
-2.043,0.859,4,PAYMENT,13
-3.402,1.126,4,PAYMENT,2
0.369,-1.777,2,CASH_OUT,9
0.277,0.091,3,CASH_OUT,2
1.129,-1.903,2,CASH_OUT,8
-1.291,0.382,1,PAYMENT,10
-0.265,0.243,3,PAYMENT,15
1.799,1.972,0,CASH_IN,2
-2.522,0.726,4,PAYMENT,7
1.663,2.109,0,CASH_IN,6
-2.563,0.804,4,PAYMENT,10
1.935,1.981,0,CASH_IN,8
-2.211,-0.989,1,PAYMENT,7
1.552,1.287,0,CASH_IN,8
-2.576,0.793,4,PAYMENT,10
-1.307,-1.227,1,PAYMENT,8
0.561,-1.776,2,CASH_OUT,2
0.581,-1.758,2,CASH_OUT,21
0.065,-1.631,2,CASH_OUT,6
-0.371,1.471,4,CASH_OUT,6
-1.104,-1.246,1,PAYMENT,14
-0.986,-1.309,1,PAYMENT,17
2.086,-0.223,3,CASH_OUT,17
1.715,-0.107,3,CASH_OUT,7
1.526,-0.137,3,CASH_OUT,6
0.699,-1.799,2,CASH_OUT,6
0.71,-1.82,2,CASH_OUT,15
-1.156,0.385,1,PAYMENT,25
0.442,-1.74,2,CASH_OUT,13
2.644,1.361,3,CASH_IN,10
-1.674,-1.101,1,PAYMENT,11
0.924,-1.847,2,CASH_OUT,13
1.713,2.041,0,CASH_IN,2
1.763,1.695,0,CASH_IN,9
0.986,-0.678,3,CASH_OUT,25
-0.782,0.229,3,PAYMENT,16
1.258,1.741,0,CASH_IN,7
-0.682,0.555,4,CASH_OUT,6
-1.384,-1.182,1,PAYMENT,15
-0.448,0.684,4,CASH_OUT,2
-2.596,1.005,4,PAYMENT,8
0.776,-1.816,2,CASH_OUT,22
1.505,-0.142,3,CASH_OUT,6
0.057,0.106,3,CASH_OUT,2
-1.652,-1.114,1,PAYMENT,7
2.886,0.044,3,TRANSFER,29
-0.956,0.41,1,PAYMENT,10
-1.049,0.486,4,PAYMENT,15
1.874,1.68,0,CASH_IN,21
-1.601,-1.113,1,PAYMENT,13
0.641,1.75,0,CASH_IN,1
-0.893,0.8,4,CASH_OUT,10
0.171,-0.068,3,CASH_OUT,9
2.614,1.266,3,CASH_IN,11
0.789,-0.105,3,CASH_OUT,16
1.77,-0.828,2,CASH_OUT,8
-0.154,0.5,4,CASH_OUT,9
1.588,1.83,0,CASH_IN,12
-0.139,0.613,4,CASH_OUT,15
1.492,-0.133,3,CASH_OUT,17
0.803,2.023,0,CASH_IN,9
0.787,-1.806,2,CASH_OUT,10
1.471,1.41,0,CASH_IN,13
-1.471,-1.156,1,PAYMENT,1
1.118,-0.034,3,TRANSFER,15
1.703,1.945,0,CASH_IN,9
1.607,2.069,0,CASH_IN,16
0.643,-0.011,3,CASH_OUT,9
2.382,1.428,0,CASH_IN,15
-2.944,-0.771,1,PAYMENT,29
2.366,1.709,0,CASH_IN,1
0.199,1.728,0,CASH_IN,14
1.209,-0.054,3,CASH_OUT,8
0.737,-1.804,2,CASH_OUT,7
-2.418,0.831,4,PAYMENT,10
0.077,-0.104,3,CASH_OUT,7
0.928,1.31,0,CASH_IN,6
0.344,-1.591,2,TRANSFER,2
-0.632,0.172,3,PAYMENT,12
-2.311,1.129,4,PAYMENT,8
-0.626,0.142,3,PAYMENT,7
1.044,-0.148,3,CASH_OUT,13
0.506,-1.056,3,CASH_OUT,6
-2.24,0.838,4,PAYMENT,11
1.541,-0.091,3,CASH_OUT,4
0.773,-1.822,2,CASH_OUT,16
0.898,0.913,3,CASH_IN,6
0.909,-1.852,2,CASH_OUT,10
-0.611,0.436,4,CASH_OUT,16
1.263,-1.95,2,CASH_OUT,25
-2.396,0.83,4,PAYMENT,15
-2.157,1.009,4,PAYMENT,22
2.061,-0.277,3,CASH_OUT,8
-0.43,0.24,3,PAYMENT,7
-2.78,-0.827,1,PAYMENT,12
0.62,1.512,0,CASH_IN,14
-1.96,-1.046,1,PAYMENT,11
1.88,-0.755,2,TRANSFER,1
1.766,1.964,0,CASH_IN,6
1.803,-0.222,3,CASH_OUT,15
-2.381,-0.935,1,PAYMENT,15
-3.112,1.05,4,PAYMENT,18
1.22,-0.006,3,TRANSFER,13
0.573,0.104,3,CASH_OUT,10
1.761,1.878,0,CASH_IN,16
1.634,-0.191,3,CASH_OUT,14
-2.1,1.021,4,PAYMENT,7
0.578,-0.362,3,CASH_OUT,17
2.621,0.871,3,CASH_IN,17
1.508,-0.122,3,CASH_OUT,16
0.117,2.039,0,CASH_IN,6
-1.353,0.013,1,PAYMENT,7
0.373,-0.053,3,CASH_OUT,9
-2.382,0.732,4,PAYMENT,12
-2.544,1.181,4,PAYMENT,7
0.897,-0.057,3,CASH_OUT,16
-1.403,-1.181,1,PAYMENT,13
-3.395,1.329,4,PAYMENT,1
1.536,1.474,3,CASH_IN,8
-2.291,0.888,4,PAYMENT,1
0.335,1.659,0,CASH_IN,8
0.557,1.058,3,CASH_OUT,1
-3.572,0.933,4,PAYMENT,7
1.206,-1.81,2,TRANSFER,12
-0.45,0.236,3,PAYMENT,16
1.833,-0.338,3,CASH_OUT,2
-1.539,-1.139,1,PAYMENT,7
1.074,-0.082,3,CASH_OUT,15
1.525,1.729,0,CASH_IN,11
1.861,1.939,0,CASH_IN,10
2.367,0.681,3,CASH_IN,17
-0.945,0.21,1,PAYMENT,7
1.118,1.607,0,CASH_IN,1
0.315,1.813,0,CASH_OUT,1
0.452,0.55,4,CASH_OUT,13
-2.666,-0.834,1,PAYMENT,7
-1.802,0.785,4,DEBIT,22
0.916,-0.207,3,CASH_OUT,13
0.919,-1.875,2,CASH_OUT,11
-2.853,0.851,4,PAYMENT,8
1.966,1.742,0,CASH_IN,16
-2.324,0.897,4,PAYMENT,13
0.828,-0.003,3,CASH_OUT,16
1.678,1.31,0,CASH_IN,14
1.41,-0.319,3,CASH_OUT,2
1.771,-0.239,3,CASH_OUT,8
-1.595,0.885,4,CASH_OUT,8
-2.814,1.109,4,PAYMENT,24
-1.142,-1.24,1,PAYMENT,7
2.442,1.248,3,CASH_IN,7
1.001,1.901,0,CASH_IN,14
-0.694,-0.077,3,PAYMENT,15
1.544,2.016,0,CASH_IN,25
0.46,-0.416,3,CASH_OUT,17
-1.652,-1.139,1,PAYMENT,11
1.095,2.025,0,CASH_IN,16
1.499,1.893,0,CASH_IN,13
1.895,1.678,0,CASH_IN,1
1.117,-0.076,3,CASH_OUT,14
-2.624,0.937,4,PAYMENT,12
-1.65,-1.125,1,PAYMENT,1
-2.395,0.868,4,PAYMENT,16
-1.766,-1.078,1,PAYMENT,8
1.667,0.271,3,TRANSFER,15
0.83,0.011,3,CASH_OUT,25
1.085,0.007,3,TRANSFER,13
0.304,1.829,0,CASH_OUT,7
0.738,-1.832,2,CASH_OUT,17
-2.663,-0.878,1,PAYMENT,7
0.843,-1.848,2,CASH_OUT,13
-2.38,0.865,4,PAYMENT,14
0.341,-1.706,2,CASH_OUT,8
1.581,1.614,0,CASH_IN,2
1.108,0.078,3,TRANSFER,12
-2.328,0.93,4,PAYMENT,8
-1.204,0.472,4,PAYMENT,15
-1.842,0.568,4,PAYMENT,6
1.458,-0.115,3,CASH_OUT,15
1.549,1.844,0,CASH_IN,9
-1.218,0.657,4,CASH_OUT,10
-1.521,-1.161,1,PAYMENT,17
1.04,-0.115,3,CASH_OUT,7
0.661,-0.586,2,CASH_OUT,1
-1.834,0.984,4,PAYMENT,17
-0.766,-0.024,3,PAYMENT,16
-1.148,-1.228,1,PAYMENT,6
0.11,-1.636,2,CASH_OUT,10
-2.687,-0.854,1,PAYMENT,15
-2.372,0.81,4,PAYMENT,2
0.902,-1.738,2,TRANSFER,8
2.042,1.364,0,CASH_IN,17
-2.771,0.97,4,PAYMENT,8
0.335,-1.703,2,CASH_OUT,25
1.089,-1.899,2,CASH_OUT,17
1.738,1.333,0,CASH_IN,19
-0.314,-0.017,4,CASH_OUT,12
0.054,0.105,3,CASH_OUT,17
0.482,-3.031,2,CASH_OUT,1
1.601,-0.131,3,CASH_OUT,1
0.279,-0.069,3,CASH_OUT,2
-2.693,1.036,4,PAYMENT,7
1.645,1.261,3,CASH_IN,13
0.664,-1.786,2,CASH_OUT,12
-0.272,-0.052,3,PAYMENT,11
2.177,1.824,0,CASH_IN,2
-2.434,0.807,4,PAYMENT,11
2.133,1.354,0,CASH_IN,8
0.393,0.117,3,CASH_OUT,13
1.072,0.016,3,CASH_OUT,8
1.497,1.304,0,CASH_IN,13
1.988,1.814,0,CASH_IN,6
0.224,1.273,0,CASH_IN,14
0.921,-1.185,3,CASH_OUT,1
-0.998,0.425,4,CASH_OUT,7
1.071,-1.164,3,CASH_OUT,13
0.379,0.19,3,CASH_OUT,6
0.758,1.767,0,CASH_IN,7
0.719,-1.824,2,CASH_OUT,10
0.789,0.025,3,CASH_OUT,1
0.039,1.564,0,CASH_IN,2
1.175,1.642,0,CASH_IN,2
2.085,1.844,0,CASH_IN,9
0.585,-1.777,2,CASH_OUT,17
2.307,1.762,0,CASH_IN,17
1.343,-0.196,3,CASH_OUT,11
-2.361,0.749,4,PAYMENT,11
0.857,-0.125,3,CASH_OUT,13
-2.84,1.09,4,PAYMENT,10
0.526,-1.736,2,CASH_OUT,1
-2.48,0.892,4,PAYMENT,17
0.726,1.453,0,CASH_IN,1
0.612,-1.774,2,CASH_OUT,14
0.094,-1.632,2,CASH_OUT,17
0.949,-1.838,2,CASH_OUT,16
-0.431,-0.031,3,PAYMENT,15
0.229,-0.1,3,CASH_OUT,2
1.07,-1.918,2,CASH_OUT,15
-2.81,1.048,4,PAYMENT,17
2.896,0.882,3,TRANSFER,1
-2.372,-0.934,1,PAYMENT,8
0.775,-1.791,2,CASH_OUT,17
0.8,-1.821,2,CASH_OUT,1
1.454,-0.554,3,CASH_OUT,1
1.901,1.905,0,CASH_IN,9
1.336,-1.984,2,CASH_OUT,13
-1.105,-1.239,1,PAYMENT,1
0.719,-1.125,3,CASH_OUT,7
0.781,-1.812,2,CASH_OUT,2
0.758,0.014,3,TRANSFER,2
1.396,-1.856,2,TRANSFER,17
0.509,-1.765,2,CASH_OUT,2
-2.179,1.105,4,PAYMENT,16
0.852,-1.845,2,CASH_OUT,6
0.298,-1.726,2,CASH_OUT,9
1.996,-2.041,2,TRANSFER,14
1.71,1.569,0,CASH_IN,9
1.865,1.828,0,CASH_IN,12
1.675,1.368,0,CASH_IN,1
0.634,-1.789,2,CASH_OUT,11
-2.449,1.114,4,PAYMENT,1
1.747,-0.007,3,TRANSFER,17
-1.804,-1.093,1,PAYMENT,13
2.161,1.788,0,TRANSFER,9
1.258,2.116,0,CASH_IN,16
1.069,-1.903,2,CASH_OUT,7
-2.46,0.972,4,PAYMENT,7
1.115,-1.813,2,TRANSFER,6
2.284,-0.084,3,TRANSFER,1
-1.551,0.742,4,CASH_OUT,13
0.688,-1.807,2,CASH_OUT,12
-1.254,0.292,1,PAYMENT,9
0.46,0.051,3,CASH_OUT,9
1.858,1.293,3,CASH_IN,6
1.896,2.019,0,CASH_IN,12
0.99,-0.01,3,CASH_OUT,16
1.29,-1.936,2,CASH_OUT,12
-2.709,1.051,4,PAYMENT,6
-2.327,0.997,4,PAYMENT,2
-1.679,-1.093,1,PAYMENT,23
-1.974,-1.014,1,PAYMENT,11
-2.333,1.139,4,PAYMENT,16
-1.286,0.266,1,PAYMENT,8
0.458,-1.748,2,CASH_OUT,8
0.362,-1.726,2,CASH_OUT,12
-2.03,1.138,4,PAYMENT,15
1.107,-1.914,2,CASH_OUT,11
-1.968,-1.026,1,PAYMENT,13
-2.282,0.286,1,PAYMENT,20
-3.902,1.409,4,PAYMENT,4
1.587,1.76,0,CASH_IN,14
1.925,1.874,0,CASH_IN,9
1.515,1.4,0,CASH_IN,2
-2.297,0.83,4,PAYMENT,25
-1.426,-1.164,1,PAYMENT,15
0.47,-1.76,2,CASH_OUT,6
1.995,1.319,0,CASH_IN,1
-3.103,1.062,4,PAYMENT,11
0.856,-0.135,3,CASH_OUT,17
1.331,-1.857,2,TRANSFER,9
1.353,-0.068,3,CASH_OUT,17
-1.395,-1.179,1,PAYMENT,1
1.75,-0.088,3,CASH_OUT,24
-2.831,0.877,4,PAYMENT,6
1.828,-0.18,3,CASH_OUT,8
-2.487,1.084,4,PAYMENT,12
1.048,0.11,3,CASH_OUT,9
-1.419,2.006,4,CASH_IN,13
1.973,-0.183,3,TRANSFER,8
-1.178,-1.235,1,PAYMENT,1
0.569,-1.75,2,CASH_OUT,14
-2.326,0.847,4,PAYMENT,6
-1.959,1.01,4,PAYMENT,21
2.464,1.293,3,CASH_IN,9
0.687,1.668,0,CASH_IN,23
1.365,1.903,0,CASH_IN,17
-1.214,-1.236,1,PAYMENT,14
0.748,-1.802,2,CASH_OUT,15
1.712,-0.005,3,TRANSFER,14
2.593,1.389,3,CASH_IN,19
1.969,1.721,0,CASH_IN,11
0.89,-1.839,2,CASH_OUT,17
0.873,-0.106,3,CASH_OUT,16
-2.394,1.143,4,PAYMENT,1
-1.026,-1.291,1,PAYMENT,13
-1.728,-1.084,1,PAYMENT,1
0.83,-0.57,2,CASH_OUT,4
1.875,1.908,0,CASH_IN,9
1.467,-0.159,3,CASH_OUT,13
-1.464,0.701,4,CASH_OUT,17
1.218,-1.938,2,CASH_OUT,6
-1.464,-1.176,1,PAYMENT,7
-1.49,-1.13,1,PAYMENT,12
-2.383,0.793,4,PAYMENT,1
2.582,-0.163,3,TRANSFER,11
1.701,1.857,0,CASH_IN,14
-2.818,1.341,4,PAYMENT,14
1.624,-0.197,3,CASH_OUT,11
-0.266,0.161,3,CASH_OUT,27
-2.839,1.045,4,PAYMENT,11
-1.86,-1.068,1,PAYMENT,6
-1.319,0.203,1,PAYMENT,16
2.617,1.412,3,CASH_IN,13
0.005,-1.63,2,CASH_OUT,2
-2.743,1.046,4,PAYMENT,13
1.497,-1.908,2,TRANSFER,16
1.047,1.23,0,CASH_IN,2
-1.148,-1.257,1,PAYMENT,13
-2.65,1.196,4,PAYMENT,10
-1.369,-1.168,1,PAYMENT,13
-2.54,0.802,4,PAYMENT,29
1.802,1.706,0,CASH_IN,17
0.683,-1.774,2,CASH_OUT,4
-2.345,1.244,4,PAYMENT,17
1.041,-1.791,2,TRANSFER,2
1.348,1.791,0,CASH_IN,9
2.03,1.853,0,CASH_IN,14
0.897,-1.832,2,CASH_OUT,10
-2.459,0.92,4,PAYMENT,8
-0.173,-2.633,2,CASH_OUT,11
-2.635,1.003,4,PAYMENT,6
0.895,-0.095,3,CASH_OUT,13
0.175,-1.662,2,CASH_OUT,9
-4.091,1.045,4,PAYMENT,4
1.038,-1.885,2,CASH_OUT,2
-2.359,0.983,4,PAYMENT,20
-1.94,-1.044,1,PAYMENT,17
1.91,1.07,3,CASH_IN,7
-1.085,-1.244,1,PAYMENT,13
-2.239,0.915,4,PAYMENT,10
1.354,-1.837,2,TRANSFER,6
-1.839,-1.042,1,PAYMENT,4
-1.794,0.972,4,PAYMENT,6
1.316,1.539,3,CASH_IN,17
0.442,0.116,3,CASH_OUT,17
-3.013,0.481,4,PAYMENT,6
1.41,1.986,0,CASH_IN,11
-2.139,0.82,4,PAYMENT,9
-2.119,-0.159,4,CASH_OUT,12
0.726,-1.791,2,CASH_OUT,17
-2.782,0.962,4,PAYMENT,10
0.952,-1.857,2,CASH_OUT,6
-1.015,-1.294,1,PAYMENT,14
-1.639,-1.117,1,PAYMENT,15
0.434,-1.728,2,CASH_OUT,17
-2.774,1.224,4,PAYMENT,15
-2.395,1.181,4,PAYMENT,16
0.705,-1.819,2,CASH_OUT,6
-2.158,1.102,4,PAYMENT,6
1.061,-1.916,2,CASH_OUT,17
-2.64,-0.873,1,PAYMENT,17
-2.736,1.331,4,PAYMENT,2
1.494,1.847,0,CASH_IN,14
1.78,1.632,0,CASH_IN,17
1.766,1.631,0,CASH_IN,10
0.94,-1.875,2,CASH_OUT,9
0.47,-1.749,2,CASH_OUT,2
1.226,-1.834,2,TRANSFER,13
-0.873,0.042,3,PAYMENT,11
1.982,1.294,0,CASH_IN,1
2.208,1.267,0,CASH_IN,7
2.207,-0.664,3,TRANSFER,10
-2.139,1.003,4,PAYMENT,13
-0.931,-1.287,1,PAYMENT,13
-2.4,0.979,4,PAYMENT,17
-2.137,0.816,4,PAYMENT,12
-2.058,0.891,4,PAYMENT,15
0.681,-1.783,2,CASH_OUT,11
0.345,0.049,3,CASH_OUT,19
2.204,1.38,0,CASH_IN,7
-0.302,-1.543,2,CASH_OUT,16
1.31,-2.011,2,CASH_OUT,2
0.52,-1.764,2,CASH_OUT,17
1.434,1.349,0,CASH_IN,10
-2.202,0.925,4,PAYMENT,1
-2.28,-0.975,1,PAYMENT,1
-1.89,0.444,4,PAYMENT,16
1.81,-1.998,2,TRANSFER,1
-0.309,-0.021,3,PAYMENT,13
-2.168,0.8,4,PAYMENT,10
-0.861,-1.34,1,PAYMENT,14
1.435,-0.05,3,CASH_OUT,11
0.6,0.06,3,CASH_OUT,17
-2.486,0.949,4,PAYMENT,6
-3.746,1.38,4,PAYMENT,1
1.807,-0.687,2,CASH_OUT,1
-1.994,0.815,4,PAYMENT,2
1.493,1.492,3,CASH_IN,9
-1.805,-1.093,1,PAYMENT,9
-1.754,0.756,4,DEBIT,14
-1.842,-1.087,1,PAYMENT,8
1.054,-0.034,3,CASH_OUT,6
0.354,1.358,0,CASH_IN,16
-2.174,0.8,4,PAYMENT,16
0.914,-1.864,2,CASH_OUT,15
-1.039,-1.288,1,PAYMENT,16
-2.468,0.996,4,PAYMENT,9
-1.625,-1.131,1,PAYMENT,1
2.336,1.51,0,CASH_IN,11
1.964,1.904,0,CASH_IN,16
1.564,1.862,0,CASH_IN,15
2.099,-0.082,3,TRANSFER,12
-1.355,-1.186,1,PAYMENT,12
1.994,1.618,0,CASH_IN,9
-0.377,-0.114,3,CASH_OUT,16
0.712,1.437,0,CASH_IN,9
-1.181,-1.237,1,PAYMENT,14
-2.2,0.812,4,PAYMENT,8
0.764,-0.103,3,TRANSFER,12
-2.566,1.165,4,PAYMENT,16
-2.523,1.141,4,PAYMENT,10
-2.461,0.884,4,PAYMENT,10
-1.422,-1.183,1,PAYMENT,10
0.811,1.229,0,CASH_IN,8
1.626,-0.106,3,CASH_OUT,1
-0.273,-1.45,2,TRANSFER,7
-2.72,0.886,4,PAYMENT,1
2.091,1.838,0,CASH_IN,12
0.942,-1.85,2,CASH_OUT,9
1.518,1.273,0,CASH_IN,17
0.504,-1.733,2,CASH_OUT,2
0.698,-1.804,2,CASH_OUT,7
-2.004,1.135,4,PAYMENT,6
1.627,-0.292,3,CASH_OUT,8
1.877,1.787,0,CASH_IN,6
1.142,1.94,0,CASH_IN,10
-2.424,0.884,4,PAYMENT,9
0.896,-1.867,2,CASH_OUT,2
1.318,1.682,0,CASH_IN,29
1.306,-0.073,3,TRANSFER,8
-1.473,-1.156,1,PAYMENT,17
1.335,1.311,0,CASH_IN,11
-0.101,-2.792,2,CASH_OUT,9
0.335,-1.615,2,TRANSFER,16
-1.199,-1.247,1,PAYMENT,7
2.065,1.554,0,CASH_IN,15
1.106,2.054,0,CASH_IN,17
1.009,-1.868,2,CASH_OUT,6
2.142,1.378,0,CASH_IN,24
1.685,1.658,0,CASH_IN,1
2.669,-0.032,3,TRANSFER,14
-2.006,1.11,4,PAYMENT,20
2.369,1.352,3,CASH_IN,7
-1.128,-0.915,1,CASH_OUT,6
-2.674,0.859,4,PAYMENT,17
0.529,0.088,3,CASH_OUT,6
-2.52,1.016,4,DEBIT,11
-2.582,1.02,4,PAYMENT,6
0.933,-1.84,2,CASH_OUT,17
-2.464,0.892,4,PAYMENT,16
-0.209,-0.524,2,CASH_OUT,1
-2.499,1.001,4,PAYMENT,1
0.76,0.125,3,CASH_OUT,14
1.105,0.023,3,CASH_OUT,8
1.036,-1.878,2,CASH_OUT,8
1.388,1.564,3,CASH_IN,10
-1.059,0.345,1,PAYMENT,13
0.812,-1.832,2,CASH_OUT,12
-2.091,0.893,4,PAYMENT,15
-3.064,1.133,4,PAYMENT,8
-2.736,0.826,4,PAYMENT,1
-2.269,0.878,4,PAYMENT,13
0.877,-1.865,2,CASH_OUT,9
-1.57,-1.117,1,PAYMENT,16
-4.004,1.03,4,PAYMENT,11
1.754,-1.0,2,CASH_OUT,1
1.503,-0.155,3,CASH_OUT,8
1.268,-0.157,3,CASH_OUT,7
1.48,0.029,3,TRANSFER,15
1.065,1.964,0,CASH_IN,2
1.642,1.51,3,CASH_IN,13
-0.803,0.636,4,CASH_OUT,13
-2.608,0.653,4,PAYMENT,15
-0.976,-0.666,4,CASH_OUT,1
0.688,-0.142,3,CASH_OUT,16
1.284,-1.966,2,CASH_OUT,9
1.021,-1.895,2,CASH_OUT,12
-1.458,0.175,1,PAYMENT,28
-1.719,-1.093,1,PAYMENT,15
-2.2,1.044,4,PAYMENT,14
0.497,-1.768,2,CASH_OUT,16
1.124,-1.902,2,CASH_OUT,2
1.735,1.379,0,CASH_IN,6
1.575,1.235,0,CASH_IN,13
-0.734,-0.057,3,PAYMENT,10
1.795,1.815,0,CASH_IN,1
0.585,-1.759,2,CASH_OUT,6
1.068,-1.912,2,CASH_OUT,7
-0.449,0.525,4,CASH_OUT,8
1.856,1.967,0,CASH_IN,2
0.927,-1.876,2,CASH_OUT,17
-1.31,-1.222,1,PAYMENT,15
-0.154,0.144,3,CASH_OUT,17
1.743,1.941,0,CASH_IN,8
1.833,-0.202,3,TRANSFER,5
1.394,-0.075,3,TRANSFER,5
0.941,-0.015,3,CASH_OUT,29
1.948,1.817,0,CASH_IN,12
1.842,1.163,3,CASH_IN,16
-1.982,1.093,4,PAYMENT,29
0.592,-1.753,2,CASH_OUT,4
1.284,1.825,0,CASH_IN,9
1.143,-1.925,2,CASH_OUT,17
-1.773,-1.08,1,PAYMENT,13
-0.464,0.844,4,TRANSFER,1
-0.433,-1.491,2,CASH_OUT,8
-2.749,1.228,4,PAYMENT,1
0.625,0.113,3,CASH_OUT,7
-3.4,1.038,4,PAYMENT,9
-0.489,0.269,3,PAYMENT,16
1.099,-1.886,2,CASH_OUT,14
1.88,1.632,0,CASH_IN,13
-1.009,-1.292,1,PAYMENT,6
-0.323,-1.529,2,CASH_OUT,2
-2.658,1.032,4,PAYMENT,2
-1.524,-1.129,1,PAYMENT,6
1.501,1.638,0,CASH_IN,12
-0.032,-1.62,2,CASH_OUT,8
1.211,-1.832,2,TRANSFER,17
0.298,-1.698,2,CASH_OUT,6
-1.494,-1.14,1,PAYMENT,14
1.023,-0.125,3,CASH_OUT,17
0.889,0.029,3,CASH_OUT,16
-2.599,0.991,4,PAYMENT,15
0.409,-0.053,3,CASH_OUT,17
0.495,1.511,0,CASH_IN,10
1.137,-0.092,3,CASH_OUT,17
0.999,-0.031,3,TRANSFER,17
-2.315,0.979,4,PAYMENT,2
0.433,-1.233,3,CASH_OUT,6
1.154,-1.924,2,CASH_OUT,10
0.374,-1.714,2,CASH_OUT,8
-0.365,0.041,3,PAYMENT,16
1.264,-1.97,2,CASH_OUT,1
1.355,-1.839,2,TRANSFER,10
-2.471,0.935,4,PAYMENT,14
-2.935,1.039,4,PAYMENT,22
-2.343,0.953,4,PAYMENT,6
1.756,-0.884,2,CASH_OUT,1
-0.469,-0.056,3,PAYMENT,6
-1.184,-1.208,1,PAYMENT,2
1.007,-1.865,2,CASH_OUT,13
-0.906,-1.325,1,PAYMENT,13
-1.227,0.289,1,PAYMENT,15
1.019,-0.123,3,CASH_OUT,8
1.08,1.937,0,CASH_IN,15
0.798,-1.827,2,CASH_OUT,11
0.943,-1.375,3,TRANSFER,6
-0.046,2.097,0,CASH_IN,11
-2.555,0.975,4,PAYMENT,9
0.94,-0.676,2,CASH_OUT,1
-2.886,0.894,4,PAYMENT,9
-2.534,0.96,4,PAYMENT,8
-2.494,-0.907,1,PAYMENT,8
0.867,-1.845,2,CASH_OUT,8
1.725,1.086,3,CASH_IN,9
-3.193,1.265,4,PAYMENT,11
1.343,1.762,0,CASH_IN,11
-1.646,-1.119,1,PAYMENT,6
-2.24,-0.978,1,PAYMENT,1
0.284,-1.685,2,CASH_OUT,7
1.768,-1.958,2,TRANSFER,9
-1.988,-1.018,1,PAYMENT,2
0.206,-0.001,3,CASH_OUT,16
0.436,0.056,3,CASH_OUT,25
0.08,-1.636,2,CASH_OUT,16
0.819,-1.829,2,CASH_OUT,13
0.93,-1.856,2,CASH_OUT,13
-0.027,-1.197,3,CASH_OUT,9
1.852,-0.56,3,CASH_OUT,29
1.207,-1.821,2,TRANSFER,7
-1.999,0.964,4,PAYMENT,10
1.256,-0.612,3,CASH_OUT,16
1.789,1.369,0,CASH_IN,1
-2.334,0.905,4,PAYMENT,1
1.49,-0.68,3,CASH_OUT,11
-3.424,-0.719,1,PAYMENT,9
1.505,0.0,3,CASH_OUT,6
1.453,1.755,0,CASH_IN,1
-2.693,0.904,4,PAYMENT,10
2.311,1.357,0,CASH_IN,2
1.325,1.257,0,CASH_IN,7
2.419,-0.171,3,TRANSFER,6
1.504,0.004,3,TRANSFER,8
-1.147,0.35,1,PAYMENT,9
2.027,-0.748,3,CASH_OUT,14
1.048,-0.078,3,CASH_OUT,13
0.082,-1.651,2,CASH_OUT,12
-1.589,-1.109,1,PAYMENT,8
-1.126,-1.241,1,PAYMENT,15
-2.383,0.928,4,PAYMENT,11
0.828,-0.02,3,CASH_OUT,8
-1.577,-1.133,1,PAYMENT,15
2.025,1.883,0,CASH_IN,10
1.808,1.921,0,CASH_IN,15
-0.283,-0.132,3,PAYMENT,8
0.702,-1.809,2,CASH_OUT,16
1.079,-1.912,2,CASH_OUT,9
-2.546,1.147,4,PAYMENT,13
1.794,1.692,0,CASH_IN,17
0.961,-1.852,2,CASH_OUT,7
-1.993,0.209,1,PAYMENT,10
-0.898,-1.359,1,PAYMENT,14
2.514,1.612,0,CASH_IN,7
1.873,1.878,0,CASH_IN,2
1.238,0.149,3,TRANSFER,16
0.652,-0.031,3,CASH_OUT,2
1.236,-0.126,3,CASH_OUT,9
-2.521,1.03,4,PAYMENT,14
1.098,1.255,0,CASH_IN,17
-1.56,-1.144,1,PAYMENT,6
0.839,-0.087,3,CASH_OUT,17
-2.518,0.828,4,PAYMENT,12
0.706,-1.818,2,CASH_OUT,13
2.279,1.333,0,CASH_IN,9
1.532,2.033,0,CASH_IN,11
1.049,-1.873,2,CASH_OUT,8
1.244,1.708,0,CASH_IN,10
-2.015,-1.05,1,PAYMENT,28
-3.327,1.039,4,PAYMENT,17
1.597,1.917,0,CASH_IN,1
-0.413,0.241,3,CASH_OUT,12
-2.792,0.924,4,PAYMENT,10
-2.48,1.16,4,PAYMENT,12
-1.295,-1.262,1,PAYMENT,1
2.026,-0.287,3,CASH_OUT,7
-0.932,0.324,1,PAYMENT,2
0.411,0.599,4,CASH_OUT,3
-2.905,1.112,4,PAYMENT,23
-1.854,-1.084,1,PAYMENT,13
-0.178,-1.575,2,CASH_OUT,8
-2.298,1.131,4,PAYMENT,13
-1.437,-1.169,1,PAYMENT,6
-1.117,-0.053,1,PAYMENT,9
-0.961,0.433,1,PAYMENT,2
-1.703,0.338,1,PAYMENT,2
0.828,-1.82,2,CASH_OUT,13
-2.476,1.007,4,PAYMENT,15
2.24,0.962,3,CASH_OUT,8
2.136,1.953,0,CASH_IN,9
2.474,0.464,3,CASH_IN,13
0.755,1.992,0,CASH_IN,11
-2.159,1.125,4,PAYMENT,13
1.197,-0.085,3,CASH_OUT,16
0.522,-1.749,2,CASH_OUT,7
-1.043,0.291,1,PAYMENT,14
0.076,0.145,3,CASH_OUT,22
-2.653,0.948,4,PAYMENT,8
2.601,-0.246,3,TRANSFER,16
-2.812,1.125,4,PAYMENT,15
0.58,1.995,0,CASH_IN,8
1.516,-1.888,2,TRANSFER,18
-1.501,0.932,4,CASH_OUT,13
-1.026,0.132,3,PAYMENT,13
1.296,-0.205,3,CASH_OUT,6
1.681,-1.962,2,TRANSFER,15
-2.131,1.079,4,PAYMENT,2
1.088,-0.116,3,CASH_OUT,2
0.858,-1.748,2,TRANSFER,9
-2.61,1.176,4,PAYMENT,13
-0.523,0.172,3,CASH_OUT,1
-0.013,0.217,3,CASH_OUT,6
-1.669,-1.117,1,PAYMENT,17
1.925,-0.109,3,CASH_OUT,29
1.812,1.565,0,CASH_IN,2
-1.194,-1.223,1,PAYMENT,2
-2.467,0.966,4,PAYMENT,2
1.077,0.063,3,CASH_OUT,7
-2.442,1.281,4,PAYMENT,2
-2.062,0.869,4,PAYMENT,10
1.628,1.28,3,CASH_IN,8
1.184,-0.095,3,TRANSFER,15
1.779,-0.104,3,CASH_OUT,24
1.964,1.619,0,CASH_IN,14
0.566,-1.781,2,CASH_OUT,9
0.627,1.254,0,CASH_IN,13
-0.361,-0.038,4,CASH_OUT,12
-0.238,0.647,4,CASH_OUT,21
1.702,1.9,0,CASH_IN,9
-2.475,1.025,4,PAYMENT,15
1.095,1.116,3,CASH_IN,2
0.972,1.619,0,CASH_IN,25
-0.258,0.548,4,CASH_OUT,2
-1.421,-1.23,1,PAYMENT,12
0.054,-1.516,2,TRANSFER,1
1.695,1.16,3,CASH_IN,8
0.972,-1.865,2,CASH_OUT,16
1.177,1.899,0,CASH_IN,12
-3.153,1.294,4,PAYMENT,16
-2.688,1.053,4,PAYMENT,12
1.8,1.856,0,CASH_IN,15
-1.545,-1.134,1,PAYMENT,9
-1.61,-1.121,1,PAYMENT,11
0.213,1.384,0,CASH_IN,9
0.382,-1.598,2,TRANSFER,16
1.631,1.511,0,CASH_IN,13
2.366,1.396,0,CASH_IN,16
0.312,-0.147,3,TRANSFER,9
1.384,2.052,0,CASH_IN,1
-0.125,-0.342,1,DEBIT,1
0.963,-1.868,2,CASH_OUT,1
-1.898,0.828,4,PAYMENT,15
1.209,1.383,3,CASH_IN,15
-1.759,-1.076,1,PAYMENT,13
1.725,-0.301,3,CASH_OUT,6
0.991,1.652,0,CASH_IN,13
1.378,-1.392,3,CASH_IN,1
-0.753,-1.346,1,PAYMENT,14
1.017,-1.758,2,TRANSFER,14
1.861,1.831,0,CASH_IN,6
-1.74,-1.084,1,PAYMENT,16
0.616,-1.675,2,TRANSFER,6
0.112,-1.645,2,CASH_OUT,12
-1.405,-1.198,1,PAYMENT,15
0.895,-1.866,2,CASH_OUT,10
1.524,1.431,3,CASH_IN,15
1.663,-0.723,2,CASH_OUT,8
1.964,-0.18,3,CASH_OUT,1
-2.264,0.965,4,PAYMENT,12
1.249,-0.03,3,CASH_OUT,9
-1.127,0.878,4,CASH_OUT,11
0.389,0.076,3,CASH_OUT,25
-0.443,-1.525,2,CASH_OUT,15
-1.259,0.363,1,PAYMENT,13
1.704,0.544,3,CASH_IN,17
1.469,1.906,0,CASH_IN,14
1.061,-1.883,2,CASH_OUT,10
0.771,1.868,0,CASH_IN,9
0.491,-1.761,2,CASH_OUT,8
-2.45,0.841,4,PAYMENT,14
-0.961,-0.157,4,CASH_OUT,11
0.876,1.247,0,CASH_IN,12
1.687,1.834,0,CASH_IN,2
2.215,1.766,0,CASH_IN,9
1.021,-3.196,2,TRANSFER,2
-1.508,-1.161,1,PAYMENT,20
0.626,-1.775,2,CASH_OUT,1
-2.302,0.839,4,PAYMENT,12
1.253,-1.933,2,CASH_OUT,27
1.207,-1.0,3,TRANSFER,1
2.683,1.023,3,CASH_IN,17
-2.64,0.746,4,PAYMENT,8
-1.399,-1.2,1,PAYMENT,7
0.841,0.254,3,TRANSFER,10
-2.374,1.104,4,PAYMENT,12
-2.003,1.032,4,PAYMENT,17
1.124,-1.897,2,CASH_OUT,1
1.801,1.972,0,CASH_IN,17
0.937,-0.063,3,CASH_OUT,7
-1.484,-1.178,1,PAYMENT,9
-0.746,-1.427,2,CASH_OUT,12
0.784,-0.01,3,CASH_OUT,13
-2.472,0.92,4,PAYMENT,11
0.87,-1.839,2,CASH_OUT,10
1.714,-0.13,3,CASH_OUT,12
0.901,-1.843,2,CASH_OUT,1
-1.47,-1.167,1,PAYMENT,14
1.764,1.873,0,CASH_IN,16
0.878,-0.687,3,CASH_OUT,1
0.857,-1.825,2,CASH_OUT,13
1.359,1.894,0,CASH_IN,16
-2.02,-0.153,4,DEBIT,17
2.31,1.33,3,CASH_IN,17
0.668,-0.127,3,CASH_OUT,12
-0.834,0.317,4,CASH_OUT,12
-2.264,1.083,4,PAYMENT,7
3.056,-0.596,3,TRANSFER,17
-0.786,0.283,1,PAYMENT,11
-2.786,1.1,4,PAYMENT,7
-1.883,0.223,1,PAYMENT,13
-1.659,-1.105,1,PAYMENT,11
0.902,1.712,0,CASH_IN,6
1.411,-0.105,3,CASH_OUT,14
1.213,-0.06,3,CASH_OUT,28
0.668,-1.783,2,CASH_OUT,6
1.575,1.606,0,CASH_IN,7
1.454,-0.177,3,CASH_OUT,9
1.659,1.41,0,CASH_IN,10
0.202,0.113,3,CASH_OUT,11
1.044,-1.926,2,CASH_OUT,25
1.185,1.749,0,CASH_IN,6
0.089,-1.683,2,CASH_OUT,2
-0.915,0.132,1,PAYMENT,8
-2.891,-0.82,1,PAYMENT,12
0.021,-1.619,2,CASH_OUT,11
-2.873,0.773,4,PAYMENT,8
-2.732,1.075,4,PAYMENT,25
-1.23,0.766,4,DEBIT,14
-1.47,-1.143,1,PAYMENT,10
1.401,-0.126,3,CASH_OUT,12
2.525,0.837,3,CASH_IN,1
-0.414,0.04,3,PAYMENT,24
-0.862,0.193,3,PAYMENT,11
-1.565,0.607,4,CASH_OUT,8
-1.938,-1.048,1,PAYMENT,7
1.297,1.839,0,CASH_IN,1
1.024,-1.773,2,TRANSFER,2
-1.758,-1.101,1,PAYMENT,8
-2.585,1.067,4,PAYMENT,11
-1.53,-1.17,1,PAYMENT,13
1.364,-0.067,3,CASH_OUT,25
-1.124,0.245,1,PAYMENT,8
0.659,0.08,3,CASH_OUT,8
1.061,1.922,0,CASH_IN,11
-0.686,2.185,0,CASH_IN,9
1.234,1.897,0,CASH_IN,15
0.809,-1.828,2,CASH_OUT,1
-2.963,1.003,4,PAYMENT,9
-2.016,0.945,4,PAYMENT,1
-2.441,0.879,4,PAYMENT,2
1.078,-1.79,2,TRANSFER,11
1.957,-0.912,2,TRANSFER,10
-1.554,-1.149,1,PAYMENT,13
-1.467,-1.175,1,PAYMENT,14
1.376,-1.853,2,TRANSFER,1
-2.443,0.879,4,PAYMENT,24
-1.796,-1.063,1,PAYMENT,17
2.306,-2.094,2,TRANSFER,14
1.219,0.23,3,TRANSFER,15
1.906,1.455,0,CASH_IN,1
-1.503,0.633,4,CASH_OUT,13
1.16,1.455,3,CASH_IN,6
-2.027,0.771,4,PAYMENT,6
1.131,-0.12,3,CASH_OUT,7
-2.767,0.729,4,CASH_OUT,1
1.533,1.407,3,CASH_IN,11
-1.385,-1.189,1,PAYMENT,22
1.151,-1.889,2,CASH_OUT,14
-1.637,-1.093,1,PAYMENT,4
0.654,-0.559,3,CASH_OUT,14
1.064,1.593,0,CASH_IN,6
-2.065,1.016,4,PAYMENT,11
-2.422,-0.904,1,PAYMENT,8
-1.721,-1.118,1,PAYMENT,12
-1.1,0.145,1,PAYMENT,11
-1.859,-1.047,1,PAYMENT,10
0.78,-1.821,2,CASH_OUT,13
-2.097,0.914,4,PAYMENT,10
-2.205,1.004,4,PAYMENT,17
0.906,-1.846,2,CASH_OUT,24
-2.374,-0.937,1,PAYMENT,1
1.838,1.682,0,CASH_IN,1
1.119,-1.813,2,TRANSFER,7
2.189,1.405,3,CASH_IN,1
-2.316,1.024,4,PAYMENT,15
-2.045,0.994,4,PAYMENT,7
1.674,2.009,0,CASH_IN,9
-2.338,-0.96,1,PAYMENT,11
1.587,1.141,3,CASH_IN,10
1.578,-0.655,3,CASH_OUT,12
-2.312,0.886,4,PAYMENT,8
0.3,0.07,3,CASH_OUT,29
-2.279,1.012,4,PAYMENT,17
-3.488,1.286,4,PAYMENT,1
0.105,-1.649,2,CASH_OUT,8
-0.108,-2.719,2,CASH_OUT,1
2.565,1.324,3,CASH_IN,16
0.39,-1.72,2,CASH_OUT,14
-0.685,0.186,4,CASH_OUT,11
-1.315,-1.203,1,PAYMENT,9
-0.92,-1.274,1,TRANSFER,12
0.777,-1.804,2,CASH_OUT,10
-0.733,-0.316,3,PAYMENT,15
2.185,1.374,0,CASH_IN,14
1.263,-1.844,2,TRANSFER,17
1.967,2.024,0,CASH_IN,8
0.464,-1.751,2,CASH_OUT,14
0.254,1.654,0,CASH_OUT,6
0.453,-1.737,2,CASH_OUT,17
-0.344,1.355,4,CASH_OUT,2
0.262,-1.683,2,CASH_OUT,9
1.741,-0.055,3,TRANSFER,9
1.956,1.671,0,CASH_IN,29
0.518,-1.648,2,TRANSFER,15
0.4,-1.717,2,CASH_OUT,14
2.471,0.891,3,CASH_IN,7
1.917,-0.651,3,CASH_OUT,21
2.157,1.35,3,CASH_IN,14
0.193,-1.685,2,CASH_OUT,8
0.855,-1.829,2,CASH_OUT,8
-2.711,0.983,4,PAYMENT,11
-0.684,0.209,4,CASH_OUT,2
-0.301,-1.553,2,CASH_OUT,11
1.029,-1.872,2,CASH_OUT,11
0.771,1.785,0,CASH_IN,3
1.076,-1.911,2,CASH_OUT,21
0.172,0.113,3,CASH_OUT,16
1.976,-0.227,3,TRANSFER,8
-0.589,0.565,4,CASH_OUT,25
-2.041,0.832,4,PAYMENT,13
1.722,1.846,0,CASH_IN,9
-1.203,-1.235,1,PAYMENT,7
-2.672,1.162,4,PAYMENT,8
1.668,1.684,0,CASH_IN,13
1.113,-0.559,3,CASH_OUT,1
-0.279,-1.569,2,CASH_OUT,8
-2.004,0.853,4,PAYMENT,13
-0.342,-1.556,2,CASH_OUT,14
0.125,-1.652,2,CASH_OUT,14
0.787,-0.57,3,CASH_OUT,9
-2.459,0.969,4,PAYMENT,8
1.399,-1.86,2,TRANSFER,2
0.669,0.122,3,CASH_OUT,2
-2.331,0.951,4,PAYMENT,7
0.297,1.38,0,CASH_IN,12
2.552,1.279,3,CASH_IN,1
-1.509,-1.165,1,PAYMENT,11
0.846,-1.837,2,CASH_OUT,16
1.172,-0.314,3,CASH_OUT,11
-2.608,0.699,4,PAYMENT,1
0.946,-0.183,3,CASH_OUT,1
1.053,-1.878,2,CASH_OUT,12
2.234,1.761,0,CASH_IN,23
1.895,1.993,0,CASH_IN,11
-0.585,0.543,4,CASH_OUT,12
-1.036,-1.285,1,PAYMENT,17
-2.28,1.05,4,PAYMENT,1
1.679,-0.112,3,CASH_OUT,10
0.824,-1.824,2,CASH_OUT,1
-2.566,1.014,4,PAYMENT,15
-0.72,0.535,4,CASH_OUT,15
-1.995,-1.044,1,PAYMENT,15
-2.72,-0.863,1,PAYMENT,10
-1.61,-0.441,4,CASH_OUT,1
0.137,-1.644,2,CASH_OUT,17
1.605,1.393,0,CASH_IN,2
1.719,-0.094,3,CASH_OUT,7
2.179,1.34,3,CASH_IN,16
0.612,0.098,3,CASH_OUT,10
1.03,-0.013,3,CASH_OUT,6
-2.205,0.924,4,PAYMENT,25
-0.193,0.524,4,CASH_OUT,17
2.018,1.705,0,CASH_IN,7
1.877,1.74,0,CASH_IN,9
2.196,0.848,3,CASH_OUT,6
-1.611,-1.135,1,PAYMENT,8
0.492,-1.769,2,CASH_OUT,6
-2.964,0.887,4,PAYMENT,12
-1.405,-1.202,1,PAYMENT,11
0.536,-1.742,2,CASH_OUT,7
-1.591,-1.183,1,PAYMENT,11
-1.282,0.341,1,PAYMENT,13
0.528,1.58,0,CASH_IN,13
0.343,0.15,3,CASH_OUT,16
-2.607,1.279,4,PAYMENT,9
-2.451,1.163,4,PAYMENT,2
-2.983,0.936,4,PAYMENT,1
0.543,-1.653,2,TRANSFER,15
1.112,-0.123,3,CASH_OUT,9
0.962,-1.88,2,CASH_OUT,15
-1.387,-1.196,1,PAYMENT,14
0.349,-0.403,3,CASH_OUT,7
0.855,0.009,3,CASH_OUT,17
0.674,-1.788,2,CASH_OUT,17
0.439,-0.192,3,CASH_OUT,8
1.872,1.197,0,CASH_IN,10
-2.534,1.075,4,PAYMENT,10
-1.644,-1.123,1,PAYMENT,17
-2.496,0.773,4,PAYMENT,22
2.02,-0.146,3,TRANSFER,8
-2.756,0.839,4,PAYMENT,10
2.148,0.003,3,TRANSFER,8
0.406,-0.411,3,CASH_OUT,7
-1.669,-1.117,1,PAYMENT,6
-1.765,0.371,1,PAYMENT,1
-1.275,-1.221,1,PAYMENT,9
0.417,-0.589,2,CASH_OUT,1
0.593,-1.689,2,TRANSFER,14
0.312,-2.905,2,CASH_OUT,1
1.867,-0.798,2,TRANSFER,13
1.671,1.959,0,CASH_IN,1
0.19,0.106,3,CASH_OUT,11
1.277,-0.112,3,CASH_OUT,9
0.375,1.683,0,CASH_IN,13
1.101,1.527,0,CASH_IN,9
1.488,1.887,0,CASH_IN,6
-1.374,0.767,4,CASH_OUT,15
-0.295,0.55,4,CASH_OUT,18
1.897,1.714,0,CASH_IN,7
1.836,1.932,0,CASH_IN,13
-1.195,-1.22,1,PAYMENT,7
2.383,1.278,3,CASH_IN,9
-2.302,1.115,4,PAYMENT,16
-1.407,-1.166,1,PAYMENT,10
0.316,-0.584,3,CASH_IN,1
1.628,-0.36,2,CASH_IN,10
2.482,1.44,0,CASH_IN,15
-2.493,0.804,4,PAYMENT,2
0.488,-0.319,3,CASH_OUT,10
1.128,-3.07,2,TRANSFER,1
0.458,0.075,3,CASH_OUT,7
0.563,-1.771,2,CASH_OUT,24
1.255,-0.128,3,CASH_OUT,17
-2.305,1.008,4,PAYMENT,17
-1.769,-1.088,1,PAYMENT,14
1.068,-1.901,2,CASH_OUT,14
1.352,-1.839,2,TRANSFER,8
-0.362,-1.043,3,CASH_OUT,1
1.396,1.275,3,CASH_IN,6
-0.794,0.026,3,PAYMENT,16
-2.684,1.093,4,PAYMENT,6
-2.025,0.867,4,PAYMENT,15
0.808,-1.707,2,TRANSFER,10
-2.753,0.938,4,PAYMENT,25
1.586,2.079,0,CASH_IN,13
2.088,1.939,0,CASH_IN,13
-0.174,-2.882,2,CASH_OUT,16
0.864,-1.867,2,CASH_OUT,8
0.247,-1.087,2,CASH_OUT,1
0.299,1.379,0,CASH_IN,11
2.277,-0.11,3,TRANSFER,2
1.97,2.011,0,CASH_IN,10
1.941,-0.712,3,CASH_OUT,2
-0.99,-1.261,1,PAYMENT,1
-1.37,0.373,1,PAYMENT,14
0.71,-0.35,3,CASH_IN,1
0.995,-1.886,2,CASH_OUT,10
-1.227,0.724,4,DEBIT,25
0.605,-1.781,2,CASH_OUT,15
1.109,-1.805,2,TRANSFER,16
2.939,-0.215,3,TRANSFER,23
1.695,1.998,0,CASH_IN,12
0.903,1.412,0,CASH_IN,12
0.982,-0.317,3,CASH_OUT,11
0.872,1.909,0,CASH_IN,10
1.563,1.751,0,CASH_IN,17
-1.41,-1.186,1,PAYMENT,14
1.795,-1.737,3,TRANSFER,2
0.863,-1.839,2,CASH_OUT,12
0.197,-1.686,2,CASH_OUT,2
-2.181,0.907,4,PAYMENT,2
-2.943,1.033,4,PAYMENT,7
2.135,1.191,3,CASH_IN,16
1.152,1.733,0,CASH_IN,10
2.108,1.274,0,CASH_IN,6
-0.844,-1.323,1,PAYMENT,12
-0.806,0.257,1,PAYMENT,14
-3.125,1.039,4,PAYMENT,11
1.597,-0.339,3,CASH_OUT,15
-2.427,1.112,4,PAYMENT,22
-3.31,0.833,4,PAYMENT,13
-1.653,-1.107,1,PAYMENT,10
-1.243,-1.204,1,PAYMENT,9
0.627,1.571,0,CASH_IN,7
-2.403,0.879,4,PAYMENT,2
1.951,1.932,0,CASH_IN,14
-2.382,0.822,4,PAYMENT,11
1.251,2.103,0,CASH_IN,12
-2.316,0.959,4,PAYMENT,1
1.694,1.839,0,CASH_IN,15
-0.616,0.211,3,PAYMENT,13
0.982,0.005,3,CASH_OUT,8
1.32,1.531,0,CASH_IN,10
-1.954,1.096,4,PAYMENT,2
-0.95,0.322,1,PAYMENT,29
0.275,0.132,3,CASH_OUT,6
2.25,1.36,3,CASH_IN,11
-3.517,1.058,4,PAYMENT,8
2.305,1.767,0,CASH_IN,16
2.219,1.262,3,CASH_IN,8
1.126,-0.737,2,CASH_OUT,9
1.567,-0.167,3,CASH_OUT,15
1.772,1.754,0,CASH_IN,17
-2.304,0.838,4,PAYMENT,17
0.187,-1.701,2,CASH_OUT,1
-1.914,-1.037,1,PAYMENT,15
2.419,1.302,0,CASH_IN,7
-1.82,0.322,1,PAYMENT,1
-2.265,0.663,4,PAYMENT,15
1.933,-0.186,3,CASH_OUT,17
-1.694,-1.096,1,PAYMENT,14
0.887,-1.868,2,CASH_OUT,1
-0.285,0.622,4,CASH_OUT,8
1.035,-0.14,3,CASH_OUT,12
1.166,1.416,3,CASH_IN,2
-0.036,-2.893,2,CASH_OUT,15
-1.064,-1.253,1,PAYMENT,10
-1.136,-1.238,1,PAYMENT,14
0.323,-1.694,2,CASH_OUT,22
-2.915,0.81,4,PAYMENT,8
1.073,-0.563,2,CASH_OUT,7
0.545,-2.954,2,CASH_OUT,8
1.718,1.778,0,CASH_IN,16
-1.389,-1.195,1,PAYMENT,17
1.902,1.705,0,CASH_IN,8
0.41,-1.717,2,CASH_OUT,15
-2.992,1.058,4,PAYMENT,22
-1.495,-2.321,1,CASH_OUT,2
-2.408,1.095,4,PAYMENT,11
-0.986,0.225,1,PAYMENT,15
0.724,-1.815,2,CASH_OUT,22
0.85,-1.115,3,CASH_OUT,2
0.686,-1.803,2,CASH_OUT,16
0.825,-1.827,2,CASH_OUT,1
-0.017,-0.183,3,CASH_OUT,1
2.076,2.019,0,CASH_IN,6
0.614,-1.771,2,CASH_OUT,15
1.433,1.412,3,CASH_IN,17
0.393,0.088,3,CASH_OUT,12
-2.359,1.102,4,PAYMENT,6
1.151,-1.907,2,CASH_OUT,10
1.066,-1.887,2,CASH_OUT,17
1.486,1.894,0,CASH_IN,15
1.554,1.896,0,CASH_IN,6
2.421,0.735,3,CASH_IN,15
1.397,1.803,0,CASH_IN,11
1.26,1.674,0,CASH_IN,1
-3.655,1.031,4,PAYMENT,10
-1.871,-1.083,1,PAYMENT,13
0.926,0.013,3,CASH_OUT,6
-1.204,-1.232,1,PAYMENT,6
0.928,-1.835,2,CASH_OUT,13
1.711,-0.133,3,CASH_OUT,1
1.873,1.989,0,CASH_IN,7
-2.553,-0.895,1,PAYMENT,1
0.833,-1.828,2,CASH_OUT,2
-1.148,-1.242,1,PAYMENT,13
-1.442,-1.16,1,PAYMENT,13
-1.812,-1.066,1,PAYMENT,8
1.667,-0.122,3,CASH_OUT,15
1.311,1.117,3,CASH_IN,1
-2.749,0.815,4,PAYMENT,6
2.212,-0.409,3,TRANSFER,10
1.527,-2.023,2,CASH_OUT,7
-2.593,0.932,4,PAYMENT,1
-2.48,1.273,4,PAYMENT,12
-2.378,0.918,4,PAYMENT,8
-2.147,1.102,4,PAYMENT,15
-1.753,-1.085,1,PAYMENT,14
1.578,-0.314,3,CASH_OUT,11
-1.425,0.186,1,PAYMENT,25
0.582,-1.788,2,CASH_OUT,2
2.536,1.353,3,CASH_IN,17
1.34,1.248,0,CASH_IN,16
-1.848,-1.082,1,PAYMENT,12
2.654,1.361,3,CASH_IN,6
0.013,0.272,3,PAYMENT,13
0.98,0.152,3,TRANSFER,25
0.924,-1.878,2,CASH_OUT,6
-1.258,-1.218,1,PAYMENT,13
-2.153,-0.986,1,PAYMENT,10
-1.154,-1.216,1,PAYMENT,1
0.792,-0.246,0,CASH_IN,13
0.578,0.019,3,CASH_OUT,21
-1.268,0.125,1,PAYMENT,10
0.518,-1.748,2,CASH_OUT,9
1.395,-1.884,2,TRANSFER,14
1.63,-0.609,3,CASH_OUT,17
-1.975,-1.049,1,PAYMENT,13
-3.475,0.907,4,PAYMENT,4
2.332,-0.168,3,TRANSFER,2
1.492,-0.166,3,CASH_OUT,11
2.093,2.001,0,CASH_IN,15
-2.737,0.961,4,PAYMENT,12
-2.42,0.808,4,PAYMENT,7
0.847,-1.818,2,CASH_OUT,9
0.882,0.059,3,CASH_OUT,6
2.412,1.168,3,CASH_IN,15
-2.145,0.941,4,PAYMENT,17
1.335,1.522,3,CASH_IN,2
1.239,1.688,0,CASH_IN,2
2.663,1.338,3,CASH_IN,17
-2.111,0.922,4,PAYMENT,13
-1.3,-1.218,1,PAYMENT,17
-2.312,0.871,4,PAYMENT,6
-2.197,1.015,4,PAYMENT,8
2.047,1.03,3,CASH_IN,9
1.15,-0.116,3,CASH_OUT,2
0.232,1.791,0,CASH_IN,22
-1.85,-1.078,1,PAYMENT,11
0.487,1.407,0,CASH_IN,8
1.099,-0.15,3,CASH_OUT,6
0.17,-1.648,2,CASH_OUT,2
0.139,-1.668,2,CASH_OUT,8
-2.621,0.915,4,PAYMENT,16
2.025,1.423,0,CASH_IN,15
-2.344,0.884,4,PAYMENT,1
2.174,1.886,0,CASH_IN,7
2.289,1.947,0,CASH_IN,6
1.26,-1.842,2,TRANSFER,11
-1.887,0.974,4,CASH_OUT,13
-2.845,1.117,4,PAYMENT,10
-1.475,-1.18,1,PAYMENT,8
1.166,-0.105,3,CASH_OUT,9
-1.176,-1.26,1,PAYMENT,14
-0.913,-1.32,1,PAYMENT,13
-1.373,0.75,4,DEBIT,15
2.831,1.336,3,CASH_IN,15
1.898,2.007,0,CASH_IN,6
-0.733,0.249,1,PAYMENT,2
0.605,-1.769,2,CASH_OUT,17
-1.856,0.721,4,CASH_OUT,6
0.626,-1.795,2,CASH_OUT,7
-0.875,0.159,3,PAYMENT,9
0.483,-0.199,3,TRANSFER,10
-2.262,0.848,4,PAYMENT,6
-1.666,-1.089,1,PAYMENT,14
-2.494,1.081,4,PAYMENT,14
1.513,1.972,0,CASH_IN,21
-0.486,-2.881,2,CASH_OUT,2
1.298,-1.822,2,TRANSFER,15
1.314,-1.974,2,CASH_OUT,11
-2.387,1.272,4,PAYMENT,14
1.824,1.955,0,CASH_IN,14
-1.536,0.641,4,CASH_OUT,17
-1.687,-1.109,1,PAYMENT,2
-2.693,1.04,4,PAYMENT,7
0.485,0.06,3,CASH_OUT,10
1.181,-1.898,2,CASH_OUT,7
1.896,0.022,3,TRANSFER,8
-2.53,0.937,4,PAYMENT,2
1.738,0.912,3,CASH_OUT,1
-1.856,-1.058,1,PAYMENT,2
0.988,-1.857,2,CASH_OUT,10
-1.532,-1.134,1,PAYMENT,15
-0.502,0.597,4,CASH_OUT,15
1.397,-1.839,2,TRANSFER,16
1.525,1.462,0,CASH_IN,25
-1.163,-1.224,1,PAYMENT,14
1.412,2.039,0,CASH_IN,13
-1.201,0.767,4,CASH_OUT,11
2.084,1.768,0,CASH_IN,13
-1.257,-1.236,1,PAYMENT,15
-0.514,0.023,3,PAYMENT,7
1.496,-0.139,3,CASH_OUT,9
-2.341,0.826,4,PAYMENT,11
-1.341,-1.197,1,PAYMENT,1
-1.462,-1.162,1,PAYMENT,10
2.569,1.449,0,CASH_IN,10
0.358,-1.713,2,CASH_OUT,2
-1.538,0.63,4,CASH_OUT,16
1.327,0.112,3,TRANSFER,16
0.804,-1.833,2,CASH_OUT,11
1.389,-1.92,2,TRANSFER,13
2.398,1.29,3,CASH_IN,2
-1.385,0.375,1,PAYMENT,10
-1.479,-1.151,1,PAYMENT,13
1.45,1.684,0,CASH_IN,17
2.007,1.859,0,CASH_IN,13
0.863,1.26,0,CASH_OUT,6
2.3,1.557,0,CASH_IN,14
0.976,1.656,0,CASH_IN,16
1.62,1.88,0,CASH_IN,10
1.136,1.518,0,CASH_IN,8
-1.886,-1.061,1,PAYMENT,13
-2.372,-0.924,1,PAYMENT,10
-3.231,1.193,4,PAYMENT,4
-1.912,-1.033,1,PAYMENT,7
1.342,-0.126,3,CASH_OUT,11
1.391,-1.886,2,TRANSFER,6
1.336,-1.948,2,CASH_OUT,17
-1.922,0.957,4,PAYMENT,10
1.377,-1.852,2,TRANSFER,17
-2.288,0.829,4,PAYMENT,10
1.87,1.8,0,CASH_IN,14
-2.92,1.11,4,PAYMENT,11
-1.706,-1.1,1,PAYMENT,15
1.12,-1.929,2,CASH_OUT,13
0.232,-3.079,2,CASH_OUT,1
0.923,-0.038,3,CASH_OUT,13
-2.684,1.152,4,PAYMENT,1
0.324,-1.731,2,CASH_OUT,13
1.506,-0.686,2,CASH_OUT,1
1.471,1.814,0,CASH_IN,6
1.93,1.512,0,CASH_IN,17
-0.926,-1.31,1,PAYMENT,12
-1.592,-1.129,1,PAYMENT,13
-2.446,0.847,4,PAYMENT,9
-0.546,0.149,3,PAYMENT,13
1.794,1.371,0,CASH_IN,10
1.787,1.44,3,CASH_IN,7
0.123,-1.667,2,CASH_OUT,9
2.138,1.729,0,CASH_IN,17
1.07,1.57,0,CASH_IN,27
0.777,-1.816,2,CASH_OUT,9
2.192,-0.092,3,TRANSFER,17
1.305,1.942,0,CASH_IN,12
0.003,0.041,3,TRANSFER,10
-2.428,-0.934,1,PAYMENT,9
-0.602,1.705,0,CASH_IN,22
1.422,-1.981,2,CASH_OUT,7
-1.976,0.859,4,PAYMENT,1
-2.059,0.761,4,CASH_OUT,17
2.013,-0.425,3,CASH_OUT,13
1.933,-0.064,3,TRANSFER,15
0.77,-1.835,2,CASH_OUT,8
1.17,1.584,0,CASH_IN,1
-0.495,0.241,3,PAYMENT,17
1.657,-0.156,3,CASH_OUT,1
-1.74,-1.099,1,PAYMENT,16
1.503,1.311,0,CASH_IN,1
-1.892,-1.046,1,PAYMENT,13
0.447,-1.758,2,CASH_OUT,11
1.543,2.01,0,CASH_IN,7
1.447,1.0,3,CASH_OUT,12
1.606,-1.146,2,CASH_OUT,1
0.78,-1.819,2,CASH_OUT,10
-2.169,1.034,4,PAYMENT,6
1.275,-0.732,2,CASH_OUT,1
0.579,-1.771,2,CASH_OUT,9
-1.327,-1.222,1,PAYMENT,8
2.289,1.537,0,CASH_IN,29
0.247,0.075,3,CASH_OUT,8
-1.78,-1.099,1,PAYMENT,16
2.598,1.289,3,CASH_IN,12
-1.182,-1.244,1,PAYMENT,8
1.461,1.361,0,CASH_IN,12
2.366,-2.369,3,TRANSFER,13
1.421,-0.123,3,TRANSFER,8
-0.994,0.029,3,PAYMENT,14
2.157,1.939,0,CASH_IN,6
-0.288,0.518,4,CASH_OUT,6
-1.553,-1.157,1,PAYMENT,13
1.63,1.407,0,CASH_IN,13
0.939,1.444,0,CASH_IN,9
-1.051,-1.278,1,PAYMENT,14
0.229,1.845,0,CASH_IN,15
-1.293,0.086,1,PAYMENT,24
-1.366,0.264,1,PAYMENT,11
1.623,0.639,3,CASH_OUT,1
1.041,-1.779,2,TRANSFER,15
0.97,-1.763,2,TRANSFER,15
1.297,-0.046,3,CASH_OUT,1
1.321,-0.234,3,CASH_OUT,13
-1.626,0.696,4,CASH_OUT,8
0.222,-1.674,2,CASH_OUT,2
0.541,-1.773,2,CASH_OUT,10
2.695,1.285,3,CASH_IN,1
0.067,0.411,3,CASH_OUT,10
-1.691,-1.115,1,PAYMENT,12
-1.201,-1.254,1,PAYMENT,17
-0.461,0.701,4,CASH_OUT,2
1.548,1.782,0,CASH_IN,15
-2.542,0.924,4,PAYMENT,11
0.365,-1.731,2,CASH_OUT,14
1.688,-1.946,2,TRANSFER,8
-1.963,0.375,1,PAYMENT,7
1.342,-0.548,3,CASH_OUT,9
0.314,0.516,4,CASH_OUT,15
-0.497,-1.505,2,CASH_OUT,16
1.246,1.655,0,CASH_IN,1
-3.074,0.996,4,PAYMENT,9
-2.604,1.186,4,PAYMENT,2
0.367,-1.709,2,CASH_OUT,11
1.718,1.94,0,CASH_IN,9
-0.076,0.654,4,CASH_OUT,30
0.916,-1.848,2,CASH_OUT,6
-3.018,0.279,1,PAYMENT,7
1.821,-0.178,3,TRANSFER,9
-1.368,0.446,4,PAYMENT,27
-0.348,0.58,4,CASH_OUT,2
-2.133,0.874,4,PAYMENT,17
2.859,1.257,3,CASH_IN,10
-2.181,0.814,4,PAYMENT,17
1.769,-0.161,3,CASH_OUT,12
1.743,1.884,0,CASH_IN,12
0.995,-0.146,3,CASH_OUT,17
2.228,1.493,0,CASH_IN,15
1.342,-0.084,3,CASH_OUT,14
1.178,1.378,0,CASH_IN,11
2.046,-0.135,3,TRANSFER,13
-2.353,0.891,4,PAYMENT,6
0.196,0.171,3,CASH_OUT,15
1.295,0.104,3,CASH_OUT,6
-2.424,0.729,4,PAYMENT,1
1.255,-1.805,2,TRANSFER,28
1.623,1.864,0,CASH_IN,17
1.693,1.674,0,CASH_IN,17
-0.836,-1.336,1,PAYMENT,11
2.689,-0.288,3,TRANSFER,10
-2.263,1.101,4,PAYMENT,15
0.012,-1.626,2,CASH_OUT,23
-0.18,0.229,3,PAYMENT,14
2.948,1.309,3,CASH_IN,11
1.664,0.824,3,CASH_IN,13
0.975,1.992,0,CASH_IN,14
1.246,-1.958,2,CASH_OUT,11
1.469,-0.361,3,CASH_OUT,15
-0.743,0.323,4,CASH_OUT,6
1.173,-1.907,2,CASH_OUT,16
1.432,1.595,0,CASH_IN,11
-2.425,0.821,4,PAYMENT,2
-1.491,-1.159,1,PAYMENT,13
1.094,-0.152,3,CASH_OUT,6
-3.669,1.086,4,PAYMENT,6
2.1,1.806,0,CASH_IN,13
1.244,2.053,0,CASH_IN,15
2.29,1.696,0,CASH_IN,6
1.956,-0.64,3,CASH_OUT,8
1.186,-1.95,2,CASH_OUT,15
1.894,1.391,0,CASH_IN,10
-1.527,-1.153,1,PAYMENT,12
1.181,-1.941,2,CASH_OUT,13
-2.09,1.271,4,PAYMENT,1
0.791,-1.811,2,CASH_OUT,13
-1.309,-1.212,1,PAYMENT,11
-2.188,0.834,4,PAYMENT,27
-2.488,1.105,4,PAYMENT,16
-2.116,0.996,4,PAYMENT,16
-2.614,1.305,4,PAYMENT,7
-1.292,-1.223,1,PAYMENT,14
1.326,1.805,0,CASH_IN,17
1.205,-0.08,3,CASH_OUT,13
0.3,-1.687,2,CASH_OUT,12
1.484,-0.185,3,CASH_OUT,9
-2.044,0.965,4,PAYMENT,14
1.892,1.789,0,CASH_IN,11
0.719,1.732,0,CASH_IN,16
-1.851,1.069,4,PAYMENT,2
1.428,-0.082,3,CASH_OUT,15
0.553,-0.02,3,CASH_OUT,8
-0.666,0.263,1,PAYMENT,14
-1.057,0.735,4,CASH_OUT,7
-0.004,-1.629,2,CASH_OUT,17
-0.483,-1.51,2,CASH_OUT,8
-0.952,-1.289,1,PAYMENT,17
-2.974,1.119,4,PAYMENT,8
-0.866,-1.339,1,PAYMENT,2
-1.107,-1.228,1,PAYMENT,12
0.921,-1.877,2,CASH_OUT,17
-3.337,-0.685,1,PAYMENT,6
0.985,-1.927,2,CASH_OUT,16
1.445,1.582,0,CASH_IN,16
1.359,-0.251,3,CASH_OUT,2
1.82,1.238,3,CASH_IN,9
-2.581,0.957,4,PAYMENT,9
-2.468,1.018,4,PAYMENT,16
1.987,-0.281,3,CASH_OUT,13
-2.586,0.975,4,PAYMENT,7
-0.831,0.262,1,PAYMENT,17
0.918,-0.591,3,CASH_OUT,2
0.996,-1.934,2,CASH_OUT,1
-1.277,-1.227,1,PAYMENT,1
2.126,-0.28,3,CASH_OUT,7
0.815,-1.824,2,CASH_OUT,9
1.327,1.944,0,CASH_IN,8
1.276,1.377,0,CASH_IN,2
1.605,-0.702,3,CASH_OUT,6
0.896,-1.951,3,CASH_OUT,1
-0.422,0.136,3,PAYMENT,1
1.658,1.799,0,CASH_IN,14
1.607,1.446,0,CASH_IN,13
1.128,-1.925,2,CASH_OUT,11
-2.719,0.832,4,PAYMENT,7
-2.987,0.934,4,PAYMENT,10
-1.432,0.406,1,PAYMENT,10
0.734,-1.804,2,CASH_OUT,2
-2.082,1.11,4,PAYMENT,15
0.938,-1.883,2,CASH_OUT,9
2.011,1.885,0,CASH_IN,6
1.629,-0.102,3,CASH_OUT,7
1.352,-0.177,3,CASH_OUT,9
1.008,-1.864,2,CASH_OUT,8
-1.147,0.413,1,PAYMENT,13
-1.914,-1.047,1,PAYMENT,17
-1.249,-1.227,1,PAYMENT,10
-3.073,0.884,4,PAYMENT,13
-0.041,-1.626,2,CASH_OUT,1
1.95,1.83,0,CASH_IN,12
0.643,-1.233,3,CASH_OUT,1
-0.142,-0.125,3,CASH_OUT,9
1.937,1.902,0,CASH_IN,1
0.365,1.951,0,CASH_IN,10
1.116,1.749,0,CASH_IN,10
0.633,1.583,0,CASH_IN,10
0.598,-1.794,2,CASH_OUT,9
1.795,0.914,3,CASH_IN,16
-1.442,-1.16,1,PAYMENT,17
-0.233,0.603,4,CASH_OUT,12
-0.246,-2.69,2,CASH_OUT,1
0.311,-0.554,3,CASH_IN,1
1.308,1.905,0,CASH_IN,9
1.847,1.878,0,CASH_IN,8
0.646,-1.8,2,CASH_OUT,8
1.991,1.539,0,CASH_IN,8
-2.199,0.94,4,PAYMENT,11
1.963,0.982,3,CASH_IN,14
0.143,1.564,0,CASH_IN,1
2.33,1.892,0,CASH_IN,1
-2.056,0.881,4,PAYMENT,6
1.65,-0.084,3,CASH_OUT,8
-2.656,0.899,4,PAYMENT,7
1.763,1.741,0,CASH_IN,8
0.55,-1.766,2,CASH_OUT,7
1.506,-0.073,3,CASH_OUT,11
-0.364,0.202,3,CASH_OUT,13
-2.113,1.135,4,PAYMENT,10
-2.46,0.952,4,PAYMENT,14
1.937,1.761,0,CASH_IN,21
1.029,-1.899,2,CASH_OUT,11
-0.913,-2.622,2,CASH_OUT,10
0.317,0.656,4,CASH_OUT,6
1.902,1.406,0,CASH_IN,13
1.012,-1.884,2,CASH_OUT,11
0.813,-0.033,3,CASH_OUT,17
0.22,-3.001,2,CASH_OUT,1
-0.354,0.484,4,CASH_OUT,17
-2.575,0.761,4,PAYMENT,11
0.595,-1.79,2,CASH_OUT,13
0.959,1.616,0,CASH_IN,6
1.374,1.496,3,CASH_IN,14
2.098,1.414,0,CASH_IN,29
0.73,-0.026,3,TRANSFER,9
-1.636,0.895,4,PAYMENT,10
0.516,0.07,3,CASH_OUT,14
0.738,-1.728,2,TRANSFER,28
0.36,-1.705,2,CASH_OUT,13
-1.434,-1.155,1,PAYMENT,6
-1.202,0.38,1,PAYMENT,14
2.035,1.455,0,CASH_IN,12
0.839,1.613,0,CASH_IN,10
-2.627,1.12,4,PAYMENT,21
-0.321,0.498,4,CASH_OUT,1
-3.225,1.316,4,PAYMENT,16
1.7,1.28,0,CASH_IN,13
1.36,1.921,0,CASH_IN,6
0.835,-0.009,3,CASH_OUT,9
0.689,-1.81,2,CASH_OUT,16
-0.313,0.581,4,CASH_OUT,15
-1.308,0.228,1,PAYMENT,12
-2.322,1.022,4,PAYMENT,7
0.0,-1.627,2,CASH_OUT,13
1.056,1.778,0,CASH_IN,6
1.319,-1.947,2,CASH_OUT,11
0.543,-1.776,2,CASH_OUT,11
0.118,-1.67,2,CASH_OUT,16
-1.654,0.538,4,CASH_OUT,8
-1.754,1.008,1,CASH_IN,1
-0.342,-0.201,3,PAYMENT,16
-2.366,-0.921,1,PAYMENT,10
0.104,0.149,3,CASH_OUT,7
1.286,-1.834,2,TRANSFER,9
-0.961,0.798,4,CASH_OUT,10
-0.833,0.228,1,PAYMENT,13
2.587,1.403,3,CASH_IN,1
-2.816,0.932,4,PAYMENT,11
1.083,2.037,0,CASH_IN,13
-1.368,-1.211,1,PAYMENT,7
2.323,1.356,0,CASH_IN,8
0.77,-1.839,2,CASH_OUT,17
-3.276,1.18,4,PAYMENT,16
1.067,0.072,3,CASH_OUT,15
1.631,-0.135,3,CASH_OUT,6
1.001,-1.895,2,CASH_OUT,8
0.321,-2.924,2,CASH_OUT,1
-1.849,0.868,4,PAYMENT,14
-0.926,0.523,4,CASH_OUT,25
-0.732,-0.086,3,PAYMENT,2
1.128,-0.092,3,CASH_OUT,8
1.479,-0.24,3,CASH_OUT,2
0.954,0.02,3,CASH_OUT,12
-3.029,1.231,4,PAYMENT,10
1.277,-0.21,3,CASH_OUT,13
1.431,-0.621,3,CASH_OUT,9
1.344,1.139,0,CASH_IN,6
1.629,-1.346,3,TRANSFER,1
1.785,-0.457,3,CASH_OUT,17
-2.604,0.951,4,PAYMENT,11
1.937,1.891,0,CASH_IN,16
-2.305,0.775,4,PAYMENT,9
0.897,-1.839,2,CASH_OUT,21
0.338,0.089,3,CASH_OUT,11
0.99,-3.031,2,TRANSFER,1
-0.021,-0.686,3,CASH_OUT,9
-1.587,-1.116,1,PAYMENT,12
-1.444,-1.185,1,PAYMENT,1
-2.701,1.092,4,PAYMENT,8
-1.643,-1.12,1,PAYMENT,13
0.409,-1.736,2,CASH_OUT,16
-2.336,1.103,4,PAYMENT,8
-1.665,0.782,4,CASH_OUT,17
0.605,-0.284,3,CASH_OUT,20
-1.455,-1.269,1,CASH_OUT,13
-2.416,1.011,4,PAYMENT,19
-0.931,0.126,3,PAYMENT,13
-1.494,0.423,4,PAYMENT,2
-2.849,1.191,4,PAYMENT,6
-2.406,1.09,4,PAYMENT,13
-0.979,0.273,1,PAYMENT,13
1.111,-0.092,3,CASH_OUT,24
1.979,1.803,0,CASH_IN,12
-1.652,0.469,4,PAYMENT,7
-0.729,0.1,3,PAYMENT,15
1.061,-0.034,3,CASH_OUT,14
-2.867,1.108,4,PAYMENT,15
-1.586,-1.124,1,PAYMENT,8
1.269,1.52,0,CASH_IN,13
-2.897,0.714,4,PAYMENT,9
2.433,1.063,3,CASH_IN,8
2.66,-0.243,3,TRANSFER,15
0.752,-1.708,2,TRANSFER,12
-2.595,1.159,4,PAYMENT,12
1.835,0.99,3,CASH_OUT,1
2.808,1.294,3,CASH_IN,9
1.772,-0.167,3,CASH_OUT,15
-1.522,-1.122,1,PAYMENT,14
1.857,1.8,0,CASH_IN,9
-2.658,0.986,4,PAYMENT,9
-0.546,0.218,3,PAYMENT,10
-2.383,-0.928,1,PAYMENT,6
1.056,-1.893,2,CASH_OUT,1
-2.54,0.875,4,PAYMENT,9
-1.663,-1.118,1,PAYMENT,12
1.779,-0.153,3,CASH_OUT,2
-0.163,0.562,4,CASH_OUT,10
-2.511,0.986,4,PAYMENT,7
-1.425,-1.19,1,PAYMENT,17
-1.501,-1.156,1,PAYMENT,16
1.607,1.538,3,CASH_IN,14
0.414,1.668,0,CASH_OUT,1
-1.676,-1.094,1,PAYMENT,14
-2.205,-0.98,1,PAYMENT,16
-0.049,-0.271,3,CASH_OUT,2
1.157,1.667,0,CASH_IN,7
-2.22,1.083,4,PAYMENT,8
-1.405,-1.202,1,PAYMENT,9
0.029,-1.651,2,CASH_OUT,16
-0.109,-1.591,2,CASH_OUT,11
-1.411,-1.186,1,PAYMENT,17
-1.012,-1.252,1,PAYMENT,16
0.182,0.105,3,CASH_OUT,12
0.808,-1.805,2,CASH_OUT,8
0.955,1.638,0,CASH_IN,7
1.382,1.933,0,CASH_IN,17
0.662,-1.808,2,CASH_OUT,8
1.068,-1.879,2,CASH_OUT,12
0.782,1.819,0,CASH_IN,1
-2.583,0.804,4,PAYMENT,10
-2.841,0.836,4,PAYMENT,16
1.311,-1.969,2,CASH_OUT,1
-2.589,0.937,4,PAYMENT,16
0.823,-1.722,2,TRANSFER,7
-2.557,1.07,4,PAYMENT,7
0.423,-1.713,2,CASH_OUT,11
-2.574,1.293,4,PAYMENT,4
-2.345,1.144,4,PAYMENT,11
-1.873,0.736,4,CASH_OUT,16
1.616,1.716,0,CASH_IN,13
-0.202,1.699,4,CASH_OUT,16
1.164,0.097,3,TRANSFER,12
-2.417,0.778,4,PAYMENT,8
-1.522,0.565,4,PAYMENT,1
1.065,-1.882,2,CASH_OUT,14
0.992,0.039,3,TRANSFER,8
-1.59,0.311,1,PAYMENT,11
0.708,-1.81,2,CASH_OUT,16
0.808,-0.683,2,CASH_OUT,1
0.627,1.472,0,CASH_IN,2
-2.384,1.213,4,PAYMENT,8
1.757,1.955,0,CASH_IN,6
-0.246,0.516,4,CASH_OUT,8
-1.987,-1.043,1,PAYMENT,2
1.166,-0.561,3,CASH_OUT,8
-1.755,-0.815,4,CASH_OUT,1
1.404,1.857,0,CASH_IN,12
1.625,1.88,0,CASH_IN,9
0.07,-1.646,2,CASH_OUT,11
-2.882,1.157,4,PAYMENT,14
2.167,-0.151,3,TRANSFER,11
0.623,-1.105,3,CASH_OUT,1
0.744,-1.808,2,CASH_OUT,6
0.968,1.891,0,CASH_IN,21
2.578,1.939,0,CASH_IN,1
1.274,1.911,0,CASH_IN,8
1.506,1.214,0,CASH_IN,12
1.693,-0.103,3,CASH_OUT,16
1.182,-0.926,2,CASH_OUT,1
0.678,2.1,0,CASH_IN,12
1.511,-1.097,3,TRANSFER,10
0.872,1.927,0,CASH_IN,12
0.473,-1.756,2,CASH_OUT,1
1.185,-1.836,2,TRANSFER,2
0.806,-1.33,3,CASH_OUT,7
-1.267,0.613,4,PAYMENT,14
-0.398,-1.195,3,CASH_OUT,1
-2.241,-0.943,1,PAYMENT,17
-1.523,-1.161,1,PAYMENT,11
-1.92,1.129,4,PAYMENT,6
2.442,1.793,0,CASH_IN,14
1.52,-0.135,3,CASH_OUT,15
0.831,-1.824,2,CASH_OUT,11
-2.441,0.747,4,PAYMENT,13
-2.479,0.78,4,PAYMENT,1
-2.27,0.822,4,PAYMENT,13
-2.434,1.233,4,PAYMENT,10
-2.605,0.355,4,PAYMENT,12
1.352,-1.84,2,TRANSFER,2
1.394,-0.166,3,CASH_OUT,11
0.488,-2.938,2,CASH_OUT,7
0.945,-1.776,2,TRANSFER,2
0.082,0.047,3,CASH_IN,2
0.525,-1.81,2,CASH_OUT,15
2.043,1.328,0,CASH_IN,15
-2.646,1.059,4,PAYMENT,9
1.546,1.716,0,CASH_IN,2
-2.945,1.327,4,PAYMENT,14
-0.424,0.673,4,CASH_OUT,8
-1.847,-1.144,1,CASH_OUT,8
-2.249,0.937,4,PAYMENT,12
0.814,-1.699,2,TRANSFER,15
0.54,-1.779,2,CASH_OUT,6
0.463,1.399,0,CASH_IN,15
1.885,1.947,0,CASH_IN,9
-1.105,0.107,1,PAYMENT,9
0.551,-1.778,2,CASH_OUT,13
-1.681,0.61,4,CASH_OUT,10
0.157,-1.66,2,CASH_OUT,13
0.646,-1.792,2,CASH_OUT,10
0.811,-1.857,2,CASH_OUT,10
1.828,-0.32,3,CASH_OUT,2
2.713,0.829,3,CASH_IN,2
0.695,-1.823,2,CASH_OUT,10
1.282,-0.595,3,CASH_OUT,16
1.273,1.87,0,CASH_IN,15
1.957,1.721,0,CASH_IN,13
-1.461,-1.152,1,PAYMENT,7
1.329,0.012,3,CASH_OUT,14
1.923,1.516,0,CASH_IN,15
-1.089,-1.275,1,PAYMENT,6
2.05,1.845,0,CASH_IN,17
0.81,-1.824,2,CASH_OUT,13
-2.623,0.898,4,PAYMENT,1
2.493,1.828,0,CASH_IN,15
0.486,-2.43,2,TRANSFER,8
1.69,1.376,3,CASH_IN,8
2.812,1.457,0,CASH_IN,1
0.478,-2.781,2,TRANSFER,1
1.877,-0.271,3,CASH_OUT,6
-1.922,-1.049,1,PAYMENT,17
-2.511,-0.895,1,PAYMENT,2
-1.394,-1.201,1,PAYMENT,17
0.911,-0.026,3,CASH_OUT,16
-0.389,0.585,4,CASH_OUT,6
1.053,1.888,0,CASH_IN,14
-0.103,-1.613,2,CASH_OUT,11
2.045,1.639,0,CASH_IN,6
1.02,-1.756,2,TRANSFER,8
-2.204,0.66,4,PAYMENT,17
0.047,-1.208,2,CASH_OUT,12
-2.331,1.091,4,PAYMENT,1
1.341,1.946,0,CASH_IN,9
1.327,-0.085,3,CASH_OUT,10
-1.239,0.373,4,CASH_OUT,2
-1.383,0.025,1,DEBIT,16
-1.019,-1.3,1,PAYMENT,6
0.594,1.734,0,CASH_IN,15
-2.207,1.072,4,PAYMENT,16
0.337,-0.024,3,CASH_OUT,20
2.652,0.753,3,CASH_IN,9
-2.265,-0.976,1,PAYMENT,7
1.48,1.922,0,CASH_IN,6
1.166,-0.019,3,CASH_OUT,6
1.703,1.339,0,CASH_IN,16
2.65,1.341,3,CASH_IN,15
1.112,0.066,3,CASH_OUT,6
1.625,1.911,0,CASH_IN,6
1.22,-0.71,2,CASH_OUT,1
-2.942,1.064,4,PAYMENT,14
1.74,-0.722,3,CASH_OUT,9
1.351,-0.084,3,CASH_OUT,6
1.219,-0.835,2,CASH_OUT,1
-0.622,0.862,4,CASH_OUT,29
0.924,-1.86,2,CASH_OUT,2
-2.721,1.026,4,PAYMENT,9
1.955,-0.337,3,CASH_OUT,21
0.386,-2.913,2,CASH_OUT,7
0.739,-0.145,3,CASH_OUT,11
0.478,-1.745,2,CASH_OUT,11
-3.001,0.908,4,PAYMENT,15
-1.751,-1.075,1,PAYMENT,16
1.137,-1.894,2,CASH_OUT,16
1.53,-0.147,3,CASH_OUT,15
-2.428,1.021,4,PAYMENT,8
-0.03,-1.264,3,CASH_OUT,10
0.671,2.164,0,CASH_IN,7
-2.107,-1.016,1,PAYMENT,10
0.923,0.355,3,CASH_OUT,1
0.808,-1.715,2,TRANSFER,12
2.5,-0.164,3,TRANSFER,7
2.164,0.701,3,CASH_IN,15
-1.529,-1.163,1,PAYMENT,12
0.859,-1.827,2,CASH_OUT,11
-1.032,-1.272,1,PAYMENT,16
1.941,1.303,3,CASH_IN,17
0.607,-1.789,2,CASH_OUT,14
1.971,0.443,3,TRANSFER,14
-1.557,-1.138,1,PAYMENT,14
-1.769,-1.109,1,PAYMENT,16
1.756,1.25,3,CASH_IN,25
1.715,1.876,0,CASH_IN,15
1.595,-1.897,2,TRANSFER,8
1.476,0.716,3,CASH_OUT,2
-2.096,0.948,4,PAYMENT,6
0.62,-1.787,2,CASH_OUT,12
1.963,1.864,0,CASH_IN,6
-1.404,-1.198,1,PAYMENT,13
-1.143,-1.247,1,PAYMENT,14
-1.053,-1.245,1,PAYMENT,4
1.304,1.581,0,CASH_IN,10
1.816,-0.183,3,CASH_OUT,2
-1.822,-1.081,1,PAYMENT,14
2.21,0.0,3,TRANSFER,14
-1.412,0.239,1,PAYMENT,9
-2.309,0.927,4,PAYMENT,7
-0.01,1.695,0,CASH_IN,15
0.149,-1.649,2,CASH_OUT,11
1.554,-0.051,3,CASH_OUT,2
-1.489,-1.166,1,PAYMENT,8
1.454,-0.127,3,CASH_OUT,8
-2.244,-0.952,1,PAYMENT,16
2.434,1.237,3,CASH_IN,8
2.068,1.491,0,CASH_IN,8
-1.522,-1.129,1,PAYMENT,17
-0.205,0.11,3,CASH_OUT,12
2.294,-0.035,3,TRANSFER,7
1.196,-1.927,2,CASH_OUT,7
1.636,-0.198,3,CASH_OUT,11
1.908,1.954,0,CASH_IN,12
-0.123,1.895,0,CASH_IN,17
1.602,1.914,0,CASH_IN,14
1.715,1.418,0,CASH_IN,7
-0.933,-1.326,1,PAYMENT,1
0.878,-1.833,2,CASH_OUT,2
2.167,1.519,0,CASH_IN,8
-2.002,1.082,4,PAYMENT,15
-2.196,0.913,4,PAYMENT,2
1.024,-1.781,2,TRANSFER,12
-1.565,0.849,4,CASH_OUT,11
0.823,-1.841,2,CASH_OUT,17
0.928,0.076,3,CASH_OUT,8
0.438,-1.725,2,CASH_OUT,16
1.368,-1.864,2,TRANSFER,11
0.822,-0.008,3,CASH_OUT,10
1.353,1.939,0,CASH_IN,16
0.492,-1.728,2,CASH_OUT,12
1.616,-0.559,3,CASH_OUT,15
1.561,1.823,0,CASH_IN,8
-2.344,1.021,4,PAYMENT,12
1.727,1.778,0,CASH_IN,14
-2.223,0.75,4,PAYMENT,9
0.578,-1.785,2,CASH_OUT,15
1.855,1.67,0,CASH_IN,17
0.273,0.094,3,CASH_OUT,11
-1.105,0.328,1,PAYMENT,29
-1.326,0.854,4,CASH_OUT,11
-3.681,1.194,4,PAYMENT,20
1.871,-0.101,3,CASH_OUT,10
-2.384,-0.949,1,PAYMENT,9
-2.136,0.885,4,PAYMENT,2
0.873,-0.333,3,CASH_IN,1
1.695,-0.428,3,CASH_OUT,13
-2.159,0.82,4,PAYMENT,16
-0.463,0.742,4,TRANSFER,15
0.854,-1.559,3,CASH_OUT,1
1.135,-0.223,3,CASH_OUT,9
-1.891,-1.067,1,PAYMENT,8
-1.477,-1.152,1,PAYMENT,12
1.602,-0.131,3,CASH_OUT,7
0.627,0.227,3,CASH_OUT,11
-3.102,-0.737,1,PAYMENT,12
1.342,-1.849,2,TRANSFER,6
-2.862,0.826,4,PAYMENT,6
-2.293,1.086,4,PAYMENT,10
0.734,-0.119,3,CASH_OUT,8
1.575,1.919,0,CASH_IN,6
1.176,-1.937,2,CASH_OUT,13
-0.191,1.487,0,CASH_IN,17
-2.281,0.787,4,PAYMENT,14
0.645,0.066,3,CASH_OUT,9
-1.344,0.79,4,CASH_OUT,14
0.569,-1.791,2,CASH_OUT,11
-2.077,1.078,4,PAYMENT,11
-2.043,1.015,4,PAYMENT,8
0.643,-1.676,2,TRANSFER,9
0.982,0.259,3,TRANSFER,29
-1.494,0.23,1,PAYMENT,12
1.012,-1.872,2,CASH_OUT,22
0.662,0.28,3,TRANSFER,2
-0.533,-0.062,3,TRANSFER,12
1.189,1.87,0,CASH_IN,8
-1.244,-1.218,1,PAYMENT,6
-2.11,-0.987,1,PAYMENT,2
1.665,-0.175,3,CASH_OUT,2
2.047,1.527,0,CASH_IN,2
-1.584,-1.138,1,PAYMENT,1
-2.572,1.148,4,PAYMENT,16
-2.28,0.801,4,PAYMENT,7
1.74,1.793,0,CASH_IN,9
1.118,2.061,0,CASH_IN,6
-0.734,0.027,3,PAYMENT,12
-2.307,0.959,4,PAYMENT,1
0.983,-0.052,3,CASH_OUT,29
-2.471,-0.909,1,PAYMENT,7
-2.456,0.981,4,PAYMENT,2
-3.449,0.81,4,PAYMENT,10
-2.473,0.955,4,PAYMENT,8
1.118,-1.913,2,CASH_OUT,11
0.529,0.055,3,CASH_OUT,22
-2.411,1.131,4,PAYMENT,8
-1.313,0.364,1,PAYMENT,15
1.836,1.971,0,CASH_IN,13
-1.794,-1.102,1,PAYMENT,2
1.532,-0.113,3,CASH_OUT,10
1.319,1.689,0,CASH_IN,17
-2.705,-0.863,1,PAYMENT,10
0.911,-1.871,2,CASH_OUT,8
0.632,-1.776,2,CASH_OUT,7
-1.742,-1.084,1,PAYMENT,2
1.491,1.831,0,CASH_IN,11
1.075,1.87,0,CASH_IN,25
1.532,-0.249,3,CASH_OUT,11
0.591,2.036,0,CASH_IN,1
-1.389,0.731,4,DEBIT,1
-1.387,-1.21,1,PAYMENT,1
0.143,-1.677,2,CASH_OUT,7
1.119,0.248,3,TRANSFER,29
1.839,1.868,0,CASH_IN,15
2.803,1.273,3,CASH_IN,10
0.439,-1.73,2,CASH_OUT,6
-0.222,-1.57,2,CASH_OUT,15
-2.406,0.932,4,PAYMENT,11
0.814,-1.824,2,CASH_OUT,17
-2.299,1.043,4,PAYMENT,9
-0.102,0.54,4,CASH_OUT,6
1.642,1.363,3,CASH_IN,1
1.115,1.679,0,CASH_IN,14
-1.712,-1.085,1,PAYMENT,12
-0.307,-1.537,2,CASH_OUT,6
-0.488,0.192,3,PAYMENT,15
-0.684,0.257,1,PAYMENT,16
1.946,0.982,3,CASH_IN,2
-2.592,1.026,4,PAYMENT,11
1.688,1.67,0,CASH_IN,2
-2.043,0.241,1,PAYMENT,6
-1.26,0.863,4,CASH_OUT,15
1.416,2.074,0,CASH_IN,7
1.657,-0.187,3,CASH_OUT,10
0.963,1.902,0,CASH_IN,7
0.393,-0.147,3,CASH_OUT,17
2.17,1.75,0,CASH_IN,8
-2.748,1.288,4,PAYMENT,6
-1.272,0.601,4,DEBIT,1
-2.155,0.944,4,PAYMENT,16
0.607,-2.899,2,TRANSFER,1
1.629,1.73,0,CASH_IN,8
-0.348,-1.52,2,CASH_OUT,16
-0.102,0.323,3,CASH_OUT,1
-0.771,0.671,4,CASH_OUT,7
-2.649,-0.863,1,PAYMENT,8
-2.153,0.819,4,PAYMENT,10
0.915,-1.846,2,CASH_OUT,15
1.212,2.05,0,CASH_IN,15
-1.286,-1.225,1,PAYMENT,13
2.172,1.208,3,CASH_IN,8
-2.581,1.279,4,PAYMENT,2
-3.271,1.256,4,PAYMENT,6
0.623,-1.796,2,CASH_OUT,12
-1.027,-1.287,1,PAYMENT,11
0.457,-1.762,2,CASH_OUT,1
1.782,1.304,0,CASH_IN,14
-0.899,-0.531,4,CASH_OUT,1
-1.901,0.328,1,PAYMENT,12
2.566,1.104,3,CASH_IN,10
-0.923,-1.321,1,PAYMENT,16
-1.365,0.838,4,CASH_OUT,14
-0.707,0.495,4,CASH_OUT,12
0.181,0.031,3,CASH_OUT,17
-2.339,1.164,4,PAYMENT,6
-2.546,1.119,4,PAYMENT,13
0.86,-1.274,3,CASH_OUT,1
0.285,-2.873,2,CASH_OUT,1
1.169,-0.123,3,CASH_OUT,13
-0.71,1.47,0,CASH_IN,10
0.623,-1.786,2,CASH_OUT,16
1.085,1.858,0,CASH_IN,13
2.693,-0.023,3,TRANSFER,11
1.805,-0.227,3,CASH_OUT,2
-1.492,-1.155,1,PAYMENT,29
0.47,0.146,3,CASH_OUT,6
-2.206,-0.962,1,PAYMENT,1
0.078,-1.641,2,CASH_OUT,9
-1.324,-1.212,1,PAYMENT,9
-1.909,-1.049,1,PAYMENT,27
1.178,-1.807,2,TRANSFER,11
0.508,-1.301,3,CASH_OUT,1
-1.854,0.905,4,PAYMENT,11
-3.034,-0.758,1,PAYMENT,1
1.202,1.522,0,CASH_IN,6
-1.284,-1.218,1,PAYMENT,17
0.927,1.672,0,CASH_IN,7
-0.811,0.364,1,PAYMENT,8
0.891,-1.852,2,CASH_OUT,17
-0.779,0.238,4,CASH_OUT,17
-2.592,0.893,4,PAYMENT,23
2.122,1.758,0,CASH_IN,24
-2.221,0.801,4,PAYMENT,12
1.351,-0.109,3,TRANSFER,10
1.615,0.189,3,TRANSFER,10
-1.019,0.237,1,PAYMENT,1
-2.434,0.959,4,PAYMENT,14
0.151,0.134,3,CASH_OUT,23
-1.795,0.332,1,PAYMENT,6
0.516,-1.739,2,CASH_OUT,1
2.041,-0.156,3,TRANSFER,24
1.334,-0.087,3,CASH_OUT,11
0.159,1.97,0,CASH_IN,6
-2.265,0.986,4,PAYMENT,17
0.59,-1.766,2,CASH_OUT,11
-2.026,1.052,4,PAYMENT,10
2.579,1.215,3,CASH_IN,14
-1.424,0.706,4,TRANSFER,10
-0.143,-1.583,2,CASH_OUT,14
1.838,-1.996,2,TRANSFER,11
2.063,1.674,0,CASH_IN,14
-1.37,-1.211,1,PAYMENT,7
2.123,1.85,0,CASH_IN,11
1.24,-0.091,3,CASH_OUT,8
1.565,-0.062,3,CASH_OUT,8
0.167,0.063,3,CASH_OUT,2
0.6,-1.775,2,CASH_OUT,9
-2.06,-0.999,1,PAYMENT,11
-1.36,0.282,1,PAYMENT,17
0.654,-1.692,2,TRANSFER,14
1.469,-1.855,2,TRANSFER,14
0.212,0.251,3,CASH_OUT,12
0.506,0.117,3,CASH_OUT,8
-2.196,0.933,4,PAYMENT,2
-0.006,1.445,0,CASH_IN,15
2.069,1.665,0,CASH_IN,1
1.417,2.094,0,CASH_IN,7
1.108,-1.931,2,CASH_OUT,7
-2.558,0.825,4,PAYMENT,13
-2.398,1.131,4,PAYMENT,9
-2.336,1.23,4,PAYMENT,1
1.444,-0.104,3,CASH_OUT,25
1.814,1.169,0,CASH_IN,2
1.903,2.034,0,CASH_IN,16
1.529,-0.083,3,CASH_OUT,11
-1.219,0.581,4,CASH_OUT,13
-1.662,-1.119,1,PAYMENT,16
0.042,-2.841,2,CASH_OUT,14
-1.624,0.822,4,DEBIT,14
1.717,1.755,0,CASH_IN,12
-1.15,-0.457,4,CASH_OUT,1
1.031,1.618,0,CASH_IN,17
-2.321,1.017,4,PAYMENT,13
1.816,1.441,3,CASH_IN,16
-1.833,-1.057,1,PAYMENT,8
1.338,-1.971,2,CASH_OUT,12
1.53,-0.973,2,CASH_OUT,2
1.023,-0.484,3,TRANSFER,1
1.555,1.4,0,CASH_IN,6
-1.133,1.377,1,CASH_IN,12
0.868,-1.835,2,CASH_OUT,17
2.091,1.532,0,CASH_IN,9
-1.651,-1.111,1,PAYMENT,10
1.769,0.569,3,TRANSFER,1
1.369,-0.077,3,CASH_OUT,13
1.071,-1.913,2,CASH_OUT,16
1.191,0.989,3,CASH_OUT,10
-0.784,0.275,1,PAYMENT,2
-2.791,1.194,4,PAYMENT,2
0.521,-1.774,2,CASH_OUT,15
1.98,1.557,0,CASH_IN,8
0.821,-0.175,3,CASH_OUT,10
1.373,-0.119,3,CASH_OUT,14
-1.201,-1.236,1,PAYMENT,10
-2.075,0.932,4,PAYMENT,16
0.521,1.75,0,CASH_IN,13
1.0,-3.395,2,TRANSFER,1
-1.806,0.527,4,PAYMENT,2
-1.719,-1.09,1,PAYMENT,11
1.172,-1.899,2,CASH_OUT,15
0.671,-1.781,2,CASH_OUT,16
-0.567,-2.798,2,CASH_OUT,1
-1.137,-1.245,1,PAYMENT,9
0.358,1.54,0,CASH_IN,2
-2.576,1.022,4,PAYMENT,2
-1.487,-1.156,1,PAYMENT,17
2.507,0.79,3,CASH_IN,14
0.441,-1.755,2,CASH_OUT,12
-1.29,-1.22,1,PAYMENT,9
-1.59,-1.148,1,PAYMENT,6
-2.36,0.849,4,PAYMENT,2
0.04,1.837,0,CASH_IN,7
0.029,-2.803,2,CASH_OUT,2
-1.363,-1.205,1,PAYMENT,8
1.886,1.96,0,CASH_IN,9
1.805,1.924,0,CASH_IN,8
-0.888,0.383,4,CASH_OUT,12
1.664,1.834,0,CASH_IN,16
-1.311,-1.183,1,PAYMENT,7
0.464,-1.757,2,CASH_OUT,12
1.61,1.734,0,CASH_IN,29
0.657,0.107,3,CASH_OUT,6
-1.166,-1.252,1,PAYMENT,8
-1.658,-1.102,1,PAYMENT,11
1.702,0.057,3,TRANSFER,17
1.207,0.509,3,CASH_OUT,12
1.464,0.021,3,CASH_OUT,17
-2.299,0.996,4,PAYMENT,14
0.163,-0.472,3,CASH_OUT,12
-0.365,0.627,4,CASH_OUT,25
-2.531,1.043,4,PAYMENT,8
-1.778,-1.064,1,PAYMENT,15
1.21,-1.949,2,CASH_OUT,10
-2.365,1.081,4,PAYMENT,13
-0.349,-0.115,3,PAYMENT,13
2.013,1.833,0,CASH_IN,1
-2.304,0.972,4,PAYMENT,25
1.624,1.988,0,CASH_IN,11
1.168,-1.937,2,CASH_OUT,10
-3.154,1.285,4,PAYMENT,1
1.528,1.928,0,CASH_IN,6
-2.43,0.895,4,PAYMENT,8
0.444,-1.731,2,CASH_OUT,18
-0.564,0.31,1,PAYMENT,17
1.3,-1.969,2,CASH_OUT,17
-2.441,-0.938,1,PAYMENT,11
-1.393,0.77,4,CASH_OUT,17
2.299,0.879,3,CASH_OUT,16
0.338,-2.919,2,CASH_OUT,17
-0.759,0.529,4,CASH_OUT,1
-0.661,-1.473,2,CASH_OUT,12
2.434,-2.126,2,TRANSFER,14
0.51,0.139,3,CASH_OUT,8
0.181,-1.659,2,CASH_OUT,10
-2.396,1.063,4,PAYMENT,16
1.485,1.736,0,CASH_IN,15
-2.356,-0.917,1,PAYMENT,17
2.04,1.775,0,CASH_IN,14
2.073,-0.282,3,CASH_OUT,11
-2.402,0.906,4,PAYMENT,8
-1.541,-1.16,1,PAYMENT,17
-0.646,0.204,3,PAYMENT,1
-2.348,1.023,4,PAYMENT,13
2.263,1.292,3,CASH_IN,13
-1.029,0.217,3,PAYMENT,7
-1.772,0.412,1,PAYMENT,10
1.702,1.807,0,CASH_IN,12
0.25,-1.574,2,TRANSFER,9
-1.899,-1.069,1,PAYMENT,12
-0.702,0.541,4,CASH_OUT,1
-2.331,-0.93,1,PAYMENT,8
1.746,-0.479,3,CASH_OUT,17
-1.436,-1.176,1,PAYMENT,6
0.542,-1.754,2,CASH_OUT,8
1.417,1.564,0,CASH_IN,15
0.77,-1.82,2,CASH_OUT,9
-0.525,-0.564,3,PAYMENT,2
0.743,-1.798,2,CASH_OUT,10
-3.766,0.985,4,PAYMENT,16
-2.24,0.943,4,PAYMENT,17
2.515,1.206,3,CASH_IN,21
0.805,-0.919,3,CASH_IN,1
1.882,1.55,0,CASH_IN,10
0.751,-1.802,2,CASH_OUT,2
-2.306,0.815,4,PAYMENT,15
0.124,-1.643,2,CASH_OUT,2
-0.658,0.029,4,CASH_OUT,4
0.998,-1.894,2,CASH_OUT,6
0.826,-1.838,2,CASH_OUT,14
0.463,-1.767,2,CASH_OUT,13
1.139,-0.693,2,CASH_OUT,2
1.998,1.849,0,CASH_IN,16
-1.843,0.837,4,PAYMENT,15
0.823,-0.116,3,CASH_OUT,10
1.617,1.912,0,CASH_IN,11
1.357,1.908,0,CASH_IN,11
1.104,-1.887,2,CASH_OUT,14
1.343,-0.128,3,CASH_OUT,10
-1.605,-1.144,1,PAYMENT,10
0.219,-1.671,2,CASH_OUT,16
-1.464,-1.183,1,PAYMENT,14
1.357,-1.847,2,TRANSFER,20
-1.548,0.202,1,PAYMENT,9
-1.971,0.926,4,CASH_OUT,11
2.268,1.421,0,CASH_IN,6
-2.219,0.999,4,PAYMENT,24
0.087,-2.538,2,CASH_IN,1
2.198,1.874,0,CASH_IN,11
1.552,1.324,0,CASH_IN,16
1.387,-1.872,2,TRANSFER,16
0.985,-0.11,3,CASH_OUT,16
-1.869,-1.073,1,PAYMENT,10
1.3,-0.096,3,CASH_OUT,17
-0.457,-1.517,2,CASH_OUT,2
1.779,-0.035,3,TRANSFER,10
1.057,-1.873,2,CASH_OUT,7
1.374,-1.87,2,TRANSFER,2
2.34,1.313,0,CASH_IN,11
-2.425,1.174,4,PAYMENT,12
-1.622,0.689,4,CASH_OUT,17
0.625,-1.66,2,TRANSFER,1
-1.973,0.914,4,PAYMENT,17
1.96,1.398,3,CASH_IN,16
-2.366,1.006,4,PAYMENT,7
-2.427,0.835,4,PAYMENT,8
-0.208,0.087,3,CASH_OUT,12
1.055,-1.787,2,TRANSFER,7
-0.72,0.32,1,PAYMENT,13
2.481,1.218,3,CASH_IN,6
0.877,-1.833,2,CASH_OUT,17
1.849,1.388,3,CASH_IN,29
-1.38,-1.205,1,PAYMENT,17
3.471,-0.067,3,TRANSFER,16
0.612,1.608,0,CASH_IN,17
1.115,1.417,0,CASH_IN,14
-0.853,0.239,3,PAYMENT,2
0.123,1.681,0,CASH_IN,15
0.777,-1.877,2,CASH_OUT,12
1.759,1.924,0,CASH_IN,2
0.306,1.677,0,CASH_OUT,6
-2.354,-0.946,1,PAYMENT,12
1.198,-0.065,3,CASH_OUT,17
0.432,-0.958,3,CASH_OUT,1
-2.41,0.828,4,PAYMENT,1
-2.151,1.256,4,PAYMENT,17
-2.107,-0.146,4,DEBIT,2
1.839,1.844,0,CASH_IN,7
-1.401,-1.164,1,PAYMENT,14
0.47,0.312,3,TRANSFER,9
0.056,-1.654,2,CASH_OUT,1
0.459,-0.47,3,CASH_OUT,14
0.057,0.083,3,CASH_OUT,17
-2.749,-0.824,1,PAYMENT,6
0.61,2.075,0,CASH_IN,17
1.08,-1.891,2,CASH_OUT,8
0.953,-0.065,3,CASH_OUT,6
-2.311,-0.95,1,PAYMENT,24
1.108,1.972,0,CASH_IN,15
0.554,-1.753,2,CASH_OUT,17
1.592,2.065,0,CASH_IN,1
-1.114,-1.272,1,PAYMENT,1
-1.179,0.719,4,CASH_OUT,10
1.876,1.876,0,CASH_IN,6
1.21,-0.072,3,CASH_OUT,14
-2.154,0.795,4,PAYMENT,15
3.048,-0.009,3,TRANSFER,20
-2.819,0.999,4,PAYMENT,20
-0.785,0.217,3,PAYMENT,11
-2.428,1.275,4,PAYMENT,12
-2.241,0.772,4,PAYMENT,1
-2.239,0.926,4,PAYMENT,13
1.957,-0.135,3,CASH_OUT,10
1.032,-0.492,3,CASH_OUT,12
1.446,-0.204,3,CASH_OUT,1
0.653,-1.793,2,CASH_OUT,17
1.039,-1.77,2,TRANSFER,14
-2.041,1.037,4,PAYMENT,10
2.158,-0.25,3,CASH_OUT,14
0.169,-1.69,2,CASH_OUT,7
-1.063,-1.253,1,PAYMENT,9
-2.341,0.822,4,PAYMENT,12
2.232,1.442,0,CASH_IN,17
-1.918,-1.05,1,PAYMENT,16
-2.406,0.93,4,PAYMENT,8
0.782,-1.696,2,TRANSFER,8
0.984,-0.071,3,CASH_OUT,8
-0.935,-1.283,1,PAYMENT,13
1.09,1.853,0,CASH_IN,9
2.031,1.893,0,CASH_IN,13
-1.107,0.096,1,PAYMENT,9
-2.166,1.113,4,PAYMENT,13
-2.618,0.976,4,PAYMENT,9
2.047,-0.102,3,TRANSFER,11
-0.273,1.978,4,TRANSFER,10
0.041,-0.512,3,CASH_IN,1
0.943,-0.073,3,CASH_OUT,12
1.642,1.926,0,CASH_IN,11
1.738,0.729,3,CASH_IN,14
-1.284,-1.201,1,PAYMENT,9
1.553,1.8,0,CASH_IN,15
1.87,1.747,0,CASH_IN,10
0.84,0.138,3,CASH_OUT,6
-2.084,-0.993,1,PAYMENT,15
2.08,-0.305,3,CASH_OUT,7
-2.378,1.038,4,PAYMENT,15
1.23,-1.946,2,CASH_OUT,12
0.476,-1.74,2,CASH_OUT,13
-2.475,1.081,4,PAYMENT,11
2.182,1.79,0,CASH_IN,21
-1.669,-1.134,1,PAYMENT,1
-0.695,0.212,3,PAYMENT,12
1.735,1.384,0,CASH_IN,11
2.122,1.857,0,CASH_IN,1
-0.283,-0.946,2,CASH_OUT,6
-2.452,1.062,4,PAYMENT,1
2.121,1.716,0,CASH_IN,13
-2.767,1.208,4,PAYMENT,8
2.194,1.701,0,CASH_IN,9
-2.999,0.79,4,PAYMENT,2
-0.829,0.261,1,PAYMENT,2
1.758,1.34,0,CASH_IN,13
-2.293,0.878,4,PAYMENT,15
-1.481,-1.168,1,PAYMENT,28
1.416,1.686,0,CASH_IN,9
0.952,-0.101,3,CASH_OUT,17
-0.823,1.165,1,CASH_IN,7
1.296,-1.946,2,CASH_OUT,7
0.75,-1.793,2,CASH_OUT,15
1.294,1.211,0,CASH_IN,15
1.616,1.897,0,CASH_IN,10
0.894,-0.021,3,CASH_OUT,17
0.844,1.84,0,CASH_IN,9
2.226,1.855,0,CASH_IN,13
-2.43,0.896,4,PAYMENT,14
-2.436,1.045,4,PAYMENT,2
-1.981,-1.03,1,PAYMENT,1
1.041,-1.929,2,CASH_OUT,1
1.492,-0.221,3,CASH_OUT,9
-1.043,0.245,1,PAYMENT,17
-1.098,0.225,1,PAYMENT,1
0.882,-1.824,2,CASH_OUT,1
-2.518,0.993,4,PAYMENT,15
0.963,1.717,0,CASH_IN,22
-2.431,0.754,4,PAYMENT,14
-0.893,0.431,4,CASH_OUT,2
-1.262,-1.22,1,PAYMENT,6
-1.037,-1.274,1,PAYMENT,14
0.762,-1.834,2,CASH_OUT,8
0.319,0.088,3,CASH_OUT,17
1.762,1.123,3,CASH_IN,14
-1.333,-1.213,1,PAYMENT,10
0.21,-1.561,2,TRANSFER,11
2.512,1.413,0,CASH_IN,17
-0.22,0.51,4,CASH_OUT,15
0.215,-1.674,2,CASH_OUT,1
-1.1,0.472,4,PAYMENT,16
-2.193,0.861,4,PAYMENT,15
-2.683,1.221,4,PAYMENT,8
1.603,-0.234,3,CASH_OUT,6
-0.236,0.576,4,CASH_OUT,8
2.045,-0.162,3,TRANSFER,2
-0.936,-1.321,1,PAYMENT,17
2.056,1.781,0,CASH_IN,6
1.091,-1.901,2,CASH_OUT,17
0.106,-1.672,2,CASH_OUT,7
1.937,0.69,3,CASH_IN,23
-1.507,-1.144,1,PAYMENT,13
1.406,-1.863,2,TRANSFER,9
-0.679,0.101,3,PAYMENT,12
-2.687,1.022,4,PAYMENT,8
0.717,-1.807,2,CASH_OUT,12
1.222,-1.808,2,TRANSFER,14
0.577,-1.77,2,CASH_OUT,13
-1.748,-1.107,1,PAYMENT,1
-3.289,1.171,4,PAYMENT,11
0.682,-1.789,2,CASH_OUT,17
0.662,-1.776,2,CASH_OUT,10
-2.789,0.884,4,PAYMENT,11
0.308,0.115,3,CASH_OUT,9
0.891,1.637,0,CASH_IN,13
1.565,-2.025,2,CASH_OUT,17
0.441,-0.074,3,CASH_OUT,15
1.887,1.809,0,CASH_IN,10
2.344,1.71,0,CASH_IN,12
0.749,0.245,3,TRANSFER,16
-2.013,0.695,4,CASH_OUT,7
1.17,-1.901,2,CASH_OUT,14
2.573,-2.165,2,TRANSFER,14
-2.492,0.923,4,PAYMENT,15
0.934,1.17,0,CASH_OUT,1
-2.348,0.726,4,PAYMENT,2
1.289,-1.959,2,CASH_OUT,13
1.198,-1.935,2,CASH_OUT,2
-1.545,-1.127,1,PAYMENT,13
0.303,-0.383,3,CASH_OUT,5
-2.488,0.689,4,PAYMENT,16
-0.813,0.185,4,CASH_OUT,12
-1.749,-1.086,1,PAYMENT,17
-1.407,-1.169,1,PAYMENT,16
-2.342,1.241,4,PAYMENT,21
2.497,1.404,3,CASH_IN,15
-1.484,0.416,4,PAYMENT,7
0.788,-1.722,2,TRANSFER,16
0.102,0.073,3,CASH_OUT,12
1.488,1.878,0,CASH_IN,1
-0.776,0.823,4,CASH_OUT,6
0.719,-0.865,3,CASH_IN,6
0.982,-1.886,2,CASH_OUT,6
-2.262,1.045,4,PAYMENT,22
-2.848,0.881,4,PAYMENT,7
-0.472,-0.144,3,PAYMENT,2
0.453,-1.756,2,CASH_OUT,14
-1.205,-1.231,1,PAYMENT,13
-1.466,-1.154,1,PAYMENT,22
-0.724,0.036,3,PAYMENT,12
0.403,1.87,0,CASH_IN,8
-2.942,0.79,4,PAYMENT,4
1.485,-0.129,3,CASH_OUT,11
2.148,-0.523,3,CASH_OUT,8
-1.775,-1.079,1,PAYMENT,9
0.459,0.057,3,CASH_OUT,7
1.746,1.919,0,CASH_IN,11
0.768,-0.571,3,CASH_IN,1
1.807,-0.162,3,CASH_OUT,11
0.216,0.181,3,CASH_OUT,13
-0.173,1.324,0,CASH_IN,14
-1.134,0.713,4,CASH_OUT,12
-2.611,0.733,4,PAYMENT,10
2.016,0.991,3,CASH_IN,29
1.522,-1.886,2,TRANSFER,7
-1.311,-1.218,1,PAYMENT,12
2.142,1.914,0,CASH_IN,8
1.763,-0.184,3,CASH_OUT,7
1.527,1.04,3,CASH_IN,16
1.525,-1.88,2,TRANSFER,7
1.821,1.204,3,CASH_IN,1
-2.387,1.173,4,PAYMENT,8
-1.113,-1.241,1,PAYMENT,14
1.249,1.929,0,CASH_IN,11
-1.026,0.359,4,CASH_OUT,16
-2.249,1.061,4,PAYMENT,17
-1.139,0.356,4,CASH_OUT,29
1.284,1.887,0,CASH_IN,6
0.881,-1.85,2,CASH_OUT,16
-1.441,0.871,4,CASH_OUT,9
1.707,-0.758,2,CASH_OUT,12
-1.84,-1.066,1,PAYMENT,13
0.938,1.299,0,CASH_IN,2
1.604,-1.916,2,TRANSFER,15
2.036,1.795,0,CASH_IN,7
-0.99,0.784,4,CASH_OUT,17
-0.659,0.417,4,CASH_OUT,2
-0.322,-0.907,3,CASH_OUT,6
-2.409,1.03,4,PAYMENT,13
-1.806,-1.085,1,PAYMENT,11
-0.237,0.157,3,CASH_OUT,12
1.505,-1.881,2,TRANSFER,17
0.366,-1.725,2,CASH_OUT,11
1.328,2.029,0,CASH_IN,8
-2.209,0.796,4,PAYMENT,8
-2.372,1.283,4,PAYMENT,15
0.898,-1.84,2,CASH_OUT,16
-1.415,0.391,1,PAYMENT,16
1.07,-1.902,2,CASH_OUT,13
-2.788,0.981,4,PAYMENT,15
-2.864,0.834,4,PAYMENT,23
2.274,1.898,0,CASH_IN,13
-2.188,0.946,4,PAYMENT,11
-2.913,1.047,4,PAYMENT,15
-0.741,0.581,4,CASH_OUT,12
-1.073,-1.276,1,PAYMENT,15
1.06,-0.109,3,CASH_OUT,1
1.16,-0.114,3,CASH_OUT,7
1.531,-1.875,2,TRANSFER,6
-2.53,0.872,4,PAYMENT,14
1.785,0.028,3,TRANSFER,17
-1.078,0.685,4,TRANSFER,2
1.271,-1.813,2,TRANSFER,9
-1.475,-1.145,1,PAYMENT,15
-1.883,-1.051,1,PAYMENT,7
-1.945,1.204,4,PAYMENT,14
-0.338,1.67,0,CASH_IN,7
-2.709,0.824,4,PAYMENT,12
-0.115,0.083,3,CASH_OUT,11
-2.295,1.036,4,PAYMENT,1
1.032,-1.891,2,CASH_OUT,24
0.037,-1.625,2,CASH_OUT,7
-2.219,0.994,4,PAYMENT,8
0.622,-1.801,2,CASH_OUT,2
-1.775,-1.076,1,PAYMENT,15
-0.491,0.169,3,PAYMENT,17
0.924,-1.854,2,CASH_OUT,17
-2.253,-0.968,1,PAYMENT,17
2.507,0.827,3,CASH_IN,8
0.743,-1.818,2,CASH_OUT,7
1.046,1.489,0,CASH_IN,14
0.886,-1.867,2,CASH_OUT,10
1.331,-0.14,3,CASH_OUT,10
1.686,1.356,0,CASH_IN,15
1.297,1.936,0,CASH_IN,17
-2.036,0.913,4,PAYMENT,7
-2.486,1.064,4,PAYMENT,17
-1.571,0.397,1,PAYMENT,1
-1.113,0.452,4,PAYMENT,7
1.436,1.995,0,CASH_IN,2
-2.054,0.912,4,PAYMENT,10
0.539,-1.777,2,CASH_OUT,14
-1.274,-1.267,1,PAYMENT,2
1.232,1.892,0,CASH_IN,15
1.595,-1.193,3,CASH_OUT,2
0.454,1.966,0,CASH_IN,15
2.495,-0.091,3,TRANSFER,12
-0.316,-0.207,3,PAYMENT,17
1.511,-1.881,2,TRANSFER,17
1.866,1.795,0,CASH_IN,11
0.802,-1.825,2,CASH_OUT,11
-1.563,-1.133,1,PAYMENT,17
-1.233,0.339,1,PAYMENT,11
0.577,-0.163,3,CASH_OUT,11
0.13,-1.639,2,CASH_OUT,13
1.905,1.977,0,CASH_IN,8
1.211,-0.084,3,CASH_OUT,23
0.691,-1.02,3,CASH_OUT,1
2.779,1.425,0,CASH_IN,1
1.129,-0.063,3,CASH_OUT,8
1.454,1.593,0,CASH_IN,7
2.31,1.276,0,CASH_IN,16
0.809,-1.849,2,CASH_OUT,10
1.02,-1.885,2,CASH_OUT,17
0.646,0.093,3,CASH_OUT,17
-1.07,0.316,1,PAYMENT,17
0.741,-1.815,2,CASH_OUT,8
1.522,1.756,0,CASH_IN,10
1.522,1.574,0,CASH_IN,2
-1.091,0.228,3,PAYMENT,9
-2.37,1.015,4,PAYMENT,16
-1.552,-1.125,1,PAYMENT,13
-1.54,0.115,1,PAYMENT,9
0.668,-0.125,3,CASH_OUT,9
-0.332,-1.437,2,TRANSFER,11
-2.563,1.044,4,PAYMENT,7
2.087,-0.64,3,TRANSFER,8
0.992,-1.883,2,CASH_OUT,8
1.625,-0.659,2,TRANSFER,1
-2.451,0.765,4,PAYMENT,11
1.232,-1.923,2,CASH_OUT,14
-1.909,-1.073,1,PAYMENT,1
2.064,0.823,3,TRANSFER,2
-2.248,0.826,4,PAYMENT,9
0.901,-1.864,2,CASH_OUT,10
2.03,1.309,3,CASH_IN,11
-0.986,-0.672,4,CASH_OUT,1
2.211,-0.419,3,CASH_OUT,2
0.284,-1.689,2,CASH_OUT,7
-2.32,0.909,4,PAYMENT,15
0.591,-0.436,2,CASH_OUT,7
-2.092,0.8,4,PAYMENT,15
-1.863,-1.057,1,PAYMENT,15
0.043,-1.628,2,CASH_OUT,10
1.122,1.829,0,CASH_IN,1
-0.875,-1.294,1,PAYMENT,24
-1.262,-1.213,1,PAYMENT,9
1.785,1.886,0,CASH_IN,13
-2.292,-0.937,1,PAYMENT,8
0.704,0.076,3,CASH_OUT,13
1.109,-1.895,2,CASH_OUT,6
-1.824,-1.077,1,PAYMENT,8
1.692,-0.186,3,CASH_OUT,14
-2.725,1.111,4,PAYMENT,2
-0.45,0.259,3,PAYMENT,13
0.687,-1.801,2,CASH_OUT,11
1.952,-0.295,3,CASH_OUT,9
-1.474,-1.135,1,PAYMENT,16
1.426,-0.143,3,CASH_OUT,10
0.895,0.075,3,CASH_OUT,11
-2.788,0.929,4,PAYMENT,9
0.631,1.472,0,CASH_IN,15
-1.251,0.248,1,PAYMENT,8
1.324,1.92,0,CASH_IN,16
0.761,-3.104,2,CASH_OUT,7
1.272,0.021,3,CASH_OUT,8
1.181,1.335,3,CASH_IN,10
1.783,1.759,0,CASH_IN,9
1.462,1.775,0,CASH_IN,14
2.154,-0.317,3,CASH_OUT,2
2.112,0.003,3,TRANSFER,14
1.277,-0.216,3,CASH_OUT,11
1.661,1.517,3,CASH_IN,9
-2.57,1.134,4,PAYMENT,11
2.797,0.827,3,CASH_IN,1
2.978,1.233,3,CASH_IN,11
2.714,-0.26,3,TRANSFER,17
0.699,1.81,0,CASH_IN,10
-2.356,0.89,4,PAYMENT,13
-2.095,1.044,4,PAYMENT,8
1.457,-0.072,3,CASH_OUT,8
1.535,1.676,0,CASH_IN,11
2.151,-0.1,3,TRANSFER,1
0.446,-1.723,2,CASH_OUT,2
2.428,0.877,3,CASH_IN,8
0.512,-0.155,3,CASH_OUT,12
-1.479,0.454,4,PAYMENT,14
0.978,-0.015,3,CASH_OUT,14
0.942,-1.85,2,CASH_OUT,2
1.382,1.504,0,CASH_IN,6
1.005,-1.861,2,CASH_OUT,12
0.84,-0.277,3,CASH_OUT,16
0.858,-0.063,3,CASH_OUT,14
1.582,1.442,0,CASH_IN,8
2.129,1.86,0,CASH_IN,16
1.542,1.496,3,CASH_IN,10
0.019,-0.526,3,CASH_IN,6
0.071,-1.627,2,CASH_OUT,6
1.119,-1.914,2,CASH_OUT,26
-2.653,0.842,4,PAYMENT,11
-2.42,0.934,4,PAYMENT,8
0.469,-1.727,2,CASH_OUT,12
1.724,1.602,0,CASH_IN,10
1.334,1.923,0,CASH_IN,17
-2.508,1.132,4,PAYMENT,11
1.658,1.838,0,CASH_IN,10
-1.968,-1.016,1,PAYMENT,16
0.839,-1.835,2,CASH_OUT,17
-1.977,-1.01,1,PAYMENT,14
-2.35,1.082,4,PAYMENT,22
2.125,1.697,0,CASH_IN,9
-1.764,-1.164,1,CASH_OUT,6
0.856,2.068,0,CASH_IN,9
2.028,1.837,0,CASH_IN,14
-2.074,1.054,4,PAYMENT,11
-2.412,1.144,4,PAYMENT,14
0.269,-3.018,2,CASH_OUT,7
-1.764,-1.096,1,PAYMENT,14
0.631,-1.807,2,CASH_OUT,1
-1.759,-1.065,1,PAYMENT,14
-2.914,0.779,4,PAYMENT,6
0.012,-1.655,2,CASH_OUT,17
2.812,1.363,3,CASH_IN,24
2.03,-0.326,3,CASH_OUT,6
-2.833,1.125,4,PAYMENT,15
0.416,1.511,0,CASH_IN,29
1.634,0.774,3,CASH_OUT,1
-0.723,-1.365,1,PAYMENT,23
1.633,1.979,0,CASH_IN,9
-0.884,0.302,1,PAYMENT,8
-1.425,-1.193,1,PAYMENT,13
-1.136,-1.224,1,PAYMENT,1
-0.107,0.58,4,CASH_OUT,14
-3.141,1.017,4,PAYMENT,16
1.851,-1.998,2,TRANSFER,16
1.108,-1.779,2,TRANSFER,9
2.657,-0.174,3,TRANSFER,13
-2.198,0.862,4,PAYMENT,20
-1.327,-1.19,1,PAYMENT,15
1.073,-1.888,2,CASH_OUT,23
-0.827,0.004,3,PAYMENT,9
1.643,1.903,0,CASH_IN,12
0.902,-1.753,2,TRANSFER,2
-0.519,0.247,3,PAYMENT,14
-2.369,1.02,4,PAYMENT,9
0.087,0.11,3,CASH_OUT,2
-2.758,0.721,4,PAYMENT,2
-0.799,0.767,4,CASH_OUT,12
-1.342,-1.196,1,PAYMENT,8
0.733,1.679,0,CASH_IN,1
0.961,-1.777,2,TRANSFER,11
0.829,-1.887,2,CASH_OUT,8
0.736,-1.804,2,CASH_OUT,13
2.07,1.328,0,CASH_IN,14
-1.064,-1.278,1,PAYMENT,15
-2.47,1.065,4,PAYMENT,6
0.981,-1.856,2,CASH_OUT,12
-1.71,-1.12,1,PAYMENT,22
-1.263,0.893,4,CASH_OUT,10
0.584,-1.682,2,TRANSFER,29
1.334,-0.431,3,CASH_OUT,16
-3.212,1.188,4,PAYMENT,2
-0.446,1.843,0,CASH_IN,6
1.16,-0.035,3,CASH_OUT,8
2.056,1.943,0,CASH_IN,1
0.586,-1.767,2,CASH_OUT,2
2.55,1.43,0,CASH_IN,8
1.808,-0.688,3,TRANSFER,16
0.572,0.097,3,CASH_OUT,13
1.755,1.818,0,CASH_IN,2
-2.329,0.514,4,PAYMENT,15
0.188,-0.07,3,CASH_OUT,7
-0.558,-0.176,3,PAYMENT,1
0.676,-0.201,3,CASH_OUT,15
2.082,1.961,0,CASH_IN,2
-1.24,-1.226,1,PAYMENT,16
-2.408,-0.943,1,PAYMENT,9
1.175,1.392,3,CASH_IN,8
-2.222,-0.962,1,PAYMENT,22
1.383,-0.115,3,CASH_OUT,13
0.553,-0.287,3,CASH_IN,2
-1.202,0.341,1,PAYMENT,14
-0.473,-1.509,2,CASH_OUT,17
-1.53,0.327,1,PAYMENT,11
1.711,1.781,0,CASH_IN,8
0.782,-0.08,3,CASH_OUT,16
1.542,1.851,0,CASH_IN,15
-1.405,0.405,1,PAYMENT,9
-2.586,0.928,4,PAYMENT,11
1.391,1.319,3,CASH_IN,12
1.764,1.873,0,CASH_IN,7
1.093,-1.879,2,CASH_OUT,16
-2.336,0.856,4,PAYMENT,13
1.021,-0.011,3,CASH_OUT,14
-2.283,0.938,4,PAYMENT,15
1.192,1.63,0,CASH_IN,8
-1.189,0.345,1,PAYMENT,11
0.497,-1.768,2,CASH_OUT,13
2.473,0.921,3,CASH_IN,13
2.189,-0.198,3,CASH_OUT,8
-1.165,-1.227,1,PAYMENT,14
-2.308,0.893,4,PAYMENT,15
-2.906,0.847,4,PAYMENT,8
1.841,1.163,0,TRANSFER,1
1.096,-1.887,2,CASH_OUT,8
1.779,1.327,0,CASH_IN,15
0.945,-1.836,2,CASH_OUT,10
-4.437,1.468,4,PAYMENT,7
-0.762,-0.046,3,PAYMENT,17
-0.491,0.132,3,CASH_OUT,11
-1.27,-1.204,1,PAYMENT,17
-1.021,0.356,1,PAYMENT,11
-2.595,1.062,4,PAYMENT,7
-1.37,-1.186,1,PAYMENT,12
2.689,1.355,3,CASH_IN,16
0.946,-1.735,2,TRANSFER,1
1.571,1.698,0,CASH_IN,13
1.62,-0.185,3,CASH_OUT,15
0.656,-1.666,2,TRANSFER,2
1.549,1.982,0,CASH_IN,16
-1.669,-1.113,1,PAYMENT,8
0.016,1.68,0,CASH_OUT,1
-1.307,-1.195,1,PAYMENT,2
1.827,-0.218,3,CASH_OUT,10
-2.365,0.969,4,PAYMENT,6
1.67,-1.923,2,TRANSFER,1
1.157,-0.08,3,CASH_OUT,2
1.289,-1.959,2,CASH_OUT,9
-1.605,-1.119,1,PAYMENT,6
-2.16,1.142,4,PAYMENT,13
-2.546,0.842,4,PAYMENT,11
-2.021,1.076,4,PAYMENT,15
-0.362,-1.542,2,CASH_OUT,11
-2.434,-0.968,1,PAYMENT,2
1.032,-1.9,2,CASH_OUT,14
2.083,-0.615,3,CASH_OUT,16
-1.541,-1.156,1,PAYMENT,15
1.456,-1.983,2,CASH_OUT,2
0.35,1.635,0,CASH_IN,13
2.117,1.325,0,CASH_IN,17
1.183,-1.944,2,CASH_OUT,7
0.266,-2.993,2,CASH_OUT,7
-1.941,-1.051,1,PAYMENT,20
-1.13,0.298,1,PAYMENT,17
-0.714,0.262,1,PAYMENT,14
-2.292,0.915,4,PAYMENT,8
-2.399,0.984,4,PAYMENT,16
1.504,0.948,3,TRANSFER,1
1.623,-0.577,3,CASH_OUT,12
0.842,-1.824,2,CASH_OUT,7
-0.085,-0.328,3,CASH_IN,1
-1.945,-1.036,1,PAYMENT,9
0.125,-1.671,2,CASH_OUT,13
-2.994,-0.754,1,PAYMENT,10
1.917,0.915,3,CASH_IN,29
-3.447,1.048,4,PAYMENT,1
2.879,-2.249,2,TRANSFER,13
-1.603,-1.126,1,PAYMENT,13
1.107,1.815,0,CASH_IN,9
-2.413,1.111,4,PAYMENT,6
-2.152,1.005,4,PAYMENT,16
1.276,1.382,0,CASH_IN,15
1.765,2.053,0,CASH_IN,15
-2.159,1.025,4,PAYMENT,17
-1.316,0.829,4,DEBIT,8
-2.489,0.858,4,PAYMENT,14
-3.29,1.351,4,PAYMENT,13
0.624,0.095,3,CASH_OUT,1
-2.527,0.838,4,PAYMENT,3
-2.131,0.927,4,PAYMENT,1
0.873,-1.721,2,TRANSFER,10
-1.072,0.244,1,PAYMENT,2
1.764,1.953,0,CASH_IN,9
1.236,-0.439,3,CASH_OUT,16
-0.371,0.774,4,TRANSFER,1
-2.371,-0.92,1,PAYMENT,8
1.247,1.423,0,CASH_IN,8
-2.251,0.944,4,PAYMENT,1
-2.85,1.027,4,PAYMENT,2
-2.768,1.037,4,PAYMENT,15
-0.052,-1.619,2,CASH_OUT,10
2.384,-1.876,3,TRANSFER,14
-2.17,1.012,4,PAYMENT,14
-2.317,1.028,4,PAYMENT,7
1.727,1.679,0,CASH_IN,15
-2.722,1.023,4,PAYMENT,16
0.756,2.028,0,CASH_IN,14
0.477,-0.081,3,CASH_OUT,6
0.626,-1.652,2,TRANSFER,9
-0.896,0.646,4,CASH_OUT,25
0.99,-0.179,3,CASH_OUT,12
-1.63,-1.134,1,PAYMENT,14
-2.393,-0.911,1,PAYMENT,13
-1.994,-1.041,1,PAYMENT,17
-1.703,-1.087,1,PAYMENT,6
2.13,-0.205,3,CASH_OUT,14
0.61,-0.135,3,CASH_OUT,16
0.146,-2.912,2,CASH_OUT,1
-2.749,1.07,4,PAYMENT,2
0.704,1.929,0,CASH_IN,7
0.257,-1.708,2,CASH_OUT,13
-2.626,1.004,4,PAYMENT,4
-1.031,0.274,1,PAYMENT,14
0.943,-0.037,3,CASH_OUT,7
1.653,1.358,0,CASH_IN,8
0.599,-1.793,2,CASH_OUT,14
0.539,-0.432,3,CASH_OUT,20
-0.221,0.587,4,CASH_OUT,9
-2.591,-0.857,1,PAYMENT,7
-0.709,-2.499,2,TRANSFER,1
-2.462,-0.925,1,PAYMENT,7
0.395,1.736,0,CASH_IN,7
-2.412,1.006,4,PAYMENT,13
2.291,-0.258,3,CASH_OUT,2
-1.816,-1.058,1,PAYMENT,17
1.202,-1.947,2,CASH_OUT,12
2.916,1.384,3,CASH_IN,14
-2.662,1.256,4,PAYMENT,12
0.827,-1.853,2,CASH_OUT,13
-2.168,0.788,4,PAYMENT,15
0.672,-1.782,2,CASH_OUT,17
1.47,1.373,0,CASH_IN,23
1.452,1.492,0,CASH_IN,14
0.413,-1.757,2,CASH_OUT,1
-2.201,0.926,4,PAYMENT,15
1.36,-1.979,2,CASH_OUT,16
0.523,0.051,3,CASH_OUT,15
1.093,-1.91,2,CASH_OUT,2
1.934,-0.058,3,CASH_OUT,6
1.677,1.713,0,CASH_IN,10
0.728,-1.815,2,CASH_OUT,13
0.811,-1.827,2,CASH_OUT,13
1.201,1.385,0,CASH_IN,9
0.955,0.007,3,CASH_OUT,17
-0.754,0.339,1,PAYMENT,8
1.407,-0.067,3,CASH_OUT,10
1.877,1.782,0,CASH_IN,2
0.57,-1.638,2,TRANSFER,15
0.219,-1.689,2,CASH_OUT,16
1.066,-1.778,2,TRANSFER,1
-2.353,-0.935,1,PAYMENT,9
0.925,-0.076,3,CASH_OUT,12
1.616,-0.118,3,CASH_OUT,10
1.583,1.859,0,CASH_IN,1
2.125,1.621,0,CASH_IN,1
0.11,-1.648,2,CASH_OUT,9
1.285,-1.192,3,TRANSFER,1
0.869,-0.12,3,CASH_OUT,2
-1.55,-1.122,1,PAYMENT,6
1.453,-0.086,3,CASH_OUT,29
1.395,1.891,0,CASH_IN,2
-2.34,0.803,4,PAYMENT,6
1.687,-0.6,3,CASH_OUT,11
1.046,-1.776,2,TRANSFER,23
-0.019,-0.018,3,CASH_OUT,28
-2.413,0.779,4,PAYMENT,12
0.103,-0.073,3,CASH_OUT,2
1.035,-1.887,2,CASH_OUT,13
2.674,0.689,3,CASH_IN,12
2.627,-0.053,3,TRANSFER,17
-2.34,1.221,4,PAYMENT,15
2.339,-2.156,2,TRANSFER,13
-3.099,1.285,4,PAYMENT,17
2.274,1.25,0,CASH_IN,6
0.034,-1.632,2,CASH_OUT,10
0.726,0.96,3,CASH_IN,1
1.818,-0.171,3,TRANSFER,2
1.515,-0.222,3,CASH_OUT,9
0.15,-1.645,2,CASH_OUT,6
0.627,-0.001,3,CASH_OUT,7
0.654,-1.799,2,CASH_OUT,2
-1.659,-1.105,1,PAYMENT,2
1.667,1.767,0,CASH_IN,8
0.212,-1.692,2,CASH_OUT,10
-1.353,-1.211,1,PAYMENT,9
1.581,1.689,0,CASH_IN,9
2.31,-2.108,2,TRANSFER,15
-1.803,-1.086,1,PAYMENT,25
0.937,-0.792,2,CASH_OUT,14
1.624,1.843,0,CASH_IN,2
-1.288,-1.196,1,PAYMENT,10
-1.148,0.456,4,PAYMENT,17
-1.86,0.966,4,PAYMENT,16
-2.741,0.778,4,PAYMENT,10
1.764,1.777,0,CASH_IN,8
1.781,1.987,0,CASH_IN,17
-0.533,-0.077,3,PAYMENT,12
0.305,-1.233,3,CASH_OUT,1
1.241,-0.101,3,CASH_OUT,17
1.26,-1.834,2,TRANSFER,9
1.077,1.659,0,CASH_IN,2
1.283,0.0,3,CASH_OUT,8
-0.914,-0.354,4,TRANSFER,7
1.379,0.023,3,TRANSFER,15
-0.988,-0.227,1,PAYMENT,12
2.121,1.354,0,CASH_IN,12
2.565,-0.023,3,TRANSFER,15
0.622,-1.777,2,CASH_OUT,18
1.148,-0.496,3,CASH_OUT,15
1.201,1.807,0,CASH_IN,1
1.41,-0.836,2,CASH_OUT,2
1.645,-0.362,3,CASH_OUT,15
-1.713,-1.084,1,PAYMENT,1
0.693,0.085,3,CASH_OUT,6
-1.368,-1.172,1,PAYMENT,1
-0.389,0.72,4,CASH_OUT,11
2.203,-0.074,3,TRANSFER,16
-2.121,0.88,4,PAYMENT,12
-1.969,-1.026,1,PAYMENT,7
2.245,0.76,3,CASH_OUT,17
-1.592,-1.118,1,PAYMENT,1
2.065,-0.691,3,CASH_OUT,15
1.269,1.469,0,CASH_IN,2
-2.804,1.19,4,PAYMENT,12
0.624,-1.801,2,CASH_OUT,8
2.45,1.352,3,CASH_IN,10
-0.997,0.14,3,PAYMENT,8
-1.541,-1.149,1,PAYMENT,13
-1.037,0.837,4,CASH_OUT,9
1.68,-1.93,2,TRANSFER,17
0.834,-0.181,3,CASH_OUT,6
1.126,0.025,3,TRANSFER,6
-2.473,0.797,4,PAYMENT,2
-2.881,0.904,4,PAYMENT,2
-2.21,1.247,4,PAYMENT,11
-1.621,-1.097,1,PAYMENT,7
-2.469,0.863,4,PAYMENT,14
-2.421,1.203,4,PAYMENT,11
0.707,-1.803,2,CASH_OUT,2
0.697,1.263,0,CASH_IN,8
-2.499,0.907,4,PAYMENT,6
-1.277,-1.199,1,PAYMENT,17
-0.495,-2.859,2,CASH_OUT,1
-2.451,1.001,4,PAYMENT,29
0.501,-0.496,2,CASH_OUT,1
-0.171,0.159,4,CASH_OUT,16
1.667,-0.19,3,CASH_OUT,15
0.937,-1.874,2,CASH_OUT,1
1.79,1.988,0,CASH_IN,16
1.049,1.42,3,CASH_IN,13
0.804,0.121,3,CASH_OUT,10
1.923,-0.644,3,TRANSFER,2
-1.491,-1.166,1,PAYMENT,12
1.257,-3.079,2,TRANSFER,10
1.547,-0.134,3,CASH_OUT,8
-1.28,-1.216,1,PAYMENT,9
2.086,1.827,0,CASH_IN,1
1.426,-1.747,3,TRANSFER,1
1.285,1.323,0,CASH_IN,1
-0.486,0.482,4,CASH_OUT,11
2.157,1.88,0,CASH_IN,12
1.745,-0.21,3,CASH_OUT,13
-2.411,0.891,4,PAYMENT,16
1.705,1.942,0,CASH_IN,13
1.822,1.884,0,CASH_IN,15
1.019,-1.894,2,CASH_OUT,14
-2.419,0.875,4,PAYMENT,28
1.572,1.956,0,CASH_IN,6
-2.842,1.194,4,PAYMENT,13
-2.713,0.825,4,PAYMENT,11
0.725,-1.174,3,CASH_OUT,2
1.653,1.556,3,CASH_IN,1
-0.48,0.076,3,PAYMENT,14
-1.563,-1.147,1,PAYMENT,8
2.006,1.776,0,CASH_IN,17
-0.378,0.62,4,CASH_OUT,7
0.158,0.203,3,CASH_OUT,6
-2.264,0.786,4,PAYMENT,16
2.037,-0.86,3,CASH_OUT,15
1.945,1.368,0,CASH_IN,17
-2.332,1.168,4,PAYMENT,15
0.649,-1.799,2,CASH_OUT,15
-0.878,-1.301,1,PAYMENT,17
-2.057,0.991,4,PAYMENT,10
-0.786,0.216,1,PAYMENT,2
0.833,-1.838,2,CASH_OUT,2
-1.933,-1.032,1,PAYMENT,8
0.873,-1.857,2,CASH_OUT,17
-1.831,-1.075,1,PAYMENT,9
-2.374,0.922,4,PAYMENT,14
1.67,1.716,0,CASH_IN,7
-2.64,0.756,4,PAYMENT,14
2.318,1.719,0,CASH_IN,13
1.637,-0.12,3,TRANSFER,2
1.631,1.893,0,CASH_IN,29
-2.026,-1.036,1,PAYMENT,1
0.98,-1.769,2,TRANSFER,9
1.622,1.419,0,CASH_IN,16
0.174,0.167,3,CASH_OUT,17
-1.722,0.969,4,PAYMENT,8
1.509,1.897,0,CASH_IN,12
-1.376,0.214,1,PAYMENT,13
0.349,-1.704,2,CASH_OUT,17
-2.455,1.176,4,PAYMENT,16
0.356,-0.004,3,CASH_OUT,6
1.593,-0.111,3,CASH_OUT,6
-1.771,-1.073,1,PAYMENT,7
1.538,-0.061,3,CASH_OUT,29
-0.935,0.292,1,PAYMENT,16
-0.401,0.232,3,PAYMENT,15
1.81,1.879,0,CASH_IN,15
0.882,-1.856,2,CASH_OUT,1
2.442,1.23,3,CASH_IN,10
-2.435,0.778,4,PAYMENT,7
1.262,-0.084,3,CASH_OUT,12
1.724,1.791,0,CASH_IN,1
-2.198,0.867,4,PAYMENT,11
-0.548,-0.078,3,PAYMENT,14
0.935,-1.878,2,CASH_OUT,1
1.166,1.452,3,CASH_IN,12
0.901,-0.059,3,CASH_OUT,8
-2.342,0.898,4,PAYMENT,13
2.047,-0.111,3,TRANSFER,15
1.347,1.919,0,CASH_IN,10
-0.612,0.442,4,CASH_OUT,25
-1.512,-1.153,1,PAYMENT,13
-1.422,0.836,4,CASH_OUT,16
0.65,-0.009,3,CASH_OUT,23
-0.183,-1.564,2,CASH_OUT,14
0.579,-2.866,2,CASH_OUT,1
1.224,-1.927,2,CASH_OUT,12
1.523,1.971,0,CASH_IN,25
-1.409,-1.169,1,PAYMENT,13
-0.084,-2.795,2,CASH_OUT,15
1.331,-1.84,2,TRANSFER,14
-2.162,0.546,4,CASH_OUT,11
2.33,-2.104,2,TRANSFER,13
0.722,-1.792,2,CASH_OUT,14
1.209,-1.949,2,CASH_OUT,2
0.994,-1.874,2,CASH_OUT,1
-1.693,-1.093,1,PAYMENT,29
0.608,-1.769,2,CASH_OUT,14
1.213,1.452,0,CASH_IN,15
-2.059,0.517,4,PAYMENT,25
-2.668,0.778,4,PAYMENT,8
-2.272,0.866,4,PAYMENT,14
1.525,-2.064,2,CASH_OUT,15
1.522,1.788,0,CASH_IN,2
1.562,-0.6,3,CASH_OUT,17
0.87,-1.751,2,TRANSFER,8
-2.602,0.782,4,PAYMENT,12
1.32,-1.842,2,TRANSFER,11
-0.927,0.577,4,CASH_OUT,15
1.755,1.992,0,CASH_IN,2
1.489,1.728,0,CASH_IN,28
-1.734,-1.111,1,PAYMENT,8
-0.44,0.111,3,CASH_OUT,12
1.07,1.839,0,CASH_IN,9
1.916,1.813,0,CASH_IN,13
0.613,-0.165,3,CASH_OUT,7
1.357,1.833,0,CASH_IN,13
-2.518,0.92,4,PAYMENT,9
0.972,1.805,0,CASH_IN,2
-2.275,1.087,4,PAYMENT,17
1.25,1.866,0,CASH_IN,12
-2.534,-0.893,1,PAYMENT,1
2.069,-0.157,3,TRANSFER,17
0.897,-1.87,2,CASH_OUT,15
1.334,-0.072,3,CASH_OUT,10
1.84,1.917,0,CASH_IN,10
-2.453,1.026,4,PAYMENT,11
0.777,-1.837,2,CASH_OUT,12
0.756,-1.793,2,CASH_OUT,14
0.575,0.129,3,CASH_OUT,8
-2.355,0.816,4,PAYMENT,24
1.301,-1.825,2,TRANSFER,15
0.497,0.101,3,CASH_OUT,2
2.476,1.299,0,CASH_IN,13
1.706,1.563,3,CASH_IN,10
-0.932,0.274,1,PAYMENT,17
-2.402,0.933,4,PAYMENT,2
1.02,-1.164,3,TRANSFER,1
-1.733,-1.079,1,PAYMENT,17
0.799,-1.841,2,CASH_OUT,2
-1.001,-1.287,1,PAYMENT,16
-1.546,-1.134,1,PAYMENT,10
0.606,0.098,3,CASH_OUT,12
-2.018,-1.003,1,PAYMENT,2
1.486,-0.421,3,CASH_OUT,16
1.624,-0.45,3,CASH_OUT,8
1.227,1.192,3,CASH_IN,2
-2.332,0.827,4,PAYMENT,7
0.19,0.185,3,CASH_OUT,14
0.202,1.705,0,CASH_IN,18
0.993,0.032,3,CASH_OUT,6
1.156,-1.904,2,CASH_OUT,12
1.255,-1.817,2,TRANSFER,9
1.556,-0.113,3,CASH_OUT,2
-2.303,0.789,4,PAYMENT,6
-0.758,0.736,4,CASH_OUT,7
-2.08,0.823,4,PAYMENT,6
0.602,-1.789,2,CASH_OUT,14
1.823,1.882,0,CASH_IN,14
0.223,1.321,0,CASH_IN,6
0.532,-1.643,2,TRANSFER,8
-2.551,1.053,4,PAYMENT,1
0.753,1.743,0,CASH_IN,17
-2.304,1.321,4,PAYMENT,1
1.973,1.896,0,CASH_IN,11
0.903,1.45,3,CASH_IN,16
-1.861,-1.064,1,PAYMENT,2
0.954,-0.428,3,CASH_OUT,8
0.315,-1.707,2,CASH_OUT,11
0.799,0.024,3,CASH_OUT,6
-0.451,0.661,4,CASH_OUT,7
0.326,-1.692,2,CASH_OUT,9
1.281,-0.042,3,CASH_OUT,6
-1.14,-0.418,4,CASH_OUT,6
-3.302,0.924,4,PAYMENT,17
-3.339,0.829,4,PAYMENT,14
-0.283,0.196,3,CASH_OUT,7
1.856,1.786,0,CASH_IN,10
1.946,1.855,0,CASH_IN,11
-2.618,0.978,4,PAYMENT,12
0.856,-1.85,2,CASH_OUT,7
1.875,1.184,0,CASH_IN,16
0.589,-1.791,2,CASH_OUT,7
0.439,-1.749,2,CASH_OUT,16
0.93,-1.85,2,CASH_OUT,14
-1.105,0.24,1,PAYMENT,7
-1.957,-1.026,1,PAYMENT,11
0.672,-1.786,2,CASH_OUT,7
2.4,-0.025,3,TRANSFER,6
-0.016,0.095,3,CASH_OUT,6
1.274,-0.107,3,CASH_OUT,17
-0.418,0.147,3,PAYMENT,1
-1.12,0.309,1,PAYMENT,6
-0.564,0.499,4,CASH_OUT,14
-0.466,1.605,4,CASH_OUT,1
0.813,-1.832,2,CASH_OUT,7
-1.606,-1.105,1,PAYMENT,1
-0.185,0.23,3,TRANSFER,16
1.088,-0.114,3,CASH_OUT,14
-1.258,0.872,4,CASH_OUT,8
1.708,1.55,3,CASH_IN,17
-0.886,0.627,4,CASH_OUT,15
-0.402,-0.041,3,DEBIT,13
0.479,-1.735,2,CASH_OUT,8
-1.589,-1.134,1,PAYMENT,6
-2.575,0.877,4,PAYMENT,14
-2.162,0.851,4,PAYMENT,12
-1.625,0.287,1,PAYMENT,16
-1.862,-1.075,1,PAYMENT,12
1.534,-1.9,2,TRANSFER,13
0.799,-1.822,2,CASH_OUT,11
0.633,-1.758,2,CASH_OUT,14
1.745,-0.199,3,CASH_OUT,1
1.971,-0.19,3,CASH_OUT,8
0.915,-1.868,2,CASH_OUT,1
0.776,-1.808,2,CASH_OUT,12
1.249,1.539,0,CASH_IN,6
-2.053,-1.029,1,PAYMENT,2
2.045,1.745,0,CASH_IN,23
-1.004,-1.297,1,PAYMENT,9
-1.898,-1.073,1,PAYMENT,17
1.41,-1.992,2,CASH_OUT,8
-2.772,1.021,4,PAYMENT,11
-0.028,-1.644,2,CASH_OUT,9
-1.863,0.686,4,CASH_OUT,27
-2.398,1.114,4,PAYMENT,14
2.005,1.933,0,CASH_IN,16
-0.755,-1.349,1,PAYMENT,17
-1.137,-1.263,1,PAYMENT,14
-1.958,-1.018,1,PAYMENT,2
0.206,0.107,3,CASH_OUT,13
1.311,-0.09,3,CASH_OUT,14
-2.836,1.095,4,PAYMENT,12
2.419,0.903,3,CASH_IN,1
0.365,-1.723,2,CASH_OUT,7
-2.646,1.111,4,PAYMENT,1
-1.937,0.83,4,PAYMENT,8
1.024,-0.102,3,CASH_OUT,11
0.882,-1.736,2,TRANSFER,7
0.951,-1.879,2,CASH_OUT,14
1.298,2.091,0,CASH_IN,15
-1.026,0.422,4,CASH_OUT,2
-2.128,-0.986,1,PAYMENT,17
1.385,0.087,3,TRANSFER,19
-0.959,0.388,1,PAYMENT,17
1.028,-1.888,2,CASH_OUT,16
-1.747,-1.083,1,PAYMENT,10
0.972,-0.098,3,CASH_OUT,2
0.74,-1.794,2,CASH_OUT,17
0.087,0.12,3,CASH_OUT,12
1.364,1.871,0,CASH_IN,17
-0.31,0.14,3,PAYMENT,13
1.413,-1.89,2,TRANSFER,9
-2.51,1.192,4,PAYMENT,8
1.196,-0.114,3,CASH_OUT,16
1.156,-1.909,2,CASH_OUT,6
-0.036,-1.605,2,CASH_OUT,24
-2.438,0.773,4,PAYMENT,16
0.768,-1.805,2,CASH_OUT,25
2.231,1.851,0,CASH_IN,1
1.885,-0.753,3,CASH_OUT,14
-1.781,-1.085,1,PAYMENT,13
-1.711,0.749,4,DEBIT,12
0.423,0.972,3,CASH_IN,6
-2.822,0.967,4,PAYMENT,7
1.12,-1.814,2,TRANSFER,15
0.922,-1.85,2,CASH_OUT,2
-2.581,0.839,4,PAYMENT,17
-1.404,-1.163,1,PAYMENT,7
0.453,-0.136,3,CASH_OUT,19
1.49,-0.034,3,CASH_OUT,9
1.27,-1.941,2,CASH_OUT,17
1.068,-1.878,2,CASH_OUT,13
-1.165,0.775,4,CASH_OUT,2
0.419,-1.717,2,CASH_OUT,8
-0.051,-3.045,2,CASH_OUT,2
1.891,1.581,0,CASH_IN,11
-2.802,1.058,4,PAYMENT,17
-1.813,-1.073,1,PAYMENT,11
-2.132,0.832,4,PAYMENT,16
1.51,1.908,0,CASH_IN,17
2.664,-0.143,3,TRANSFER,15
1.809,1.988,0,CASH_IN,8
-2.194,1.003,4,PAYMENT,21
0.243,-1.68,2,CASH_OUT,10
-1.371,0.458,4,DEBIT,17
-2.489,1.139,4,PAYMENT,11
0.853,-1.837,2,CASH_OUT,17
1.836,-0.236,3,CASH_OUT,1
2.067,1.696,0,CASH_IN,8
1.745,-0.111,3,CASH_OUT,2
0.769,2.009,0,CASH_IN,11
0.902,1.452,0,CASH_IN,8
1.548,1.982,0,CASH_IN,9
-1.23,0.795,4,CASH_OUT,15
2.55,-0.017,3,TRANSFER,13
1.333,-1.971,2,CASH_OUT,7
0.155,-1.294,3,CASH_OUT,1
1.663,1.735,0,CASH_IN,2
0.138,-0.913,3,CASH_IN,6
-0.533,0.261,3,PAYMENT,16
-2.686,0.814,4,PAYMENT,24
2.532,-0.199,3,TRANSFER,16
-2.519,1.118,4,PAYMENT,6
-1.273,0.772,4,CASH_OUT,9
2.049,1.928,0,CASH_IN,1
1.538,-3.238,2,TRANSFER,13
-1.947,0.959,4,PAYMENT,6
1.965,2.005,0,CASH_IN,9
1.647,-0.694,3,CASH_OUT,16
1.24,-1.848,2,TRANSFER,13
0.539,-1.752,2,CASH_OUT,11
-2.589,0.842,4,PAYMENT,4
-0.078,0.121,3,CASH_OUT,10
-1.646,-1.108,1,PAYMENT,12
1.675,1.913,0,CASH_IN,15
1.139,1.92,0,CASH_IN,8
-0.091,-1.6,2,CASH_OUT,12
-2.113,0.881,4,PAYMENT,17
0.813,1.503,0,CASH_IN,7
-2.314,0.922,4,PAYMENT,17
1.177,0.09,3,TRANSFER,17
-1.288,-1.224,1,PAYMENT,12
0.782,-1.808,2,CASH_OUT,21
0.848,-1.853,2,CASH_OUT,8
1.439,0.064,3,TRANSFER,15
0.855,-1.815,2,CASH_OUT,12
2.241,1.405,0,CASH_IN,17
-1.295,-1.191,1,PAYMENT,13
-2.138,0.808,4,PAYMENT,15
-2.418,1.131,4,PAYMENT,2
-2.342,0.852,4,PAYMENT,9
-2.623,1.167,4,PAYMENT,7
0.991,-1.872,2,CASH_OUT,8
1.038,1.27,3,TRANSFER,14
-2.492,0.947,4,PAYMENT,14
1.646,-1.911,2,TRANSFER,1
0.768,1.784,0,CASH_IN,1
0.197,-1.667,2,CASH_OUT,17
1.793,1.401,0,CASH_IN,12
1.614,-1.922,2,TRANSFER,13
0.448,-1.727,2,CASH_OUT,8
-1.331,0.525,4,CASH_OUT,9
-1.228,-1.218,1,PAYMENT,17
1.502,1.571,3,CASH_IN,15
-2.279,1.25,4,PAYMENT,15
1.345,-2.939,2,TRANSFER,7
-2.329,-0.931,1,PAYMENT,10
1.206,1.972,0,CASH_IN,15
-2.273,-0.945,1,PAYMENT,10
-2.291,0.788,4,TRANSFER,6
-2.661,0.845,4,PAYMENT,12
-1.991,0.696,4,CASH_OUT,15
1.738,-0.43,3,CASH_OUT,17
1.81,0.747,3,CASH_IN,13
2.357,-0.87,2,TRANSFER,15
-2.004,0.228,1,PAYMENT,14
0.592,-1.766,2,CASH_OUT,23
-1.536,-1.165,1,PAYMENT,11
0.019,-2.802,2,TRANSFER,1
-1.424,-1.179,1,PAYMENT,16
-2.346,-0.951,1,PAYMENT,12
-1.818,-1.082,1,PAYMENT,28
0.709,-1.825,2,CASH_OUT,16
-2.491,0.871,4,PAYMENT,29
0.011,-1.627,2,CASH_OUT,11
1.02,1.712,0,CASH_IN,16
1.025,-1.794,2,TRANSFER,13
-2.635,1.146,4,PAYMENT,11
-1.426,-1.157,1,PAYMENT,2
1.501,1.907,0,CASH_IN,11
-3.566,-0.619,1,PAYMENT,8
1.145,0.238,3,TRANSFER,15
0.809,-1.833,2,CASH_OUT,15
0.53,1.646,0,CASH_OUT,1
-1.426,-1.186,1,PAYMENT,13
-2.49,-0.89,1,PAYMENT,11
1.057,1.766,0,CASH_IN,10
-2.088,0.82,4,PAYMENT,29
1.254,-1.937,2,CASH_OUT,2
1.393,1.886,0,CASH_IN,7
-1.526,-1.136,1,PAYMENT,6
1.005,-1.903,2,CASH_OUT,29
0.575,-1.792,2,CASH_OUT,2
-1.867,0.132,1,PAYMENT,25
-1.286,0.241,1,PAYMENT,12
1.468,1.497,0,CASH_IN,7
-1.911,0.226,1,PAYMENT,11
-2.382,0.913,4,PAYMENT,1
-0.756,0.258,1,PAYMENT,11
1.308,-1.971,2,CASH_OUT,17
-1.578,-1.108,1,PAYMENT,8
1.199,2.08,0,CASH_IN,13
-2.525,1.23,4,PAYMENT,29
2.096,1.243,3,CASH_IN,12
0.912,-1.868,2,CASH_OUT,11
0.458,0.09,3,CASH_OUT,8
-0.31,-1.537,2,CASH_OUT,17
-3.613,1.364,4,PAYMENT,2
-2.019,-1.01,1,PAYMENT,8
1.973,1.863,0,CASH_IN,12
-0.249,1.364,0,CASH_IN,10
-0.367,-0.4,1,CASH_OUT,8
-2.042,0.856,4,PAYMENT,12
0.91,-0.536,3,CASH_OUT,21
-1.218,0.463,4,PAYMENT,4
-1.593,0.207,1,PAYMENT,2
-2.902,1.081,4,PAYMENT,17
0.556,-1.768,2,CASH_OUT,1
-1.565,-1.14,1,PAYMENT,8
-3.045,0.904,4,PAYMENT,26
1.084,1.943,0,CASH_IN,22
-2.224,0.977,4,PAYMENT,2
1.662,1.553,3,CASH_IN,16
-3.04,0.83,4,PAYMENT,8
1.376,-0.102,3,CASH_OUT,10
1.254,2.035,0,CASH_IN,2
0.659,-1.778,2,CASH_OUT,8
-1.578,-1.151,1,PAYMENT,9
2.249,-0.253,3,CASH_OUT,14
2.052,1.382,0,CASH_IN,2
0.312,-1.703,2,CASH_OUT,8
-2.65,-0.867,1,PAYMENT,10
0.272,-1.596,2,TRANSFER,13
1.217,-0.12,3,CASH_OUT,24
1.455,-0.174,3,CASH_OUT,14
0.068,-1.088,3,CASH_OUT,2
0.815,1.327,0,CASH_IN,17
-1.34,-1.208,1,PAYMENT,13
1.464,1.754,0,CASH_IN,29
0.68,-1.805,2,CASH_OUT,13
-1.4,-1.178,1,PAYMENT,7
-2.432,0.768,4,PAYMENT,8
0.348,-1.705,2,CASH_OUT,17
1.879,-0.108,3,CASH_OUT,10
-2.175,0.989,4,PAYMENT,10
1.287,1.847,0,CASH_IN,15
-2.18,-0.965,1,PAYMENT,8
2.27,1.37,0,CASH_IN,11
1.683,1.426,0,CASH_IN,7
1.298,-1.896,2,TRANSFER,14
-0.585,0.577,4,CASH_OUT,15
0.993,-1.874,2,CASH_OUT,9
-2.459,1.178,4,PAYMENT,9
-1.597,-1.114,1,PAYMENT,15
1.05,0.163,3,TRANSFER,17
2.139,-0.683,3,CASH_OUT,13
-1.296,-1.201,1,PAYMENT,12
1.552,1.632,0,CASH_IN,7
-0.014,-0.201,3,CASH_OUT,9
0.567,-1.762,2,CASH_OUT,16
0.616,-1.767,2,CASH_OUT,14
-0.86,0.225,1,PAYMENT,9
0.54,-1.765,2,CASH_OUT,6
0.954,-0.075,3,CASH_OUT,17
0.152,0.034,3,CASH_OUT,7
-0.505,0.735,4,CASH_OUT,17
-2.672,1.024,4,PAYMENT,11
-2.166,0.818,4,PAYMENT,8
0.128,-1.642,2,CASH_OUT,12
-2.225,1.13,4,PAYMENT,2
0.891,-1.848,2,CASH_OUT,1
-4.5,0.961,4,PAYMENT,4
-0.655,0.238,1,PAYMENT,12
0.176,-1.643,2,CASH_OUT,12
1.255,-0.094,3,CASH_OUT,2
-3.384,1.148,4,PAYMENT,9
1.613,1.527,3,CASH_IN,17
0.96,1.227,0,CASH_IN,1
-2.684,0.971,4,PAYMENT,12
-1.422,-1.187,1,PAYMENT,17
-1.172,-1.24,1,PAYMENT,17
-3.008,-0.769,1,PAYMENT,8
0.786,-1.825,2,CASH_OUT,19
-1.24,-1.237,1,PAYMENT,1
-0.979,0.253,1,PAYMENT,10
-2.059,-0.996,1,PAYMENT,8
2.514,1.371,0,CASH_IN,16
-2.418,1.107,4,PAYMENT,1
-0.226,0.513,4,CASH_OUT,2
0.451,1.929,0,CASH_IN,6
-2.371,1.016,4,PAYMENT,8
0.422,-1.728,2,CASH_OUT,16
1.231,-0.085,3,CASH_OUT,9
-2.165,0.884,4,PAYMENT,2
-1.924,1.029,4,PAYMENT,13
1.974,1.063,3,CASH_IN,9
1.699,-1.966,2,TRANSFER,7
-2.114,1.108,4,PAYMENT,7
-1.284,-1.226,1,PAYMENT,11
-3.149,0.842,4,PAYMENT,7
1.205,-0.029,3,CASH_OUT,29
0.786,1.219,0,CASH_IN,14
1.458,-0.019,3,TRANSFER,8
0.556,-1.763,2,CASH_OUT,2
0.92,1.952,0,CASH_IN,1
0.207,0.151,3,CASH_OUT,7
2.184,1.485,0,CASH_IN,6
0.583,-1.682,2,TRANSFER,10
1.988,1.951,0,CASH_IN,10
1.759,1.909,0,CASH_IN,12
1.098,1.944,0,CASH_IN,13
1.529,-0.156,3,CASH_OUT,13
-1.511,-1.15,1,PAYMENT,14
-2.652,0.821,4,PAYMENT,16
2.564,-2.016,3,TRANSFER,14
0.795,-1.827,2,CASH_OUT,2
0.617,-0.445,3,CASH_OUT,17
0.613,-0.561,2,CASH_OUT,1
-0.312,-2.762,2,CASH_OUT,1
-2.344,0.82,4,PAYMENT,4
1.113,1.565,0,CASH_IN,11
-2.931,0.946,4,PAYMENT,9
-0.978,0.252,1,PAYMENT,2
2.456,1.458,0,CASH_IN,7
0.059,0.626,4,CASH_OUT,20
1.511,1.893,0,CASH_IN,8
0.341,1.76,0,CASH_IN,20
0.787,-0.006,3,CASH_OUT,14
1.39,2.071,0,CASH_IN,16
-0.346,-2.392,2,TRANSFER,7
1.201,-0.047,3,CASH_OUT,13
-0.719,0.207,1,PAYMENT,10
0.725,-1.806,2,CASH_OUT,23
1.265,1.921,0,CASH_IN,17
1.056,1.464,0,CASH_IN,14
-1.19,-1.235,1,PAYMENT,17
-3.381,0.935,4,PAYMENT,9
0.67,0.028,3,CASH_OUT,1
-1.884,-1.041,1,PAYMENT,8
-2.118,-0.992,1,PAYMENT,10
-1.433,0.121,1,PAYMENT,14
0.279,-1.688,2,CASH_OUT,14
-2.798,1.196,4,PAYMENT,8
-2.508,1.087,4,PAYMENT,11
-3.093,1.164,4,PAYMENT,22
-2.323,0.897,4,PAYMENT,21
1.361,-0.759,2,CASH_OUT,1
0.328,-1.694,2,CASH_OUT,25
2.225,-0.366,3,TRANSFER,9
1.944,0.887,3,CASH_IN,10
0.677,-1.784,2,CASH_OUT,7
1.102,-1.776,2,TRANSFER,6
-2.206,0.816,4,PAYMENT,14
-2.393,0.861,4,PAYMENT,6
1.017,-1.345,3,CASH_OUT,2
0.621,-1.79,2,CASH_OUT,11
1.453,-0.14,3,CASH_OUT,11
-1.921,-1.053,1,PAYMENT,2
-2.33,0.231,1,PAYMENT,5
2.06,-0.201,3,CASH_OUT,12
-2.107,1.051,4,PAYMENT,14
0.312,-1.714,2,CASH_OUT,14
-1.827,-1.076,1,PAYMENT,10
0.636,-1.783,2,CASH_OUT,10
-2.206,-0.969,1,PAYMENT,9
0.33,0.101,3,CASH_OUT,10
1.097,-0.077,3,CASH_OUT,2
2.448,1.34,3,CASH_IN,9
2.301,1.579,0,CASH_IN,8
1.738,1.885,0,CASH_IN,6
1.411,-0.109,3,CASH_OUT,9
2.338,-0.062,3,TRANSFER,8
-2.276,-0.937,1,PAYMENT,8
-2.505,0.819,4,PAYMENT,15
0.818,1.998,0,CASH_IN,16
0.953,-1.881,2,CASH_OUT,6
-3.023,0.868,4,PAYMENT,8
1.361,1.737,0,CASH_IN,11
-2.593,0.991,4,PAYMENT,2
1.75,1.96,0,CASH_IN,17
-1.306,0.287,1,PAYMENT,7
-2.186,-0.992,1,PAYMENT,15
1.597,1.667,0,CASH_IN,10
0.9,-1.851,2,CASH_OUT,13
-2.624,-0.884,1,PAYMENT,11
0.522,-1.779,2,CASH_OUT,9
0.02,-1.632,2,CASH_OUT,15
-1.496,-1.146,1,PAYMENT,1
0.901,-0.043,3,CASH_OUT,9
1.263,-0.114,3,CASH_OUT,13
-0.368,-2.651,2,CASH_OUT,8
-0.267,-0.062,2,CASH_OUT,6
0.772,-1.828,2,CASH_OUT,13
0.494,-1.762,2,CASH_OUT,10
1.598,-0.252,3,CASH_OUT,13
0.605,0.033,3,CASH_OUT,14
1.258,-1.83,2,TRANSFER,7
1.884,-1.967,2,TRANSFER,12
1.08,-1.775,2,TRANSFER,23
-2.753,1.249,4,PAYMENT,16
1.549,-0.154,3,CASH_OUT,6
-2.339,0.737,4,PAYMENT,6
0.686,1.156,0,CASH_IN,17
2.346,1.427,0,CASH_IN,9
-2.459,0.82,4,PAYMENT,13
1.021,-1.887,2,CASH_OUT,8
0.836,-1.962,3,CASH_OUT,6
1.467,1.85,0,CASH_IN,7
1.652,1.348,0,CASH_IN,23
-2.218,-0.966,1,PAYMENT,12
0.853,-0.137,3,CASH_OUT,16
-2.072,1.124,4,PAYMENT,6
1.305,1.981,0,CASH_IN,15
0.345,-1.724,2,CASH_OUT,17
1.452,1.206,0,CASH_IN,7
-0.819,1.938,0,CASH_IN,12
1.259,1.242,0,CASH_IN,16
-2.491,0.875,4,PAYMENT,27
0.488,-1.773,2,CASH_OUT,7
-0.365,0.028,3,PAYMENT,13
1.223,-0.135,3,CASH_OUT,6
0.765,-0.294,3,CASH_OUT,12
-0.561,-0.266,3,PAYMENT,15
1.691,0.04,3,TRANSFER,15
0.944,-1.851,2,CASH_OUT,13
-0.825,0.369,1,PAYMENT,17
-2.371,0.941,4,PAYMENT,14
-2.171,1.126,4,PAYMENT,17
2.782,1.414,3,CASH_IN,15
-0.092,-0.026,3,CASH_OUT,17
0.507,-1.728,2,CASH_OUT,18
0.636,0.049,3,CASH_OUT,17
1.637,1.954,0,CASH_IN,15
-0.165,-1.569,2,CASH_OUT,17
1.705,1.828,0,CASH_IN,14
-1.093,0.129,1,PAYMENT,5
1.516,-0.175,3,CASH_OUT,14
1.211,-0.454,3,CASH_OUT,1
0.86,-0.094,3,CASH_OUT,25
2.063,-0.295,3,CASH_OUT,17
0.799,-1.803,2,CASH_OUT,23
1.686,1.832,0,CASH_IN,14
-0.191,-1.569,2,CASH_OUT,6
-2.945,1.364,4,PAYMENT,1
-2.32,0.828,4,PAYMENT,8
1.571,1.845,0,CASH_IN,10
1.681,1.497,3,CASH_IN,1
-2.279,-0.944,1,PAYMENT,8
1.795,2.031,0,CASH_IN,2
1.471,1.669,0,CASH_IN,8
1.671,1.797,0,CASH_IN,10
-0.739,-1.459,2,CASH_OUT,10
0.994,-1.869,2,CASH_OUT,12
0.989,-1.878,2,CASH_OUT,13
1.541,0.026,3,TRANSFER,12
0.991,-1.892,2,CASH_OUT,13
1.301,-0.121,3,CASH_OUT,10
-1.394,-1.18,1,PAYMENT,9
1.341,1.796,0,CASH_IN,11
-0.583,0.566,4,CASH_OUT,16
1.339,-0.088,3,CASH_OUT,11
1.32,1.814,0,CASH_IN,16
1.991,1.857,0,CASH_IN,9
1.187,-1.938,2,CASH_OUT,16
1.241,2.01,0,CASH_IN,9
1.635,1.636,0,CASH_IN,25
0.688,1.411,0,CASH_IN,14
0.954,-1.861,2,CASH_OUT,11
1.655,1.621,0,CASH_IN,16
0.624,1.928,0,CASH_IN,9
-1.213,-1.219,1,PAYMENT,12
1.3,1.995,0,CASH_IN,17
-2.555,0.703,4,PAYMENT,2
-0.52,0.754,4,CASH_OUT,6
-0.017,-1.603,2,CASH_OUT,15
1.938,0.925,3,CASH_IN,14
1.341,1.727,0,CASH_IN,17
-1.186,-1.258,1,PAYMENT,13
-0.537,0.744,4,CASH_OUT,2
-0.939,0.463,4,CASH_OUT,13
1.098,-1.904,2,CASH_OUT,13
1.6,0.619,3,CASH_IN,16
1.656,2.073,0,CASH_IN,7
-1.82,-1.071,1,PAYMENT,7
2.047,1.295,0,CASH_IN,1
2.361,-0.095,3,TRANSFER,16
-1.688,-1.098,1,PAYMENT,11
1.682,1.508,0,CASH_IN,1
-2.188,-0.97,1,PAYMENT,2
-1.516,-1.138,1,PAYMENT,9
1.9,-0.031,3,TRANSFER,13
-2.513,0.875,4,PAYMENT,12
1.698,-0.108,3,CASH_OUT,16
-2.498,1.021,4,PAYMENT,9
-0.58,0.502,4,CASH_OUT,8
2.012,1.188,3,CASH_IN,13
1.349,-1.948,2,CASH_OUT,17
1.503,-0.66,3,CASH_OUT,20
0.307,-1.714,2,CASH_OUT,1
-2.908,0.948,4,PAYMENT,17
-1.347,-1.209,1,PAYMENT,8
-0.146,0.465,4,CASH_OUT,15
2.187,1.805,0,CASH_IN,14
-1.986,-1.018,1,PAYMENT,11
-1.293,-1.202,1,PAYMENT,6
2.094,1.514,0,CASH_IN,15
-2.152,0.838,4,PAYMENT,1
1.699,1.85,0,CASH_IN,12
1.288,1.835,0,CASH_IN,8
1.777,1.891,0,CASH_IN,7
-0.305,0.502,4,CASH_OUT,15
1.613,-0.518,3,CASH_OUT,9
-1.841,-1.091,1,PAYMENT,6
1.916,1.399,0,CASH_IN,6
2.024,-0.158,3,CASH_OUT,7
1.353,1.575,0,CASH_IN,6
0.905,0.089,3,CASH_OUT,13
0.934,-1.877,2,CASH_OUT,9
-0.643,0.094,3,PAYMENT,13
-2.772,0.918,4,PAYMENT,2
2.227,0.906,3,CASH_IN,15
-3.252,1.18,4,PAYMENT,18
1.904,-0.04,3,TRANSFER,13
-1.897,-1.073,1,PAYMENT,13
-0.448,0.756,4,TRANSFER,11
-2.751,1.041,4,PAYMENT,7
1.427,1.864,0,CASH_IN,4
-0.046,-1.601,2,CASH_OUT,6
0.103,-1.675,2,CASH_OUT,14
-2.734,1.239,4,PAYMENT,14
1.074,0.268,3,TRANSFER,13
0.751,-0.507,3,CASH_OUT,14
0.665,-1.811,2,CASH_OUT,14
1.397,-1.998,2,CASH_OUT,7
2.078,0.039,3,TRANSFER,8
0.866,-1.724,2,TRANSFER,29
-1.469,0.358,1,PAYMENT,12
0.35,-1.594,2,TRANSFER,8
-2.474,1.138,4,PAYMENT,16
0.611,-1.788,2,CASH_OUT,15
-2.137,1.049,4,PAYMENT,2
1.335,-0.048,3,CASH_OUT,10
-1.819,-1.061,1,PAYMENT,8
1.086,-0.424,3,CASH_OUT,12
-2.73,1.149,4,PAYMENT,9
-1.664,-1.093,1,PAYMENT,6
1.859,-0.412,3,CASH_OUT,21
2.553,-0.732,3,TRANSFER,17
0.667,-1.776,2,CASH_OUT,8
1.782,-0.208,3,CASH_OUT,10
-0.101,-1.461,2,TRANSFER,2
0.922,-0.016,3,CASH_OUT,8
2.032,1.515,0,CASH_IN,7
0.28,0.104,3,CASH_OUT,1
-3.272,-0.726,1,PAYMENT,17
1.037,1.983,0,CASH_IN,25
0.401,-1.715,2,CASH_OUT,7
0.811,-1.849,2,CASH_OUT,10
2.223,1.966,0,CASH_IN,16
0.571,1.756,0,CASH_IN,6
1.311,-0.488,3,TRANSFER,11
-2.815,1.182,4,PAYMENT,2
-2.102,0.838,4,PAYMENT,17
0.637,-1.764,2,CASH_OUT,17
-2.709,0.904,4,PAYMENT,2
0.866,1.911,0,CASH_IN,14
1.709,1.792,0,CASH_IN,10
-0.739,0.559,4,CASH_OUT,9
-1.474,0.331,1,PAYMENT,2
-2.354,0.749,4,PAYMENT,15
-2.159,-0.974,1,PAYMENT,13
1.934,2.0,0,CASH_IN,13
-1.941,0.935,4,PAYMENT,17
0.019,-0.674,3,CASH_OUT,10
0.081,0.102,3,CASH_OUT,12
-2.527,0.852,4,PAYMENT,6
1.143,1.942,0,CASH_IN,17
2.424,-0.127,3,TRANSFER,24
2.243,1.816,0,CASH_IN,16
-0.251,-1.586,2,CASH_OUT,17
1.087,0.821,3,CASH_IN,2
-0.232,0.521,4,CASH_OUT,10
0.631,-1.784,2,CASH_OUT,15
-1.974,1.124,4,PAYMENT,15
-3.288,0.987,4,PAYMENT,10
-2.163,0.792,4,PAYMENT,13
-2.109,0.915,4,PAYMENT,11
-2.282,0.737,4,PAYMENT,16
-1.33,-1.214,1,PAYMENT,11
1.969,1.837,0,CASH_IN,15
-1.099,-1.273,1,PAYMENT,13
2.003,1.873,0,CASH_IN,4
0.247,2.342,0,TRANSFER,26
1.505,-0.14,3,CASH_OUT,8
0.634,-1.776,2,CASH_OUT,15
0.213,0.073,3,CASH_OUT,12
-1.752,-1.096,1,PAYMENT,11
1.542,1.748,0,CASH_IN,15
0.614,1.717,0,CASH_IN,16
-1.204,0.278,1,PAYMENT,16
2.28,0.003,3,TRANSFER,7
-2.391,0.775,4,PAYMENT,16
1.462,1.833,0,CASH_IN,2
1.357,-0.121,3,CASH_OUT,14
0.395,-3.043,2,CASH_OUT,1
1.89,1.762,0,CASH_IN,14
-2.352,1.152,4,PAYMENT,6
1.323,1.582,0,CASH_IN,6
1.916,1.822,0,CASH_IN,15
-2.062,-0.995,1,PAYMENT,16
0.838,-1.734,2,TRANSFER,27
1.572,-0.803,2,CASH_OUT,11
-0.823,-1.401,2,CASH_OUT,10
2.276,1.319,3,CASH_IN,17
1.122,-1.308,3,CASH_OUT,6
0.044,1.476,0,CASH_IN,24
1.398,0.75,3,CASH_OUT,2
2.375,-0.058,3,TRANSFER,8
1.56,-0.091,3,CASH_OUT,1
1.574,1.333,0,CASH_IN,10
-0.695,0.201,3,PAYMENT,17
0.027,0.042,3,CASH_OUT,12
-0.1,0.591,4,CASH_OUT,8
0.873,-1.834,2,CASH_OUT,8
0.467,0.228,3,TRANSFER,16
2.102,1.412,0,CASH_IN,17
2.118,1.93,0,CASH_IN,2
1.272,-1.826,2,TRANSFER,6
1.207,-1.938,2,CASH_OUT,10
0.353,-1.728,2,CASH_OUT,8
0.732,-1.696,2,TRANSFER,8
-2.771,0.992,4,PAYMENT,1
-0.671,1.609,0,CASH_IN,9
-2.666,0.984,4,PAYMENT,14
-1.115,-1.258,1,PAYMENT,14
1.726,1.843,0,CASH_IN,22
2.569,1.227,3,CASH_IN,1
0.862,-0.153,3,CASH_OUT,8
0.815,-1.825,2,CASH_OUT,10
-1.265,0.303,1,PAYMENT,13
1.011,-1.787,2,TRANSFER,7
1.764,1.885,0,CASH_IN,13
-1.641,0.349,1,PAYMENT,12
2.153,-0.317,3,CASH_OUT,7
-1.267,0.418,4,PAYMENT,13
1.668,1.788,0,CASH_IN,13
0.156,2.071,0,CASH_IN,9
1.073,-0.666,2,CASH_OUT,1
-1.217,0.853,4,CASH_OUT,6
-0.69,0.236,4,CASH_OUT,7
-1.988,-1.014,1,PAYMENT,11
1.041,-1.888,2,CASH_OUT,12
1.2,-1.817,2,TRANSFER,8
0.846,0.013,3,CASH_OUT,10
-0.714,0.614,4,TRANSFER,29
1.334,-0.191,3,CASH_OUT,9
-0.868,-1.317,1,PAYMENT,16
-2.164,1.01,4,PAYMENT,13
0.32,0.198,3,TRANSFER,11
0.238,-1.694,2,CASH_OUT,16
-3.136,0.942,4,PAYMENT,14
0.973,0.029,3,CASH_OUT,17
1.13,-1.928,2,CASH_OUT,2
1.387,1.668,0,CASH_IN,6
0.654,1.929,0,CASH_IN,8
0.649,-1.774,2,CASH_OUT,15
0.554,-1.766,2,CASH_OUT,10
-2.29,-0.944,1,PAYMENT,1
-1.474,-1.163,1,PAYMENT,6
-0.314,0.173,3,PAYMENT,14
1.268,0.094,3,TRANSFER,6
-0.317,0.647,4,CASH_OUT,15
0.839,-0.051,3,CASH_OUT,12
0.758,-1.825,2,CASH_OUT,8
-1.299,-1.218,1,PAYMENT,1
-1.961,1.071,4,PAYMENT,1
0.205,-2.871,2,CASH_OUT,9
1.87,1.793,0,CASH_IN,10
1.297,1.914,0,CASH_IN,15
1.926,1.27,0,CASH_IN,8
-2.294,0.857,4,PAYMENT,7
0.368,-1.712,2,CASH_OUT,10
-2.665,1.264,4,PAYMENT,16
-1.166,0.78,4,CASH_OUT,8
-2.249,0.796,4,PAYMENT,16
0.954,-1.853,2,CASH_OUT,24
2.103,0.886,3,CASH_IN,16
-3.073,1.02,4,PAYMENT,16
2.664,1.386,3,CASH_IN,24
-1.189,-1.25,1,PAYMENT,1
1.069,-1.916,2,CASH_OUT,14
-2.919,-0.788,1,PAYMENT,2
-2.34,1.113,4,PAYMENT,1
1.344,1.433,3,CASH_IN,7
1.762,-0.156,3,CASH_OUT,21
-0.297,0.137,3,CASH_OUT,15
1.754,1.619,0,CASH_IN,29
-2.481,0.964,4,PAYMENT,17
-2.915,0.996,4,PAYMENT,17
1.655,2.024,0,CASH_IN,11
0.718,-1.822,2,CASH_OUT,11
1.51,1.536,3,CASH_IN,11
1.326,1.555,0,CASH_IN,7
0.334,-1.722,2,CASH_OUT,13
1.62,0.817,3,CASH_OUT,1
2.141,1.445,0,CASH_IN,11
-2.026,-1.012,1,PAYMENT,2
-3.12,1.241,4,PAYMENT,11
2.525,-0.296,3,TRANSFER,10
-1.43,-1.181,1,PAYMENT,24
1.859,-0.493,3,TRANSFER,11
-1.527,-1.258,1,CASH_OUT,2
-2.726,1.129,4,PAYMENT,7
-2.537,0.945,4,PAYMENT,12
-2.607,0.85,4,PAYMENT,12
0.616,-1.66,2,TRANSFER,9
2.172,-0.685,3,TRANSFER,9
0.167,0.096,3,CASH_OUT,14
2.221,1.444,0,CASH_IN,15
0.79,-1.816,2,CASH_OUT,15
0.544,-1.75,2,CASH_OUT,9
1.302,1.67,0,CASH_IN,9
1.081,0.086,3,CASH_OUT,2
0.508,0.083,3,CASH_OUT,9
-2.439,1.052,4,PAYMENT,10
0.028,0.633,4,CASH_OUT,2
-1.324,-1.198,1,PAYMENT,12
1.58,-0.161,3,CASH_OUT,10
-2.125,-1.011,1,PAYMENT,15
1.545,1.842,0,CASH_IN,1
-1.581,-1.132,1,PAYMENT,15
2.085,-0.272,3,CASH_OUT,14
-2.243,1.186,4,PAYMENT,8
-2.832,0.881,4,PAYMENT,13
0.985,-0.028,3,CASH_OUT,11
0.354,-1.089,3,CASH_OUT,17
-3.344,0.999,4,PAYMENT,1
-1.232,-1.232,1,PAYMENT,24
0.802,-1.83,2,CASH_OUT,14
-0.054,0.1,3,CASH_OUT,8
-1.324,-1.219,1,PAYMENT,11
1.833,1.314,3,CASH_IN,6
-2.202,1.194,4,PAYMENT,10
0.729,-1.805,2,CASH_OUT,8
-2.75,0.836,4,PAYMENT,13
0.635,-1.776,2,CASH_OUT,2
-2.094,0.872,4,DEBIT,29
-1.618,0.695,4,DEBIT,17
1.043,-1.405,3,TRANSFER,6
0.462,-1.765,2,CASH_OUT,11
-1.288,-1.199,1,PAYMENT,16
0.394,0.087,3,CASH_OUT,11
1.153,-1.0,3,TRANSFER,6
-0.747,-1.366,1,PAYMENT,15
0.941,1.485,0,CASH_IN,10
-3.71,1.451,4,PAYMENT,14
1.115,0.008,3,CASH_OUT,8
1.86,1.675,0,CASH_IN,7
-2.177,-1.03,1,PAYMENT,1
0.188,1.516,0,CASH_IN,17
-2.982,1.095,4,PAYMENT,18
1.081,-1.895,2,CASH_OUT,12
-1.063,0.974,4,TRANSFER,15
-2.223,-0.976,1,PAYMENT,12
2.276,0.705,3,CASH_IN,11
1.537,1.869,0,CASH_IN,12
-0.029,-1.629,2,CASH_OUT,15
-0.023,-1.614,2,CASH_OUT,1
-0.249,-0.021,3,CASH_OUT,7
1.757,2.041,0,CASH_IN,8
-0.801,0.662,4,CASH_OUT,15
-1.116,-1.233,1,PAYMENT,7
-2.328,0.839,4,PAYMENT,14
0.045,0.096,3,CASH_IN,1
-1.58,-1.122,1,PAYMENT,14
-0.517,-2.613,2,TRANSFER,1
2.722,1.342,3,CASH_IN,16
-1.7,-1.116,1,PAYMENT,13
-0.618,1.435,4,CASH_OUT,6
-1.203,0.205,1,PAYMENT,12
0.555,-1.786,2,CASH_OUT,10
-1.21,-1.244,1,PAYMENT,11
-2.182,1.207,4,PAYMENT,7
-2.459,0.915,4,PAYMENT,1
0.639,0.08,3,CASH_OUT,17
1.517,-0.103,3,CASH_OUT,22
1.308,2.094,0,CASH_IN,15
1.942,1.556,0,CASH_IN,15
-2.523,0.972,4,PAYMENT,7
0.862,-0.02,3,CASH_OUT,11
1.142,-1.936,2,CASH_OUT,2
1.031,1.067,3,CASH_IN,8
1.232,-0.081,3,CASH_OUT,14
1.513,-0.472,3,TRANSFER,15
1.981,2.03,0,CASH_IN,6
-1.995,1.131,4,PAYMENT,8
-3.266,1.206,4,PAYMENT,8
0.705,-0.043,3,TRANSFER,9
0.386,-0.052,3,CASH_OUT,9
1.137,1.944,0,CASH_IN,10
1.539,-0.608,3,CASH_OUT,13
0.063,-1.624,2,CASH_OUT,16
-0.498,0.555,4,CASH_OUT,13
0.9,-0.076,3,CASH_OUT,8
0.148,-0.979,3,CASH_OUT,6
1.63,-0.57,3,CASH_OUT,9
-2.064,0.877,4,PAYMENT,17
-0.559,0.229,1,PAYMENT,17
1.638,1.153,3,CASH_IN,13
0.768,1.509,0,CASH_IN,22
0.729,-1.821,2,CASH_OUT,7
0.876,-1.866,2,CASH_OUT,11
1.37,-0.735,2,CASH_OUT,1
1.351,1.967,0,CASH_IN,1
0.872,-1.839,2,CASH_OUT,6
1.675,1.979,0,CASH_IN,16
0.75,-1.797,2,CASH_OUT,1
0.733,-1.812,2,CASH_OUT,12
-0.298,0.723,4,CASH_OUT,6
2.624,1.343,0,CASH_IN,7
-1.297,0.261,1,PAYMENT,14
-0.861,0.581,4,CASH_OUT,6
1.245,-0.102,3,CASH_OUT,22
-0.157,0.624,4,CASH_OUT,8
1.215,0.123,3,TRANSFER,1
2.25,-0.174,3,TRANSFER,17
-1.114,-1.248,1,PAYMENT,14
0.043,-1.63,2,CASH_OUT,6
0.464,-1.638,2,TRANSFER,16
1.566,1.074,3,CASH_IN,6
-1.413,-1.15,1,PAYMENT,14
-2.648,1.013,4,PAYMENT,17
-2.654,1.209,4,PAYMENT,17
1.215,-1.252,3,CASH_OUT,1
-1.722,-1.117,1,PAYMENT,11
0.681,-1.82,2,CASH_OUT,9
0.717,-1.691,2,TRANSFER,10
2.147,-1.463,3,TRANSFER,2
1.005,-1.858,2,CASH_OUT,16
2.782,0.0,3,TRANSFER,6
0.453,-1.73,2,CASH_OUT,8
0.923,-1.855,2,CASH_OUT,2
2.272,1.803,0,CASH_IN,15
0.884,0.069,3,CASH_OUT,1
1.957,1.396,0,CASH_IN,1
1.512,1.652,0,CASH_IN,12
0.71,-1.812,2,CASH_OUT,13
0.413,-1.747,2,CASH_OUT,9
-1.303,-1.224,1,PAYMENT,1
-3.08,0.769,4,PAYMENT,14
-0.796,0.588,4,CASH_OUT,12
1.086,-1.053,3,TRANSFER,1
1.923,1.865,0,CASH_IN,10
-1.102,-1.332,1,CASH_OUT,10
-0.483,0.672,4,CASH_OUT,13
2.529,0.94,3,CASH_IN,14
1.474,1.821,0,CASH_IN,1
1.378,-0.815,2,CASH_OUT,1
0.992,-1.871,2,CASH_OUT,8
0.273,1.41,0,CASH_IN,12
0.111,-1.668,2,CASH_OUT,8
-2.148,1.035,4,PAYMENT,16
-1.032,0.392,1,PAYMENT,15
1.276,-1.933,2,CASH_OUT,12
-1.02,-1.254,1,PAYMENT,8
2.33,1.363,0,CASH_IN,2
-2.231,1.019,4,PAYMENT,6
1.019,-1.07,2,TRANSFER,12
-0.924,0.251,1,PAYMENT,17
-1.849,-1.05,1,PAYMENT,11
0.896,-0.013,3,CASH_OUT,11
0.273,1.738,0,CASH_OUT,10
-2.179,0.889,4,PAYMENT,22
1.158,1.473,3,CASH_IN,12
1.812,1.998,0,CASH_IN,7
1.52,-0.64,3,CASH_OUT,9
-2.741,0.993,4,PAYMENT,2
0.282,-1.686,2,CASH_OUT,11
0.646,-0.041,3,CASH_OUT,14
2.086,1.686,0,CASH_IN,1
-3.61,0.944,4,PAYMENT,9
-1.56,-1.113,1,PAYMENT,2
-2.432,0.851,4,PAYMENT,13
-2.717,1.156,4,PAYMENT,6
1.212,-0.939,3,TRANSFER,15
-2.395,-0.91,1,PAYMENT,8
1.551,1.668,0,CASH_IN,10
-2.257,-0.953,1,PAYMENT,1
0.47,-1.744,2,CASH_OUT,1
-2.466,1.211,4,PAYMENT,9
-0.335,1.331,0,CASH_IN,6
-2.404,0.802,4,PAYMENT,2
0.789,-1.841,2,CASH_OUT,2
1.214,-1.943,2,CASH_OUT,7
-1.961,-1.025,1,PAYMENT,7
-2.03,0.94,4,PAYMENT,11
-2.316,0.927,4,PAYMENT,1
-1.617,-1.102,1,PAYMENT,13
-1.703,-1.112,1,PAYMENT,11
1.217,1.92,0,CASH_IN,15
1.725,-0.068,3,CASH_OUT,13
2.383,1.293,3,CASH_IN,13
-2.708,0.989,4,PAYMENT,29
-2.939,0.861,4,PAYMENT,9
-2.085,-0.986,1,PAYMENT,11
0.536,-1.737,2,CASH_OUT,28
-0.351,-1.55,2,CASH_OUT,2
-0.657,0.079,3,PAYMENT,9
1.573,1.227,0,CASH_IN,14
-0.07,-0.239,3,CASH_OUT,12
0.184,-1.663,2,CASH_OUT,2
2.108,1.663,0,CASH_IN,21
1.099,-0.093,3,CASH_OUT,13
-2.406,0.863,4,PAYMENT,8
-2.727,1.305,4,PAYMENT,1
1.646,-0.179,3,CASH_OUT,17
-0.734,0.236,1,PAYMENT,9
1.069,-1.884,2,CASH_OUT,16
-2.569,1.147,4,PAYMENT,2
-1.056,0.654,4,TRANSFER,14
0.806,-1.843,2,CASH_OUT,6
-1.305,-1.195,1,PAYMENT,13
0.596,0.025,3,CASH_OUT,9
0.886,-1.842,2,CASH_OUT,17
1.111,-1.403,3,CASH_OUT,2
0.524,0.068,3,CASH_OUT,13
1.085,1.63,0,CASH_IN,17
-1.213,-1.226,1,PAYMENT,17
2.041,1.706,0,CASH_IN,7
-1.473,-1.149,1,PAYMENT,14
1.015,-1.881,2,CASH_OUT,17
1.714,1.344,0,CASH_IN,11
1.754,1.302,0,CASH_IN,17
1.045,-0.011,3,CASH_OUT,9
0.613,-1.785,2,CASH_OUT,1
-1.751,-1.067,1,PAYMENT,6
1.557,-0.418,3,CASH_OUT,9
1.976,1.818,0,CASH_IN,6
-1.349,-1.195,1,PAYMENT,6
0.517,-1.75,2,CASH_OUT,14
0.918,-1.723,2,TRANSFER,4
-3.277,0.964,4,PAYMENT,11
-1.039,-1.274,1,PAYMENT,14
1.806,1.459,0,CASH_IN,20
1.907,1.495,0,CASH_IN,1
1.831,-1.34,3,TRANSFER,6
0.404,0.071,3,CASH_OUT,9
1.732,-1.968,2,TRANSFER,17
-1.706,-1.093,1,PAYMENT,2
1.22,-1.948,2,CASH_OUT,17
1.163,0.0,3,TRANSFER,11
0.93,-1.865,2,CASH_OUT,6
-0.969,0.512,4,CASH_OUT,23
-3.418,1.288,4,PAYMENT,10
2.234,1.814,0,CASH_IN,6
-0.229,0.07,3,CASH_OUT,10
1.007,-1.882,2,CASH_OUT,13
1.985,0.038,3,TRANSFER,10
-0.467,0.631,4,CASH_OUT,14
0.755,-1.792,2,CASH_OUT,8
-2.103,0.244,1,PAYMENT,10
-1.337,-1.208,1,PAYMENT,14
2.167,-0.48,3,TRANSFER,8
-3.314,0.659,4,PAYMENT,6
-0.329,0.108,3,PAYMENT,22
1.247,-0.073,3,TRANSFER,17
-0.381,-0.014,3,PAYMENT,15
1.496,-0.133,3,CASH_OUT,6
-2.608,1.183,4,PAYMENT,25
0.88,-1.828,2,CASH_OUT,17
-1.267,0.405,1,PAYMENT,15
1.004,-1.824,2,TRANSFER,15
-1.395,0.222,1,PAYMENT,9
1.581,2.074,0,CASH_IN,17
2.153,1.648,0,CASH_IN,8
0.552,-1.755,2,CASH_OUT,1
1.813,-0.111,3,CASH_OUT,17
-0.493,-1.079,3,CASH_OUT,8
-2.988,1.05,4,PAYMENT,12
-1.866,1.141,4,PAYMENT,1
0.267,0.194,3,TRANSFER,14
1.25,0.046,3,TRANSFER,16
1.047,0.01,3,CASH_OUT,2
0.173,-3.203,2,CASH_OUT,1
-0.976,-0.14,4,CASH_OUT,1
0.024,-0.465,3,CASH_IN,1
0.243,-1.685,2,CASH_OUT,2
1.753,1.743,0,CASH_IN,12
0.695,-1.789,2,CASH_OUT,14
-2.094,0.153,1,PAYMENT,8
1.354,-0.112,3,CASH_OUT,10
-1.371,0.752,4,CASH_OUT,14
-1.793,-1.096,1,PAYMENT,16
1.902,1.786,0,CASH_IN,10
2.177,-0.413,3,TRANSFER,15
-2.1,0.852,4,PAYMENT,13
0.771,-1.701,2,TRANSFER,10
-0.065,0.579,4,CASH_OUT,13
-2.881,1.076,4,PAYMENT,13
-2.432,1.025,4,PAYMENT,1
1.832,1.598,0,CASH_IN,13
1.539,-0.193,3,CASH_OUT,16
-1.968,-1.037,1,PAYMENT,2
-3.429,0.823,4,PAYMENT,17
0.335,-1.722,2,CASH_OUT,1
1.857,1.751,0,CASH_IN,15
0.716,-0.057,3,CASH_OUT,15
-1.474,-1.17,1,PAYMENT,14
1.599,-3.044,2,TRANSFER,13
-1.521,-1.161,1,PAYMENT,6
-2.474,0.777,4,PAYMENT,2
-1.737,-1.092,1,PAYMENT,6
2.245,1.222,3,TRANSFER,1
0.941,1.779,0,CASH_IN,6
-1.46,-1.188,1,PAYMENT,8
-2.524,1.014,4,PAYMENT,7
0.789,-0.227,3,CASH_OUT,15
2.17,1.765,0,CASH_IN,16
-1.174,-1.246,1,PAYMENT,11
2.365,-0.034,3,TRANSFER,17
-1.54,0.766,4,DEBIT,1
0.924,-1.839,2,CASH_OUT,1
1.009,-1.899,2,CASH_OUT,16
1.858,0.011,3,TRANSFER,12
0.502,0.13,3,CASH_OUT,16
2.128,1.056,0,CASH_OUT,6
1.603,0.018,3,TRANSFER,8
-2.257,0.851,4,PAYMENT,6
1.221,1.913,0,CASH_IN,16
2.142,0.619,3,CASH_OUT,1
0.836,-3.166,2,TRANSFER,1
1.422,1.528,0,CASH_IN,16
-3.199,-0.734,1,PAYMENT,2
-1.768,0.28,1,PAYMENT,2
-2.15,0.916,4,PAYMENT,2
2.087,1.79,0,CASH_IN,8
1.356,-1.978,2,CASH_OUT,1
-2.089,0.228,1,PAYMENT,9
-1.619,-1.115,1,PAYMENT,7
1.571,1.886,0,CASH_IN,13
0.673,0.095,3,CASH_OUT,6
-0.74,0.625,4,CASH_OUT,6
1.699,1.241,3,CASH_IN,19
1.026,0.052,3,CASH_OUT,9
-1.111,2.234,4,CASH_IN,8
0.631,0.101,3,CASH_OUT,2
0.884,-1.841,2,CASH_OUT,12
0.686,-1.775,2,CASH_OUT,14
-1.571,-1.128,1,PAYMENT,11
-2.747,1.066,4,PAYMENT,17
0.17,-0.212,3,CASH_IN,1
1.73,1.324,0,CASH_IN,7
1.188,-0.084,3,CASH_OUT,2
1.693,-0.697,2,CASH_OUT,1
-1.726,0.663,4,CASH_OUT,7
-0.64,0.082,4,CASH_IN,1
1.411,1.983,0,CASH_IN,1
-2.178,1.055,4,PAYMENT,7
-0.078,-1.613,2,CASH_OUT,15
0.931,-1.858,2,CASH_OUT,16
-1.401,0.396,4,CASH_OUT,12
-1.482,-1.182,1,PAYMENT,9
-2.223,1.272,4,PAYMENT,1
-2.209,1.149,4,PAYMENT,10
1.641,-0.6,3,CASH_OUT,16
1.976,1.965,0,CASH_IN,12
-2.257,0.974,4,PAYMENT,9
1.511,-0.154,3,CASH_OUT,7
-2.066,0.949,4,PAYMENT,20
-2.399,-0.906,1,PAYMENT,13
-3.521,0.993,4,PAYMENT,13
-0.091,-0.106,3,CASH_IN,1
-2.78,0.967,4,PAYMENT,23
-0.946,-1.311,1,PAYMENT,16
-0.903,-1.322,1,PAYMENT,8
-1.032,-1.261,1,PAYMENT,9
2.409,1.317,3,CASH_IN,9
0.63,-1.794,2,CASH_OUT,12
1.175,-0.146,3,CASH_OUT,17
1.628,2.007,0,CASH_IN,1
-3.513,1.111,4,PAYMENT,1
-2.157,0.814,4,PAYMENT,17
-1.972,0.832,4,PAYMENT,30
-1.492,-1.173,1,PAYMENT,12
2.357,1.757,0,CASH_IN,14
-0.299,-2.798,2,CASH_OUT,1
0.634,-1.796,2,CASH_OUT,11
1.991,-0.227,3,CASH_OUT,7
1.07,-1.759,2,TRANSFER,16
2.294,1.32,3,CASH_IN,17
0.928,1.929,0,CASH_IN,23
1.367,-1.844,2,TRANSFER,9
-2.278,0.959,4,PAYMENT,29
0.438,0.086,3,CASH_OUT,1
1.523,0.126,3,TRANSFER,10
0.459,-0.333,2,CASH_IN,6
1.89,2.027,0,CASH_IN,15
-1.51,-1.136,1,PAYMENT,7
-2.162,0.945,4,PAYMENT,16
-2.951,0.762,4,PAYMENT,14
0.839,-1.835,2,CASH_OUT,17
1.16,-0.86,2,CASH_OUT,1
1.327,-1.858,2,TRANSFER,13
-2.334,1.024,4,PAYMENT,7
-2.097,1.072,4,PAYMENT,14
-1.548,-1.126,1,PAYMENT,1
-2.973,-0.774,1,PAYMENT,12
0.99,1.572,0,CASH_IN,14
0.477,-1.741,2,CASH_OUT,7
-0.046,-0.315,1,CASH_IN,10
2.721,1.373,0,CASH_IN,13
1.387,0.025,3,CASH_OUT,9
0.997,-0.057,3,CASH_OUT,11
0.334,-1.693,2,CASH_OUT,10
1.028,-1.878,2,CASH_OUT,6
0.417,-1.721,2,CASH_OUT,9
0.897,-1.845,2,CASH_OUT,13
-2.648,0.909,4,PAYMENT,6
-2.994,-0.769,1,PAYMENT,1
-2.102,0.955,4,PAYMENT,13
0.865,1.772,0,CASH_IN,6
-1.489,0.804,4,CASH_OUT,13
0.597,0.67,3,CASH_OUT,16
1.955,2.018,0,CASH_IN,15
0.853,-1.852,2,CASH_OUT,24
2.185,1.401,0,CASH_IN,2
-2.328,0.935,4,PAYMENT,17
1.273,-0.139,3,CASH_OUT,15
-1.11,-1.259,1,PAYMENT,6
-3.084,1.033,4,PAYMENT,9
0.819,-1.844,2,CASH_OUT,16
1.648,-0.168,3,CASH_OUT,16
2.014,1.425,0,CASH_IN,29
-1.37,-1.193,1,PAYMENT,2
1.26,-0.113,3,CASH_OUT,13
-1.93,-1.057,1,PAYMENT,1
-2.575,1.064,4,PAYMENT,10
1.171,-0.071,3,CASH_OUT,14
1.276,-0.096,3,CASH_OUT,12
1.633,1.284,0,CASH_IN,13
-2.062,-0.995,1,PAYMENT,25
0.492,1.449,0,CASH_IN,13
-2.391,1.136,4,PAYMENT,2
0.966,-1.879,2,CASH_OUT,24
-2.531,0.867,4,PAYMENT,13
1.614,-0.151,3,CASH_OUT,13
2.333,1.278,3,CASH_IN,15
-0.48,-0.086,3,PAYMENT,11
0.97,-1.857,2,CASH_OUT,7
-0.873,-1.337,1,PAYMENT,17
-0.835,-2.778,2,CASH_OUT,1
1.485,-0.32,2,CASH_IN,14
-0.272,0.354,3,TRANSFER,2
2.501,-1.079,3,TRANSFER,10
0.922,-1.856,2,CASH_OUT,2
1.857,1.962,0,CASH_IN,15
0.809,-1.84,2,CASH_OUT,15
1.513,-0.676,3,CASH_OUT,2
1.628,1.913,0,CASH_IN,8
1.823,-0.58,3,CASH_OUT,17
0.836,-1.85,2,CASH_OUT,14
1.285,-1.96,2,CASH_OUT,7
-1.863,0.978,4,PAYMENT,17
1.665,-0.578,3,CASH_OUT,13
0.716,0.023,3,CASH_OUT,8
0.126,-1.645,2,CASH_OUT,2
1.085,1.615,0,CASH_IN,16
-2.474,1.208,4,PAYMENT,14
-3.213,1.291,4,PAYMENT,11
-3.641,1.067,4,PAYMENT,12
-0.184,0.746,4,TRANSFER,11
-2.353,-0.928,1,PAYMENT,20
-0.278,-0.24,4,CASH_IN,9
-2.349,1.014,4,PAYMENT,8
-1.621,-1.136,1,PAYMENT,15
2.032,1.983,0,CASH_IN,9
-1.493,-1.151,1,PAYMENT,7
0.794,-0.294,3,CASH_OUT,9
0.797,1.78,0,CASH_IN,6
2.36,1.939,0,CASH_IN,12
-0.511,0.693,4,CASH_OUT,13
0.8,-1.815,2,CASH_OUT,8
1.743,1.653,0,CASH_IN,15
-2.59,1.178,4,PAYMENT,9
0.246,1.554,0,CASH_IN,7
-1.77,-1.105,1,PAYMENT,12
1.829,-0.227,3,TRANSFER,9
1.89,1.796,0,CASH_IN,23
2.046,-0.459,3,TRANSFER,16
-1.301,-1.186,1,PAYMENT,9
-2.152,1.169,4,PAYMENT,2
-1.585,-1.142,1,PAYMENT,13
-1.077,-0.45,4,CASH_OUT,1
1.104,2.021,0,CASH_IN,2
-2.396,-0.907,1,PAYMENT,1
1.072,0.256,3,TRANSFER,16
0.837,-1.853,2,CASH_OUT,12
1.264,0.099,3,CASH_OUT,15
2.267,1.822,0,CASH_IN,9
-0.983,0.683,4,TRANSFER,25
2.084,1.805,0,CASH_IN,16
0.413,-1.718,2,CASH_OUT,11
-2.748,0.952,4,PAYMENT,13
0.584,-1.79,2,CASH_OUT,11
0.995,-1.877,2,CASH_OUT,11
0.855,-1.853,2,CASH_OUT,16
-3.106,0.872,4,PAYMENT,12
1.074,1.424,0,CASH_IN,17
0.861,1.78,0,CASH_IN,14
1.855,1.373,0,CASH_IN,25
-1.339,-1.19,1,PAYMENT,1
0.355,-1.715,2,CASH_OUT,29
1.714,1.895,0,CASH_IN,23
1.316,-1.973,2,CASH_OUT,16
1.729,1.378,0,CASH_IN,1
-2.393,1.033,4,PAYMENT,11
2.62,1.324,3,CASH_IN,6
0.296,-1.714,2,CASH_OUT,13
-2.568,1.139,4,PAYMENT,10
0.937,-1.851,2,CASH_OUT,6
0.28,-1.708,2,CASH_OUT,8
1.079,-1.883,2,CASH_OUT,15
1.897,1.818,0,CASH_IN,7
-2.387,1.032,4,PAYMENT,10
0.747,-1.817,2,CASH_OUT,15
1.236,-1.165,3,TRANSFER,1
1.312,1.894,0,CASH_IN,17
0.933,-0.133,3,CASH_OUT,13
-1.356,-1.175,1,PAYMENT,6
-1.888,-1.057,1,PAYMENT,13
-2.115,0.836,4,PAYMENT,14
0.676,0.098,3,CASH_OUT,10
1.519,2.008,0,CASH_IN,7
-1.617,-1.116,1,PAYMENT,16
-2.207,-0.965,1,PAYMENT,13
-0.073,-1.268,3,CASH_OUT,1
-2.687,0.94,4,PAYMENT,11
-0.173,0.259,3,CASH_OUT,15
2.151,1.369,3,CASH_IN,15
2.256,1.857,0,CASH_IN,16
-2.016,0.835,4,PAYMENT,10
-2.653,1.034,4,PAYMENT,11
1.871,1.83,0,CASH_IN,12
-0.319,0.197,4,CASH_OUT,7
-2.335,-0.944,1,PAYMENT,12
0.92,-1.832,2,CASH_OUT,7
-0.674,0.673,4,CASH_OUT,1
0.552,-1.762,2,CASH_OUT,14
0.586,-1.755,2,CASH_OUT,8
-3.505,1.385,4,PAYMENT,18
2.533,1.359,3,CASH_IN,11
-1.785,-1.084,1,PAYMENT,7
-1.178,-1.252,1,PAYMENT,15
0.196,0.216,3,TRANSFER,8
-2.758,0.828,4,PAYMENT,15
0.9,0.047,3,CASH_OUT,14
0.754,2.032,0,CASH_IN,6
-1.709,-1.103,1,PAYMENT,8
2.046,-0.039,3,TRANSFER,6
1.776,-0.479,3,CASH_OUT,8
-2.39,0.938,4,PAYMENT,4
1.952,-0.36,3,CASH_OUT,1
-2.187,-0.999,1,PAYMENT,9
-2.339,0.846,4,PAYMENT,2
-1.63,-1.116,1,PAYMENT,7
-1.251,-1.202,1,PAYMENT,7
0.487,-1.615,2,TRANSFER,2
-2.272,-0.949,1,PAYMENT,16
-1.153,0.345,4,CASH_OUT,19
1.006,-1.869,2,CASH_OUT,12
0.856,-3.165,2,TRANSFER,1
0.805,-1.833,2,CASH_OUT,9
-0.984,0.293,1,PAYMENT,7
1.357,-1.971,2,CASH_OUT,14
0.191,0.081,3,CASH_OUT,12
-1.48,-0.694,4,CASH_OUT,1
2.921,1.22,3,CASH_IN,1
1.744,1.457,3,CASH_IN,14
2.557,1.025,3,CASH_IN,17
-1.225,0.224,1,PAYMENT,12
1.28,-0.774,3,CASH_OUT,12
1.554,1.515,3,CASH_IN,10
0.773,-1.841,2,CASH_OUT,13
-2.964,-0.773,1,PAYMENT,8
0.452,-1.75,2,CASH_OUT,7
-2.317,1.096,4,PAYMENT,12
0.889,-0.012,3,CASH_OUT,10
-0.944,0.663,4,CASH_OUT,7
-2.686,0.909,4,PAYMENT,9
1.188,-0.097,3,CASH_OUT,12
-1.257,-1.222,1,PAYMENT,15
1.077,-0.212,3,CASH_OUT,14
-0.048,-1.592,2,CASH_OUT,12
1.342,1.917,0,CASH_IN,14
-2.357,0.788,4,PAYMENT,15
0.91,-1.853,2,CASH_OUT,12
-2.04,1.026,4,PAYMENT,1
-2.515,0.846,4,PAYMENT,16
1.376,1.766,0,CASH_IN,2
0.889,-1.844,2,CASH_OUT,16
-2.391,1.083,4,PAYMENT,29
-2.473,0.954,4,PAYMENT,13
-1.29,-1.224,1,PAYMENT,11
-1.529,-1.156,1,PAYMENT,17
1.298,-1.972,2,CASH_OUT,6
1.984,-0.236,3,CASH_OUT,10
1.342,1.859,0,CASH_IN,7
-2.126,1.052,4,PAYMENT,16
-1.452,-1.186,1,PAYMENT,7
-1.632,-1.123,1,PAYMENT,13
1.461,-0.554,2,TRANSFER,1
1.685,-0.341,3,CASH_OUT,13
-1.712,0.668,4,CASH_OUT,8
-3.169,0.875,4,PAYMENT,17
0.854,-1.826,2,CASH_OUT,12
-2.28,0.823,4,PAYMENT,13
-3.313,1.043,4,PAYMENT,6
-2.618,-0.85,1,PAYMENT,7
0.591,0.032,3,CASH_OUT,12
-2.287,0.858,4,PAYMENT,6
1.807,1.791,0,CASH_IN,11
-2.434,1.136,4,PAYMENT,10
2.863,1.396,0,CASH_IN,2
-2.146,1.07,4,DEBIT,8
2.556,1.239,3,CASH_IN,10
-0.325,-1.414,2,TRANSFER,11
0.9,1.248,0,CASH_IN,10
1.559,2.061,0,CASH_IN,9
1.635,0.187,3,TRANSFER,2
0.362,-1.713,2,CASH_OUT,17
-2.299,0.879,4,PAYMENT,16
-2.618,0.69,4,PAYMENT,15
1.914,-0.176,3,CASH_OUT,14
1.601,1.797,0,CASH_IN,11
1.246,-0.127,3,CASH_OUT,6
1.966,1.918,0,CASH_IN,15
0.492,-1.733,2,CASH_OUT,15
1.254,1.812,0,CASH_IN,7
0.808,-1.83,2,CASH_OUT,8
2.031,-1.009,2,CASH_OUT,1
-1.24,0.46,4,PAYMENT,14
-2.379,0.935,4,PAYMENT,13
0.707,0.044,3,TRANSFER,20
1.788,1.737,0,CASH_IN,17
-1.47,-1.15,1,PAYMENT,17
1.875,-2.005,2,TRANSFER,16
-0.043,-0.063,3,CASH_OUT,2
0.794,1.517,0,CASH_IN,2
-1.299,-1.225,1,PAYMENT,6
0.126,-1.677,2,CASH_OUT,8
0.349,-2.738,2,CASH_OUT,6
-2.752,1.012,4,PAYMENT,7
-1.335,-1.191,1,PAYMENT,13
1.101,-1.777,2,TRANSFER,15
1.228,-0.212,3,CASH_OUT,10
0.309,0.117,3,CASH_OUT,15
2.548,1.41,0,CASH_IN,1
0.641,0.006,3,CASH_OUT,16
0.803,1.64,0,CASH_IN,9
0.488,-1.728,2,CASH_OUT,12
0.078,0.492,4,CASH_OUT,7
-0.019,-1.638,2,CASH_OUT,15
0.021,-1.619,2,CASH_OUT,8
0.869,-1.843,2,CASH_OUT,11
0.041,-0.998,3,CASH_OUT,2
0.988,-1.893,2,CASH_OUT,16
1.431,-0.703,3,CASH_OUT,13
2.482,-0.345,3,TRANSFER,11
-0.883,-1.328,1,PAYMENT,7
1.293,-0.046,3,CASH_OUT,15
-2.342,0.88,4,PAYMENT,1
-2.272,1.089,4,PAYMENT,2
-1.756,0.402,4,PAYMENT,2
0.33,-0.501,3,CASH_OUT,15
1.312,-1.97,2,CASH_OUT,12
-2.277,1.001,4,PAYMENT,11
1.8,1.718,0,CASH_IN,9
-2.223,1.029,4,PAYMENT,12
0.911,-1.837,2,CASH_OUT,7
-0.856,-1.373,1,PAYMENT,16
0.766,1.544,0,CASH_IN,12
1.114,-0.043,3,CASH_OUT,8
-2.495,1.07,4,PAYMENT,11
-2.21,0.747,4,PAYMENT,8
3.048,1.196,3,CASH_IN,13
2.174,1.328,0,CASH_IN,16
-0.197,-0.131,3,CASH_OUT,15
-1.4,-1.203,1,PAYMENT,13
-0.539,-1.464,2,CASH_OUT,7
0.999,-1.898,2,CASH_OUT,7
0.14,1.53,0,CASH_IN,8
1.013,-1.907,2,CASH_OUT,15
1.405,-0.184,3,CASH_OUT,6
1.293,-0.064,3,CASH_OUT,30
1.331,1.913,0,CASH_IN,18
-2.829,1.04,4,PAYMENT,10
-1.716,-1.112,1,PAYMENT,6
1.0,1.445,0,CASH_IN,9
-2.409,0.983,4,PAYMENT,12
1.413,-0.879,3,CASH_OUT,8
2.116,-0.135,3,CASH_OUT,8
2.117,1.788,0,CASH_IN,17
1.407,1.811,0,CASH_IN,14
1.811,1.798,0,CASH_IN,10
1.055,1.794,0,CASH_IN,2
-2.364,0.782,4,PAYMENT,6
-2.58,1.147,4,PAYMENT,6
1.191,-0.172,3,CASH_OUT,15
1.414,-0.089,3,CASH_OUT,17
-2.076,1.048,4,PAYMENT,17
-1.786,-1.062,1,PAYMENT,17
0.445,-3.019,2,CASH_OUT,10
1.085,-1.915,2,CASH_OUT,17
1.785,-0.146,3,CASH_OUT,10
-1.169,0.412,1,PAYMENT,6
-0.71,0.217,3,PAYMENT,13
0.498,-1.772,2,CASH_OUT,22
-2.367,1.111,4,PAYMENT,24
-2.223,0.949,4,PAYMENT,2
1.318,-1.969,2,CASH_OUT,6
-0.47,-1.486,2,CASH_OUT,11
0.942,-1.748,2,TRANSFER,16
2.202,-2.052,2,TRANSFER,14
-1.741,-1.095,1,PAYMENT,29
-2.621,1.166,4,PAYMENT,8
-2.992,1.319,4,PAYMENT,12
-2.513,0.784,4,PAYMENT,17
2.175,1.322,3,CASH_IN,2
0.943,-1.88,2,CASH_OUT,15
-0.785,0.438,4,CASH_OUT,17
1.042,2.102,0,CASH_IN,13
0.459,-1.761,2,CASH_OUT,16
0.84,-1.71,2,TRANSFER,13
0.765,-0.235,3,CASH_OUT,17
1.641,2.075,0,CASH_IN,17
0.86,1.496,0,CASH_IN,10
-3.676,0.99,4,PAYMENT,13
-1.138,-1.248,1,PAYMENT,13
1.286,-0.054,3,CASH_OUT,8
-1.848,0.633,4,CASH_OUT,7
1.258,-0.112,3,CASH_OUT,2
0.77,0.091,3,CASH_OUT,24
0.873,1.663,0,CASH_IN,2
-1.464,-1.158,1,PAYMENT,6
1.498,-0.097,3,CASH_OUT,2
0.562,-1.76,2,CASH_OUT,2
-3.886,-0.538,1,PAYMENT,16
0.256,-2.842,2,TRANSFER,1
0.42,0.075,3,CASH_OUT,7
0.893,-1.854,2,CASH_OUT,13
-3.128,0.982,4,PAYMENT,12
-1.126,-1.262,1,PAYMENT,14
1.372,-1.965,2,CASH_OUT,2
0.896,-1.85,2,CASH_OUT,13
1.435,1.54,0,CASH_IN,7
1.412,-0.131,3,CASH_OUT,13
-1.195,-1.223,1,PAYMENT,7
1.768,1.344,3,CASH_IN,17
-0.646,-2.765,2,CASH_OUT,1
0.904,1.899,0,CASH_IN,8
0.804,-1.815,2,CASH_OUT,9
1.636,1.596,3,CASH_IN,14
-0.22,-2.686,2,CASH_OUT,8
-1.764,-1.182,1,CASH_OUT,16
0.899,-1.735,2,TRANSFER,13
1.513,-0.134,3,CASH_OUT,6
0.517,-1.766,2,CASH_OUT,6
1.669,-1.381,3,TRANSFER,1
-1.652,-0.2,4,CASH_OUT,7
0.519,-1.777,2,CASH_OUT,9
-1.154,0.799,4,CASH_OUT,16
-1.028,0.191,3,PAYMENT,7
1.317,1.993,0,CASH_IN,13
-0.86,0.365,1,PAYMENT,11
0.886,-1.851,2,CASH_OUT,16
1.885,-0.71,3,CASH_OUT,1
-3.569,1.089,4,PAYMENT,11
-0.886,-0.273,4,CASH_OUT,1
-0.813,0.233,3,PAYMENT,7
1.595,1.755,0,CASH_IN,11
0.781,1.731,0,CASH_IN,15
-2.43,0.773,4,PAYMENT,1
1.69,1.858,0,CASH_IN,10
2.346,1.335,0,CASH_IN,14
-0.647,0.353,4,CASH_OUT,13
1.302,-0.067,3,CASH_OUT,6
1.094,-0.077,3,CASH_OUT,16
-2.773,1.007,4,PAYMENT,14
-1.767,-1.074,1,PAYMENT,15
1.251,1.934,0,CASH_IN,16
0.709,-1.803,2,CASH_OUT,17
-1.113,0.181,1,PAYMENT,2
0.462,-1.741,2,CASH_OUT,6
-2.394,1.06,4,PAYMENT,9
1.972,1.845,0,CASH_IN,15
1.299,1.767,0,CASH_IN,12
-1.599,-1.131,1,PAYMENT,7
1.083,-1.84,2,TRANSFER,26
-2.637,0.81,4,PAYMENT,15
-2.548,1.132,4,PAYMENT,2
0.735,-1.806,2,CASH_OUT,12
1.945,1.634,0,CASH_IN,11
0.307,-1.693,2,CASH_OUT,6
-1.096,-1.234,1,PAYMENT,8
-2.384,-0.91,1,PAYMENT,4
-1.42,0.245,1,PAYMENT,17
-1.572,-1.134,1,PAYMENT,29
1.584,1.229,3,CASH_IN,2
1.64,-0.231,3,CASH_OUT,15
0.195,-2.866,2,CASH_OUT,9
0.877,1.239,0,CASH_IN,16
-1.21,-1.241,1,PAYMENT,13
-0.231,0.008,3,CASH_OUT,11
0.723,-1.795,2,CASH_OUT,6
2.455,-0.152,3,TRANSFER,8
0.954,-1.848,2,CASH_OUT,1
1.234,0.094,3,CASH_OUT,11
2.499,1.346,0,CASH_IN,14
-2.986,1.208,4,PAYMENT,4
-0.613,-0.078,3,PAYMENT,7
-0.607,0.641,4,CASH_OUT,8
1.077,-1.918,2,CASH_OUT,6
1.186,1.392,3,CASH_IN,8
-1.326,-1.193,1,PAYMENT,17
1.87,1.909,0,CASH_IN,18
1.284,1.837,0,CASH_IN,7
-1.371,-1.175,1,PAYMENT,13
0.927,-0.508,3,CASH_OUT,2
1.361,2.002,0,CASH_IN,17
1.662,-0.782,2,CASH_OUT,1
-2.481,1.108,4,PAYMENT,8
1.254,1.452,0,CASH_IN,14
1.8,1.881,0,CASH_IN,17
2.266,0.899,3,CASH_IN,17
-1.886,-1.054,1,PAYMENT,7
-0.763,-1.451,2,CASH_OUT,15
-2.073,-1.007,1,PAYMENT,11
1.977,1.812,0,CASH_IN,8
-2.458,0.893,4,PAYMENT,12
1.876,1.908,0,CASH_IN,17
1.705,1.36,3,CASH_IN,6
-2.049,1.043,4,PAYMENT,10
-1.742,-1.077,1,PAYMENT,7
-3.96,0.972,4,PAYMENT,15
0.047,0.625,4,CASH_OUT,13
-1.839,-1.056,1,PAYMENT,11
-1.898,-1.048,1,PAYMENT,9
1.837,1.657,0,CASH_IN,2
0.831,-1.849,2,CASH_OUT,8
0.035,-2.888,2,CASH_OUT,8
1.861,-0.145,3,CASH_OUT,17
-0.421,-0.084,3,PAYMENT,15
0.689,-1.794,2,CASH_OUT,15
1.734,-0.134,3,CASH_OUT,2
1.1,1.232,0,CASH_IN,15
-2.613,1.297,4,PAYMENT,17
1.167,-1.792,2,TRANSFER,2
2.671,0.922,3,CASH_IN,29
-0.914,-1.305,1,PAYMENT,16
-2.494,-0.903,1,PAYMENT,16
1.523,-0.204,3,CASH_OUT,6
-0.39,0.226,3,PAYMENT,13
2.314,1.651,0,CASH_IN,6
-1.345,0.205,1,PAYMENT,2
-1.399,-1.189,1,PAYMENT,17
0.885,-0.346,3,CASH_OUT,1
-1.19,-1.239,1,PAYMENT,8
2.273,1.288,3,CASH_IN,1
-2.257,-0.956,1,PAYMENT,16
1.224,-0.055,3,CASH_OUT,14
-2.485,0.857,4,PAYMENT,13
1.578,-0.082,3,CASH_OUT,8
-1.033,0.087,1,CASH_OUT,6
1.227,-0.765,2,TRANSFER,15
0.952,1.56,0,CASH_IN,10
-2.034,0.829,4,PAYMENT,11
1.241,-0.149,3,CASH_OUT,1
1.743,1.618,0,CASH_IN,1
0.618,-1.787,2,CASH_OUT,14
-1.96,0.82,4,PAYMENT,22
0.853,1.077,0,CASH_IN,17
1.743,-0.13,3,CASH_OUT,6
0.735,-1.816,2,CASH_OUT,1
-1.743,-1.094,1,PAYMENT,8
2.335,-0.444,3,TRANSFER,8
1.837,1.609,0,CASH_IN,1
2.055,1.717,0,CASH_IN,15
0.531,-1.748,2,CASH_OUT,12
0.622,0.06,3,CASH_OUT,10
2.097,2.085,0,CASH_IN,1
0.613,-1.801,2,CASH_OUT,12
1.183,-0.731,2,CASH_OUT,6
-2.892,1.159,4,PAYMENT,29
0.343,-1.701,2,CASH_OUT,9
1.164,-1.191,3,CASH_OUT,7
1.355,-0.355,3,CASH_OUT,16
1.375,1.459,3,CASH_IN,16
-1.572,0.991,4,CASH_OUT,1
-2.548,1.142,4,PAYMENT,6
-1.255,-1.204,1,PAYMENT,17
0.525,-1.739,2,CASH_OUT,4
-3.226,-0.734,1,PAYMENT,2
-2.804,1.302,4,PAYMENT,11
1.737,1.297,0,CASH_IN,1
-2.227,-0.985,1,PAYMENT,15
-2.544,1.248,4,PAYMENT,16
-0.149,-1.6,2,CASH_OUT,17
-1.728,0.85,4,PAYMENT,14
1.335,-1.86,2,TRANSFER,17
-2.03,0.861,4,PAYMENT,1
1.29,-1.836,2,TRANSFER,16
0.151,-1.668,2,CASH_OUT,15
-1.903,-1.039,1,PAYMENT,8
1.934,1.92,0,CASH_IN,2
-1.599,-1.149,1,PAYMENT,9
1.457,-0.478,3,CASH_OUT,24
-2.028,0.993,4,PAYMENT,17
-1.349,-1.205,1,PAYMENT,8
2.111,0.026,3,TRANSFER,2
0.485,-1.751,2,CASH_OUT,1
2.352,1.803,0,CASH_IN,2
-1.634,-1.119,1,PAYMENT,13
0.757,1.849,0,CASH_IN,9
0.525,1.422,0,CASH_IN,17
2.696,-0.155,3,TRANSFER,1
-0.835,0.698,4,CASH_OUT,29
2.474,1.354,3,CASH_IN,11
-1.019,-1.261,1,PAYMENT,16
-1.056,0.43,4,PAYMENT,13
1.446,1.466,0,CASH_IN,21
0.206,0.142,3,PAYMENT,17
1.308,-0.676,3,CASH_OUT,7
2.219,-0.107,3,TRANSFER,9
0.293,-1.562,2,TRANSFER,2
2.077,1.304,3,CASH_IN,16
-2.581,1.064,4,PAYMENT,2
1.01,-1.866,2,CASH_OUT,16
2.15,1.649,0,CASH_IN,2
-2.01,-1.026,1,PAYMENT,11
0.967,1.975,0,CASH_IN,16
1.574,-1.907,2,TRANSFER,8
1.79,-0.114,3,CASH_OUT,14
-2.203,0.01,4,CASH_OUT,6
2.059,1.917,0,CASH_IN,8
0.054,-1.641,2,CASH_OUT,29
1.189,-0.064,3,CASH_OUT,7
1.668,1.769,0,CASH_IN,16
0.599,1.445,0,CASH_IN,15
-2.145,0.969,4,PAYMENT,1
1.796,1.916,0,CASH_IN,9
-2.776,1.056,4,PAYMENT,16
-2.704,0.844,4,PAYMENT,17
1.718,-0.111,3,CASH_OUT,14
0.237,1.387,0,CASH_IN,7
0.897,-1.848,2,CASH_OUT,17
-2.32,1.044,4,PAYMENT,14
1.359,1.796,0,CASH_IN,14
-2.168,0.802,4,PAYMENT,17
0.425,-1.719,2,CASH_OUT,6
0.196,-1.681,2,CASH_OUT,8
2.124,1.349,0,CASH_IN,17
-1.431,-1.185,1,PAYMENT,2
-1.754,-1.081,1,PAYMENT,8
1.844,1.935,0,CASH_IN,17
-2.703,1.221,4,PAYMENT,1
0.583,-1.764,2,CASH_OUT,17
1.879,1.994,0,CASH_IN,6
-1.805,-1.072,1,PAYMENT,1
0.759,-1.817,2,CASH_OUT,14
0.406,0.149,3,TRANSFER,2
-0.066,-1.476,2,TRANSFER,11
1.468,0.114,3,TRANSFER,14
-2.203,0.921,4,PAYMENT,1
-0.055,-0.649,2,CASH_OUT,1
0.401,-1.711,2,CASH_OUT,6
-2.859,0.866,4,PAYMENT,1
-2.82,0.96,4,PAYMENT,1
-1.719,-1.09,1,PAYMENT,10
0.89,0.079,3,CASH_OUT,16
1.739,1.919,0,CASH_IN,11
0.54,-1.756,2,CASH_OUT,12
0.826,-1.854,2,CASH_OUT,14
-2.577,0.802,4,PAYMENT,11
2.158,-1.113,3,TRANSFER,11
-1.068,0.106,1,PAYMENT,13
-0.832,0.197,3,PAYMENT,25
1.888,-0.241,3,CASH_OUT,11
-2.375,1.22,4,PAYMENT,11
2.358,1.716,0,CASH_IN,12
1.517,-1.889,2,TRANSFER,1
2.307,1.405,3,CASH_IN,19
-2.659,-0.836,1,PAYMENT,23
-0.254,-1.576,2,CASH_OUT,13
1.966,1.982,0,CASH_IN,17
1.411,-0.073,3,CASH_OUT,10
2.356,1.365,3,CASH_IN,6
-0.488,-2.662,2,CASH_OUT,1
-2.06,0.798,4,PAYMENT,8
-0.027,-2.528,2,TRANSFER,1
1.053,-1.765,2,TRANSFER,8
0.862,-0.1,3,CASH_OUT,15
1.922,1.608,0,CASH_IN,6
0.946,-1.731,2,TRANSFER,13
1.515,1.996,0,CASH_IN,9
1.992,1.511,0,CASH_IN,2
0.548,-2.842,2,TRANSFER,7
1.691,1.66,0,CASH_IN,2
1.251,1.826,0,CASH_IN,8
1.001,-0.047,3,CASH_OUT,15
1.178,-1.91,2,CASH_OUT,15
-0.503,0.15,3,CASH_OUT,15
-1.451,0.299,1,PAYMENT,2
-1.476,0.268,1,PAYMENT,6
2.477,0.923,3,CASH_IN,10
1.368,1.75,0,CASH_IN,14
-2.24,1.133,4,PAYMENT,1
-1.986,1.008,4,PAYMENT,1
-0.838,0.196,4,CASH_IN,8
-0.66,-1.37,1,PAYMENT,17
-3.19,-0.722,1,PAYMENT,16
-2.465,1.037,4,PAYMENT,7
-2.424,0.947,4,PAYMENT,8
0.708,-0.015,3,CASH_OUT,2
-2.826,1.252,4,PAYMENT,10
1.36,-1.984,2,CASH_OUT,2
1.182,-1.837,2,TRANSFER,7
1.384,-0.005,3,TRANSFER,6
1.622,-0.125,3,CASH_OUT,2
-0.708,0.234,1,PAYMENT,11
1.22,1.443,3,CASH_IN,26
1.481,-0.097,3,CASH_OUT,25
-2.315,1.158,4,PAYMENT,15
1.192,-1.937,2,CASH_OUT,9
1.13,-1.215,3,CASH_OUT,7
1.382,1.407,0,CASH_IN,9
1.68,1.796,0,CASH_IN,7
-0.701,-2.843,2,CASH_OUT,1
-2.81,1.243,4,PAYMENT,15
-1.428,-1.178,1,PAYMENT,12
0.986,-1.872,2,CASH_OUT,9
1.247,-0.962,2,CASH_OUT,1
-0.023,-2.628,2,TRANSFER,6
1.633,1.899,0,CASH_IN,8
-1.627,-1.103,1,PAYMENT,17
-3.149,1.369,4,PAYMENT,2
1.284,-1.933,2,CASH_OUT,1
-0.305,0.139,3,PAYMENT,7
-4.58,-0.371,1,PAYMENT,1
-2.618,1.223,4,PAYMENT,17
-0.535,-1.481,2,CASH_OUT,22
1.186,-0.035,3,CASH_OUT,11
-2.493,1.128,4,PAYMENT,13
-0.753,0.23,3,PAYMENT,8
-2.648,1.064,4,PAYMENT,15
0.964,-1.86,2,CASH_OUT,13
-2.156,0.987,4,PAYMENT,16
0.775,-3.042,2,TRANSFER,1
0.367,-1.72,2,CASH_OUT,7
-0.145,1.22,0,CASH_IN,13
1.0,-0.097,3,CASH_OUT,8
-2.45,0.877,4,PAYMENT,7
2.231,0.058,3,TRANSFER,8
-2.72,0.906,4,PAYMENT,2
1.932,1.522,0,CASH_IN,13
1.706,1.675,0,CASH_IN,15
-2.439,1.131,4,PAYMENT,10
-1.012,0.23,3,PAYMENT,9
1.207,1.598,0,CASH_IN,1
1.256,-0.138,3,CASH_OUT,12
-1.845,-1.051,1,PAYMENT,11
-0.047,0.533,4,CASH_OUT,23
-2.454,0.996,4,PAYMENT,15
-1.54,-1.135,1,PAYMENT,13
1.102,-1.919,2,CASH_OUT,17
1.75,1.634,0,CASH_IN,8
1.786,-0.152,3,CASH_OUT,15
1.31,-0.589,3,CASH_OUT,15
1.378,-1.882,2,TRANSFER,11
-2.515,-0.908,1,PAYMENT,11
0.473,-1.596,2,DEBIT,12
-2.398,1.217,4,PAYMENT,8
1.638,-1.927,2,TRANSFER,17
-2.016,-1.018,1,PAYMENT,6
1.531,1.88,0,CASH_IN,9
-2.221,-0.958,1,PAYMENT,6
1.914,-0.519,3,CASH_OUT,14
1.605,1.74,0,CASH_IN,6
2.075,1.85,0,CASH_IN,22
0.318,-1.606,2,TRANSFER,8
-0.644,0.334,1,PAYMENT,17
-1.761,-1.097,1,PAYMENT,9
-1.61,-1.132,1,PAYMENT,11
0.596,0.086,3,CASH_OUT,7
-1.219,0.341,4,CASH_OUT,15
-2.567,1.21,4,PAYMENT,15
0.535,-1.777,2,CASH_OUT,11
0.896,-0.246,3,TRANSFER,10
0.89,1.837,0,CASH_IN,25
-2.128,0.858,4,PAYMENT,13
0.73,-0.07,3,CASH_OUT,11
-2.295,1.206,4,PAYMENT,13
-0.87,0.33,1,PAYMENT,17
0.533,-1.781,2,CASH_OUT,10
1.349,-1.846,2,TRANSFER,23
1.324,1.502,3,CASH_IN,15
-3.097,1.035,4,PAYMENT,7
1.542,1.751,0,CASH_IN,16
-2.236,1.05,4,PAYMENT,1
1.4,0.011,3,CASH_OUT,10
1.841,-0.102,3,TRANSFER,12
-1.53,0.721,4,CASH_OUT,9
0.586,-1.793,2,CASH_OUT,8
0.866,0.309,3,TRANSFER,8
-2.623,1.12,4,PAYMENT,9
1.473,1.472,3,CASH_IN,1
1.54,1.869,0,CASH_IN,16
0.646,0.083,3,CASH_OUT,11
2.023,1.868,0,CASH_IN,7
-2.194,0.877,4,PAYMENT,1
0.732,-1.828,2,CASH_OUT,11
-2.319,1.262,4,PAYMENT,10
1.278,-1.845,2,TRANSFER,14
1.156,-0.091,3,CASH_OUT,15
0.211,-1.579,2,TRANSFER,17
1.257,-0.093,3,CASH_OUT,13
-1.415,0.367,4,CASH_OUT,10
1.014,-1.881,2,CASH_OUT,9
-1.971,0.925,4,PAYMENT,15
1.721,1.524,3,CASH_IN,8
-0.537,0.631,4,CASH_OUT,16
-0.51,-1.376,2,TRANSFER,15
2.175,-0.082,3,TRANSFER,13
2.045,-0.145,3,CASH_OUT,29
-3.034,0.911,4,PAYMENT,18
0.425,-1.743,2,CASH_OUT,15
1.776,1.794,0,CASH_IN,11
-1.064,-1.289,1,PAYMENT,6
1.388,1.508,0,CASH_IN,2
1.102,-1.908,2,CASH_OUT,8
-2.345,0.895,4,PAYMENT,10
1.109,-1.909,2,CASH_OUT,10
1.358,1.769,0,CASH_IN,6
-1.444,0.323,1,PAYMENT,13
-2.743,1.214,4,PAYMENT,10
1.44,1.989,0,CASH_IN,14
2.468,1.02,3,CASH_IN,17
2.101,1.391,0,CASH_IN,13
0.062,1.15,0,CASH_IN,11
1.818,1.471,0,CASH_IN,28
0.749,-1.802,2,CASH_OUT,16
1.639,-0.04,3,DEBIT,11
0.241,0.12,3,CASH_OUT,22
-2.643,1.046,4,PAYMENT,12
1.34,-0.125,3,CASH_OUT,2
-2.224,0.809,4,PAYMENT,2
-1.866,0.467,4,CASH_OUT,2
0.353,0.043,3,CASH_OUT,11
-1.229,0.26,1,PAYMENT,11
-2.73,0.953,4,PAYMENT,16
-1.864,-1.049,1,PAYMENT,8
0.771,-0.129,3,CASH_OUT,25
-0.726,0.262,1,PAYMENT,15
-3.135,1.362,4,PAYMENT,16
1.547,2.026,0,CASH_IN,9
-2.113,1.229,4,PAYMENT,26
-2.236,1.163,4,PAYMENT,15
-0.041,1.5,0,CASH_IN,14
1.034,-1.908,2,CASH_OUT,9
0.984,0.123,3,CASH_OUT,8
1.398,-0.08,3,CASH_OUT,2
-2.007,-1.02,1,PAYMENT,8
-0.834,0.32,1,PAYMENT,10
-0.532,-0.331,3,PAYMENT,6
1.822,1.648,0,CASH_IN,9
-2.138,1.127,4,PAYMENT,17
0.584,-1.785,2,CASH_OUT,16
-1.358,-1.199,1,PAYMENT,2
-1.222,-1.22,1,PAYMENT,6
1.311,-0.1,3,CASH_OUT,6
1.574,-0.462,3,CASH_OUT,14
0.551,-1.635,2,TRANSFER,15
1.513,-0.58,3,CASH_OUT,13
1.165,-0.323,2,CASH_IN,1
-0.492,0.141,3,PAYMENT,22
-2.557,1.095,4,PAYMENT,9
-1.481,0.511,4,CASH_OUT,15
-2.575,0.955,4,PAYMENT,14
1.966,-0.461,3,CASH_OUT,10
1.726,1.92,0,CASH_IN,12
-3.264,1.124,4,PAYMENT,25
0.664,-1.778,2,CASH_OUT,9
1.413,1.877,0,CASH_IN,17
0.721,2.152,0,CASH_IN,7
0.536,-1.77,2,CASH_OUT,10
0.724,1.754,0,CASH_IN,17
-1.437,-1.179,1,PAYMENT,20
-0.847,-1.337,1,PAYMENT,14
-2.256,0.998,4,PAYMENT,1
1.621,1.925,0,CASH_IN,7
0.563,-1.759,2,CASH_OUT,6
0.94,1.833,0,CASH_IN,1
1.327,-1.846,2,TRANSFER,1
0.58,1.426,0,CASH_IN,2
-0.915,0.478,4,CASH_OUT,1
1.413,0.989,3,CASH_IN,17
2.04,-0.276,3,TRANSFER,9
-2.253,0.876,4,PAYMENT,10
-2.495,0.98,4,PAYMENT,15
0.616,-1.765,2,CASH_OUT,16
-0.168,0.449,4,CASH_OUT,1
2.111,-0.101,3,TRANSFER,16
2.077,1.505,0,CASH_IN,2
1.144,-1.937,2,CASH_OUT,14
1.253,0.922,3,CASH_OUT,9
1.534,-0.495,3,CASH_OUT,11
-1.863,-1.05,1,PAYMENT,24
-0.463,0.083,3,PAYMENT,21
-0.194,0.319,3,TRANSFER,17
0.747,-1.834,2,CASH_OUT,7
-0.968,0.853,4,CASH_OUT,9
0.166,0.027,3,CASH_OUT,10
0.806,-1.723,2,TRANSFER,8
1.18,1.794,0,CASH_IN,12
0.854,-0.212,3,CASH_OUT,14
1.455,-0.106,3,CASH_OUT,2
-2.405,0.841,4,PAYMENT,6
-2.613,0.854,4,PAYMENT,12
-1.295,0.323,1,PAYMENT,15
0.969,-1.857,2,CASH_OUT,15
-0.96,-1.287,1,PAYMENT,13
1.115,0.051,3,TRANSFER,26
1.771,-0.129,3,CASH_OUT,13
1.368,-0.582,3,CASH_OUT,11
1.101,-1.913,2,CASH_OUT,25
-2.607,0.996,4,PAYMENT,15
1.589,-0.115,3,CASH_OUT,15
1.103,-1.904,2,CASH_OUT,9
1.649,1.809,0,CASH_IN,17
2.295,-0.572,3,TRANSFER,16
1.649,1.186,3,CASH_IN,13
0.505,1.527,0,CASH_IN,2
1.28,-1.849,2,TRANSFER,10
1.694,-0.197,3,CASH_OUT,11
0.857,0.084,3,TRANSFER,9
1.977,-2.006,2,TRANSFER,9
-3.132,1.322,4,PAYMENT,12
-2.003,0.171,1,PAYMENT,16
-1.637,0.279,1,PAYMENT,8
-1.023,-1.274,1,PAYMENT,29
-2.452,1.083,4,PAYMENT,30
-0.709,0.632,4,CASH_OUT,14
0.962,-0.987,3,CASH_OUT,1
-2.495,0.876,4,PAYMENT,15
1.063,0.036,3,CASH_OUT,8
-0.177,-0.012,3,DEBIT,25
0.938,-1.875,2,CASH_OUT,7
-2.35,0.805,4,PAYMENT,14
-2.58,1.064,4,PAYMENT,2
1.994,1.93,0,CASH_IN,14
0.654,-1.695,2,TRANSFER,1
1.352,-0.128,3,CASH_OUT,15
1.684,1.765,0,CASH_IN,10
-1.646,-1.133,1,PAYMENT,17
-2.676,0.786,4,PAYMENT,9
0.434,-1.736,2,CASH_OUT,17
1.943,-2.003,2,TRANSFER,10
-0.206,-0.162,3,PAYMENT,22
1.553,1.401,0,CASH_IN,23
-2.34,0.964,4,DEBIT,2
1.064,-1.889,2,CASH_OUT,9
1.049,0.071,3,CASH_OUT,15
1.384,1.748,0,CASH_IN,6
1.301,-0.074,3,CASH_OUT,18
0.907,-0.115,3,CASH_OUT,12
1.584,1.635,0,CASH_IN,1
1.217,1.642,0,CASH_IN,17
-1.359,0.484,4,CASH_OUT,7
1.44,1.742,0,CASH_IN,17
1.869,-0.387,3,CASH_OUT,9
-1.987,1.028,4,PAYMENT,14
-1.773,-1.087,1,PAYMENT,2
0.85,-1.831,2,CASH_OUT,8
1.755,1.685,0,CASH_IN,1
1.242,-1.834,2,TRANSFER,7
0.512,-1.77,2,CASH_OUT,15
2.017,1.377,0,CASH_IN,11
-2.268,1.178,4,PAYMENT,16
2.725,-0.134,3,TRANSFER,9
0.52,-1.763,2,CASH_OUT,12
-2.567,1.072,4,PAYMENT,10
0.525,-1.75,2,CASH_OUT,7
0.273,1.37,0,CASH_IN,12
1.167,1.698,0,CASH_IN,1
-1.065,-1.257,1,PAYMENT,9
-2.579,-0.896,1,PAYMENT,9
2.434,-2.126,2,TRANSFER,13
-1.741,1.011,4,PAYMENT,21
-2.907,1.165,4,PAYMENT,8
-2.012,-1.079,1,PAYMENT,15
0.664,-1.78,2,CASH_OUT,7
0.69,-0.107,3,CASH_OUT,6
1.442,-0.134,3,CASH_OUT,2
1.788,-0.104,3,CASH_OUT,14
1.504,1.677,0,CASH_IN,12
0.097,0.188,3,PAYMENT,13
-0.56,0.273,1,PAYMENT,2
1.51,-0.532,3,CASH_OUT,12
1.623,-0.147,3,CASH_OUT,15
2.033,1.789,0,CASH_IN,18
1.583,-0.891,2,CASH_OUT,6
0.243,-1.699,2,CASH_OUT,8
0.34,-1.722,2,CASH_OUT,15
1.457,-0.119,3,CASH_OUT,13
-1.759,0.181,1,PAYMENT,12
1.576,1.848,0,CASH_IN,2
-1.646,0.352,1,PAYMENT,2
0.897,-1.843,2,CASH_OUT,6
0.047,0.097,3,CASH_OUT,13
-3.335,0.996,4,PAYMENT,4
-2.582,0.985,4,PAYMENT,12
1.928,1.245,0,CASH_IN,10
-0.092,0.614,4,CASH_OUT,12
1.44,1.642,0,CASH_IN,15
0.561,-1.066,3,CASH_OUT,1
1.159,0.137,3,TRANSFER,2
-2.226,1.009,4,PAYMENT,9
-1.671,-1.102,1,PAYMENT,10
2.409,0.885,3,TRANSFER,1
1.83,1.836,0,CASH_IN,13
-1.183,-1.23,1,PAYMENT,13
-1.381,-1.172,1,PAYMENT,17
1.94,-0.816,2,CASH_OUT,7
1.247,-1.961,2,CASH_OUT,11
-1.542,0.39,1,PAYMENT,25
-2.424,0.807,4,PAYMENT,11
-1.854,0.902,4,PAYMENT,6
-2.207,1.09,4,PAYMENT,1
0.034,-0.104,3,CASH_IN,1
-1.067,-1.277,1,PAYMENT,2
-2.386,0.997,4,PAYMENT,17
-1.023,-1.285,1,PAYMENT,15
-1.799,0.785,4,PAYMENT,14
1.593,2.048,0,CASH_IN,13
0.409,1.783,0,CASH_IN,22
-1.26,0.398,1,PAYMENT,12
1.86,1.932,0,CASH_IN,8
-0.974,-1.301,1,PAYMENT,11
0.793,-1.813,2,CASH_OUT,11
-0.506,0.551,4,CASH_OUT,9
0.535,0.055,3,CASH_OUT,7
2.005,-0.188,3,TRANSFER,24
0.278,-1.703,2,CASH_OUT,11
-1.3,0.358,1,PAYMENT,8
1.357,1.745,0,CASH_IN,2
1.005,-1.89,2,CASH_OUT,15
1.642,1.49,3,CASH_IN,12
0.967,1.561,0,CASH_IN,20
0.735,1.942,0,CASH_IN,22
1.413,1.954,0,CASH_IN,6
-2.294,0.977,4,PAYMENT,7
1.189,-1.91,2,CASH_OUT,1
0.684,1.485,0,CASH_IN,14
0.607,-1.798,2,CASH_OUT,10
1.334,-1.861,2,TRANSFER,7
1.564,1.295,3,CASH_IN,11
-3.467,1.235,4,PAYMENT,24
1.357,-1.912,2,TRANSFER,6
1.058,1.433,0,CASH_IN,23
1.46,-0.05,3,TRANSFER,25
-1.849,1.0,4,PAYMENT,15
-2.386,1.156,4,PAYMENT,12
-1.61,-1.1,1,PAYMENT,15
1.15,-1.778,2,TRANSFER,29
-2.299,-0.928,1,PAYMENT,28
1.615,-0.138,3,CASH_OUT,15
-1.756,-1.08,1,PAYMENT,27
-2.369,0.946,4,PAYMENT,9
0.675,0.067,3,CASH_OUT,6
0.728,-1.806,2,CASH_OUT,10
-0.582,0.74,4,CASH_OUT,12
1.45,1.222,0,CASH_IN,12
-0.995,-1.281,1,PAYMENT,6
1.026,1.973,0,CASH_IN,17
-0.157,0.546,4,CASH_OUT,8
1.005,-1.898,2,CASH_OUT,9
0.903,-0.038,3,CASH_OUT,23
-1.164,-2.487,2,DEBIT,1
1.911,-0.373,3,TRANSFER,7
0.189,-1.685,2,CASH_OUT,13
1.575,1.081,3,CASH_IN,9
-1.284,0.684,4,CASH_OUT,29
1.646,0.072,3,TRANSFER,1
1.549,1.504,0,CASH_IN,12
-2.108,0.854,4,PAYMENT,7
0.462,-0.367,3,CASH_IN,2
-1.816,-1.076,1,PAYMENT,12
1.142,0.005,3,CASH_OUT,16
1.274,1.625,0,CASH_IN,16
-2.259,0.714,4,PAYMENT,2
-0.775,0.765,4,CASH_OUT,1
0.558,2.012,0,CASH_IN,8
1.692,0.863,3,CASH_IN,16
1.182,-1.797,2,TRANSFER,14
-0.939,0.178,3,PAYMENT,17
1.787,1.84,0,CASH_IN,13
-0.6,-1.47,2,CASH_OUT,17
1.109,-1.912,2,CASH_OUT,13
-2.293,0.888,4,PAYMENT,1
1.67,-1.926,2,TRANSFER,9
-1.986,1.04,4,PAYMENT,13
-0.69,1.56,0,CASH_IN,15
0.719,-1.814,2,CASH_OUT,16
-0.684,0.244,1,PAYMENT,7
1.675,1.582,0,CASH_IN,2
1.774,1.916,0,CASH_IN,15
-2.02,0.87,4,PAYMENT,6
-1.481,-1.161,1,PAYMENT,8
1.322,2.113,0,CASH_IN,8
-1.267,-1.205,1,PAYMENT,2
-2.713,0.676,4,PAYMENT,28
0.61,-1.792,2,CASH_OUT,12
1.497,1.889,0,CASH_IN,10
-1.464,0.271,1,PAYMENT,22
-0.993,0.404,1,PAYMENT,10
-2.068,0.952,4,PAYMENT,12
-1.394,-1.18,1,PAYMENT,13
-0.586,0.405,1,PAYMENT,6
1.657,1.886,0,CASH_IN,9
0.251,-0.1,3,DEBIT,7
0.854,-1.864,2,CASH_OUT,11
1.85,1.634,0,CASH_IN,12
0.393,-0.14,3,CASH_OUT,10
1.992,1.352,3,CASH_IN,2
1.81,-1.992,2,TRANSFER,15
-1.641,-1.11,1,PAYMENT,2
1.586,2.041,0,CASH_IN,6
1.473,-2.01,2,CASH_OUT,2
-2.439,0.962,4,PAYMENT,2
0.414,0.113,3,CASH_OUT,6
-1.103,0.746,4,CASH_OUT,16
1.792,1.337,0,CASH_IN,12
0.975,-1.45,3,CASH_OUT,1
2.146,-0.19,3,CASH_OUT,6
-4.646,1.176,4,PAYMENT,2
-0.864,0.511,4,CASH_OUT,8
-2.424,0.978,4,PAYMENT,12
-0.837,0.824,4,CASH_OUT,14
-0.512,0.477,4,CASH_OUT,7
-3.826,1.121,4,PAYMENT,2
1.718,1.86,0,CASH_IN,28
1.545,1.908,0,CASH_IN,17
0.393,-1.712,2,CASH_OUT,15
1.274,-0.775,2,CASH_OUT,1
1.192,-1.92,2,CASH_OUT,22
0.731,-1.797,2,CASH_OUT,10
-0.014,-1.62,2,CASH_OUT,9
0.735,-1.688,2,TRANSFER,6
0.845,1.284,0,CASH_IN,14
-1.793,0.262,1,PAYMENT,1
-2.215,1.026,4,PAYMENT,15
0.012,0.053,3,CASH_OUT,17
-0.941,-1.215,1,DEBIT,11
1.1,0.976,3,CASH_IN,17
-2.37,0.929,4,PAYMENT,14
-1.072,0.289,1,PAYMENT,16
-1.365,-1.173,1,PAYMENT,13
2.072,1.312,0,CASH_IN,29
1.53,-1.913,2,TRANSFER,15
-0.82,0.77,4,TRANSFER,21
-2.476,-0.904,1,PAYMENT,6
-1.527,-1.153,1,PAYMENT,11
2.037,1.617,0,CASH_IN,11
-2.585,1.132,4,PAYMENT,10
1.05,1.61,0,CASH_IN,10
-3.053,1.069,4,PAYMENT,10
0.992,-1.887,2,CASH_OUT,9
-1.023,-1.289,1,PAYMENT,6
1.26,1.858,0,CASH_IN,2
-1.788,-1.097,1,PAYMENT,11
-1.819,-1.089,1,PAYMENT,2
-1.78,-1.103,1,PAYMENT,2
0.441,-3.179,2,CASH_OUT,1
0.903,-1.866,2,CASH_OUT,16
1.111,-3.089,2,TRANSFER,13
-2.526,1.062,4,PAYMENT,9
-2.253,0.894,4,PAYMENT,16
-0.284,0.194,3,CASH_OUT,14
1.156,1.59,0,CASH_IN,15
1.985,1.681,0,CASH_IN,6
1.907,1.913,0,CASH_IN,11
1.456,-1.863,2,TRANSFER,15
0.719,-1.793,2,CASH_OUT,8
0.596,1.769,0,CASH_IN,14
1.101,-1.806,2,TRANSFER,15
-2.814,1.106,4,PAYMENT,1
-0.809,-0.067,3,PAYMENT,8
0.033,-1.381,3,CASH_OUT,1
1.232,-1.843,2,TRANSFER,1
1.706,1.297,0,CASH_IN,12
-2.366,1.011,4,PAYMENT,11
-0.227,0.661,4,DEBIT,11
-2.478,1.235,4,PAYMENT,1
-0.993,-1.268,1,PAYMENT,12
1.763,1.848,0,CASH_IN,6
-0.006,0.562,4,CASH_OUT,9
0.977,0.09,3,CASH_OUT,7
2.138,0.051,3,TRANSFER,11
1.572,-0.426,3,CASH_OUT,6
-2.341,1.247,4,PAYMENT,1
0.612,-2.978,2,CASH_OUT,7
0.193,1.824,0,CASH_OUT,1
0.466,-1.754,2,CASH_OUT,10
0.907,-1.846,2,CASH_OUT,9
-1.772,-1.101,1,PAYMENT,12
-2.292,0.878,4,PAYMENT,1
-0.402,-0.007,3,PAYMENT,13
-1.67,-1.106,1,PAYMENT,12
0.447,1.463,0,CASH_IN,8
1.701,1.208,0,CASH_IN,2
-0.118,0.62,4,CASH_OUT,15
1.07,-1.916,2,CASH_OUT,12
0.772,-2.991,2,CASH_OUT,1
1.079,-1.9,2,CASH_OUT,1
-0.604,0.143,1,CASH_OUT,16
-1.503,0.756,4,CASH_OUT,10
1.553,1.804,0,CASH_IN,10
0.397,-1.742,2,CASH_OUT,9
0.861,0.061,3,CASH_OUT,28
2.669,1.166,3,CASH_IN,29
0.227,-1.693,2,CASH_OUT,7
-2.639,0.944,4,PAYMENT,16
1.181,-0.022,3,CASH_OUT,14
1.328,-0.062,3,CASH_OUT,15
0.35,1.786,0,CASH_IN,7
-0.643,-0.135,4,CASH_OUT,16
-1.996,1.176,4,PAYMENT,11
1.411,1.93,0,CASH_IN,19
2.094,-2.016,2,TRANSFER,13
-0.417,0.138,3,CASH_OUT,15
0.518,-0.045,3,CASH_OUT,6
1.806,1.7,0,CASH_IN,7
-1.117,0.415,1,PAYMENT,17
0.338,-1.273,3,CASH_OUT,14
-1.139,0.42,1,PAYMENT,2
2.788,1.043,3,CASH_IN,28
2.469,1.687,0,CASH_IN,12
1.479,1.798,0,CASH_IN,13
1.093,0.011,3,DEBIT,17
0.268,-1.698,2,CASH_OUT,13
-1.052,0.277,1,PAYMENT,16
2.471,1.683,0,CASH_IN,6
0.945,-0.082,3,CASH_OUT,16
0.497,0.012,3,CASH_OUT,13
0.67,-0.086,3,CASH_OUT,2
0.563,1.933,0,CASH_IN,12
-1.405,-1.17,1,PAYMENT,13
0.537,-0.124,3,CASH_OUT,17
-2.731,1.294,4,PAYMENT,1
-0.382,0.475,4,CASH_OUT,12
-0.687,0.589,4,CASH_OUT,8
0.501,0.045,3,CASH_OUT,16
1.547,1.631,0,CASH_IN,15
-1.35,0.564,4,CASH_OUT,17
-2.541,1.166,4,PAYMENT,14
0.78,1.808,0,CASH_IN,1
-1.173,0.792,4,CASH_OUT,12
-2.642,-0.855,1,PAYMENT,7
-2.167,0.971,4,PAYMENT,17
1.727,-1.948,2,TRANSFER,12
2.02,-0.306,3,CASH_OUT,8
1.74,1.339,0,CASH_IN,14
0.666,-0.004,3,CASH_OUT,6
1.053,-1.75,2,TRANSFER,16
2.007,1.793,0,CASH_IN,6
-1.492,-1.169,1,PAYMENT,2
0.586,-0.396,3,CASH_OUT,17
-3.241,1.179,4,PAYMENT,12
-2.468,1.093,4,PAYMENT,1
-0.432,-1.492,2,CASH_OUT,7
1.521,1.669,0,CASH_IN,11
-0.789,0.314,1,PAYMENT,16
2.067,1.687,0,CASH_IN,7
1.658,1.293,0,CASH_IN,15
-2.037,0.87,4,PAYMENT,14
-0.755,0.109,3,PAYMENT,9
-1.986,1.059,4,PAYMENT,10
-0.518,0.595,4,CASH_OUT,9
2.296,1.792,0,CASH_IN,15
-1.73,-1.083,1,PAYMENT,17
0.018,0.015,3,DEBIT,7
1.332,1.564,0,CASH_IN,13
-1.262,-1.217,1,PAYMENT,16
1.03,-0.005,3,CASH_OUT,6
0.998,-1.874,2,CASH_OUT,7
-2.202,0.975,4,PAYMENT,13
-2.378,0.761,4,PAYMENT,23
-0.118,-1.456,2,DEBIT,14
1.095,0.215,3,TRANSFER,17
0.835,-1.844,2,CASH_OUT,11
-2.213,0.884,4,PAYMENT,1
0.628,0.108,3,CASH_OUT,8
1.397,1.853,0,CASH_IN,17
-2.743,0.18,1,PAYMENT,13
1.229,-1.256,3,CASH_OUT,1
-2.509,0.756,4,PAYMENT,9
1.208,-0.082,3,CASH_OUT,10
0.356,-0.135,3,CASH_OUT,9
-2.433,0.714,4,PAYMENT,11
-0.588,0.696,4,CASH_OUT,12
-0.727,0.081,3,PAYMENT,8
-3.492,-0.638,1,PAYMENT,12
-0.937,-1.289,1,PAYMENT,16
0.413,-0.998,3,CASH_OUT,7
-1.149,-1.26,1,PAYMENT,1
-2.271,0.868,4,PAYMENT,9
-0.254,0.674,4,CASH_OUT,9
0.601,-0.114,3,CASH_OUT,9
1.827,-0.017,3,TRANSFER,14
-2.392,0.861,4,PAYMENT,7
0.766,0.105,3,CASH_OUT,13
0.454,-1.759,2,CASH_OUT,10
1.133,1.922,0,CASH_IN,13
1.369,1.893,0,CASH_IN,7
-2.171,0.798,4,PAYMENT,14
2.207,1.383,3,CASH_IN,8
1.497,-0.714,3,CASH_OUT,15
-0.859,-1.399,2,CASH_OUT,15
-2.649,0.741,4,PAYMENT,8
-0.66,-0.489,4,CASH_OUT,6
-2.482,0.798,4,PAYMENT,2
1.37,1.191,0,CASH_IN,16
2.041,1.369,0,CASH_IN,16
-1.177,-1.253,1,PAYMENT,9
0.115,1.437,0,CASH_IN,13
1.487,-0.157,3,CASH_OUT,9
1.716,1.664,0,CASH_IN,14
-1.198,0.804,4,CASH_OUT,2
0.403,-0.117,3,CASH_OUT,6
1.417,-1.863,2,TRANSFER,26
1.211,-1.939,2,CASH_OUT,9
-2.6,0.259,1,PAYMENT,10
1.019,-1.876,2,CASH_OUT,9
0.477,1.632,0,CASH_IN,9
0.84,-1.859,2,CASH_OUT,16
2.16,1.849,0,CASH_IN,1
1.059,-1.557,3,CASH_IN,1
1.307,1.733,0,CASH_IN,11
-1.815,-1.048,1,PAYMENT,13
-1.82,-1.061,1,PAYMENT,7
1.536,1.995,0,CASH_IN,12
2.158,1.658,0,CASH_IN,15
0.464,-0.271,3,CASH_OUT,2
-3.345,0.589,4,PAYMENT,7
2.194,0.011,3,TRANSFER,9
-2.902,0.816,4,PAYMENT,1
-1.922,1.151,4,PAYMENT,1
0.937,-1.846,2,CASH_OUT,9
2.156,1.399,0,CASH_IN,11
0.775,-1.81,2,CASH_OUT,9
2.641,-0.186,3,TRANSFER,13
2.367,0.884,3,CASH_IN,8
1.753,0.097,3,TRANSFER,7
0.761,0.062,3,CASH_OUT,9
1.553,1.952,0,CASH_IN,6
0.623,-1.791,2,CASH_OUT,25
0.611,1.621,0,CASH_IN,11
1.456,1.451,3,CASH_IN,6
-2.061,0.732,4,PAYMENT,5
2.754,-0.454,3,TRANSFER,17
0.712,-1.789,2,CASH_OUT,15
1.978,1.705,0,CASH_IN,25
1.961,1.804,0,CASH_IN,6
-0.349,0.221,3,PAYMENT,16
-2.494,-0.9,1,PAYMENT,14
1.535,-0.486,3,CASH_OUT,13
2.069,1.979,0,CASH_IN,11
-1.88,-1.042,1,PAYMENT,12
0.938,-0.122,3,CASH_OUT,12
1.071,-1.763,2,TRANSFER,12
-2.169,0.222,1,PAYMENT,16
-0.594,0.602,4,CASH_OUT,17
-1.456,-1.175,1,PAYMENT,20
-0.579,0.112,3,PAYMENT,5
1.473,-0.153,3,CASH_OUT,2
1.884,1.386,0,CASH_IN,7
0.522,0.145,3,CASH_OUT,6
0.835,-3.008,2,TRANSFER,8
-2.261,0.77,4,CASH_OUT,13
0.753,-1.327,3,CASH_OUT,1
0.396,-2.982,2,CASH_OUT,7
-1.887,-0.375,4,CASH_OUT,17
-1.557,-1.124,1,PAYMENT,6
-1.306,-1.216,1,PAYMENT,16
0.943,-1.758,2,TRANSFER,6
0.417,-1.709,2,CASH_OUT,17
-2.442,0.969,4,PAYMENT,9
0.651,-2.75,2,CASH_OUT,10
-0.981,-0.342,4,CASH_OUT,1
1.136,-1.816,2,TRANSFER,16
-2.239,-0.986,1,PAYMENT,13
1.091,-1.881,2,CASH_OUT,13
1.169,-1.809,2,TRANSFER,10
-2.394,1.148,4,PAYMENT,13
1.9,-0.144,3,CASH_OUT,14
2.127,1.945,0,CASH_IN,7
0.609,1.681,0,CASH_IN,15
0.941,-1.885,2,CASH_OUT,12
0.684,1.414,0,CASH_IN,2
-1.513,-1.16,1,PAYMENT,11
0.64,-1.802,2,CASH_OUT,1
-2.345,0.932,4,PAYMENT,9
-3.727,-0.575,1,PAYMENT,6
-1.57,-1.124,1,PAYMENT,19
-1.524,0.237,1,PAYMENT,16
0.836,0.024,3,CASH_OUT,12
-1.248,-1.231,1,PAYMENT,11
-1.999,0.947,4,PAYMENT,20
1.1,-1.923,2,CASH_OUT,9
1.595,1.8,0,CASH_IN,13
0.966,-1.867,2,CASH_OUT,17
1.775,1.841,0,CASH_IN,12
2.769,1.345,3,CASH_IN,7
0.131,-2.868,2,CASH_OUT,1
-2.425,-0.938,1,PAYMENT,13
2.213,2.051,0,CASH_IN,13
-2.175,1.218,4,PAYMENT,7
-1.367,-1.169,1,PAYMENT,10
0.27,1.392,0,CASH_IN,13
2.426,1.56,0,CASH_IN,14
0.485,-1.745,2,CASH_OUT,17
-0.027,0.498,4,CASH_OUT,13
1.736,-0.305,3,CASH_OUT,16
-2.564,1.174,4,PAYMENT,11
2.003,1.941,0,CASH_IN,6
2.307,1.316,3,CASH_IN,16
0.498,-1.75,2,CASH_OUT,6
-2.548,0.843,4,PAYMENT,1
1.894,-0.133,3,CASH_OUT,11
-2.843,1.046,4,PAYMENT,10
0.933,-1.855,2,CASH_OUT,11
1.491,1.584,0,CASH_IN,15
-2.666,1.223,4,PAYMENT,14
2.394,1.342,0,CASH_IN,2
0.448,-1.729,2,CASH_OUT,8
2.366,1.445,3,CASH_IN,8
-2.656,0.877,4,PAYMENT,1
0.687,-0.496,2,CASH_OUT,14
-3.359,1.212,4,PAYMENT,4
1.264,-0.039,3,CASH_OUT,17
-1.3,-1.211,1,PAYMENT,8
1.216,-0.016,3,CASH_OUT,15
0.768,1.531,0,CASH_IN,23
1.509,-0.711,3,CASH_OUT,17
-1.721,-1.107,1,PAYMENT,14
-1.485,-1.153,1,PAYMENT,12
0.16,-1.646,2,CASH_OUT,23
-2.405,1.246,4,PAYMENT,16
0.689,-1.816,2,CASH_OUT,10
1.837,-0.257,3,CASH_OUT,2
0.291,-1.722,2,CASH_OUT,6
0.014,-1.624,2,CASH_OUT,10
0.998,-0.084,3,CASH_OUT,25
0.68,-1.802,2,CASH_OUT,17
0.592,-1.647,2,TRANSFER,6
-2.49,1.169,4,PAYMENT,15
-1.348,-1.198,1,PAYMENT,13
0.226,-1.694,2,CASH_OUT,15
0.785,-0.026,3,CASH_OUT,15
-3.488,1.113,4,PAYMENT,2
0.481,-1.726,2,CASH_OUT,9
-1.917,-1.061,1,PAYMENT,16
1.214,-1.159,3,CASH_OUT,2
1.81,1.676,0,CASH_IN,6
1.194,1.302,0,CASH_IN,1
-2.387,-0.923,1,PAYMENT,8
-1.777,-1.107,1,PAYMENT,15
-1.139,0.225,1,PAYMENT,13
-0.785,0.397,4,CASH_OUT,16
0.672,1.453,0,CASH_IN,15
2.139,-0.18,3,CASH_OUT,17
1.85,-0.221,3,CASH_OUT,10
1.559,0.088,3,TRANSFER,7
0.694,-3.314,2,CASH_OUT,2
1.731,-0.797,2,TRANSFER,1
-0.969,0.227,3,PAYMENT,16
1.955,1.894,0,CASH_IN,9
1.15,-1.909,2,CASH_OUT,2
1.649,1.749,0,CASH_IN,14
-1.881,-1.042,1,PAYMENT,8
-2.512,0.779,4,PAYMENT,1
1.361,1.39,0,CASH_IN,2
-2.509,-0.91,1,PAYMENT,11
0.515,0.993,0,CASH_IN,8
-2.458,1.164,4,PAYMENT,15
-1.951,-1.034,1,PAYMENT,10
0.455,-1.759,2,CASH_OUT,13
1.465,-1.9,2,TRANSFER,6
-1.828,-1.087,1,PAYMENT,8
1.273,-1.856,2,TRANSFER,22
-2.227,-0.989,1,PAYMENT,10
0.806,-1.838,2,CASH_OUT,16
1.477,-1.885,2,TRANSFER,17
1.37,2.045,0,CASH_IN,12
1.815,1.969,0,CASH_IN,2
-2.467,1.229,4,PAYMENT,1
-1.454,0.198,1,PAYMENT,11
-2.688,1.108,4,PAYMENT,1
-0.891,1.507,4,CASH_OUT,11
0.624,-1.758,2,CASH_OUT,12
1.007,-1.888,2,CASH_OUT,8
1.113,-1.912,2,CASH_OUT,11
0.458,-1.623,2,TRANSFER,12
2.052,-0.279,3,TRANSFER,11
-0.799,0.185,3,PAYMENT,6
0.782,-1.825,2,CASH_OUT,10
-2.234,0.83,4,PAYMENT,14
0.715,0.946,3,CASH_IN,17
1.817,1.896,0,CASH_IN,13
-1.131,-0.919,1,CASH_OUT,10
-0.67,-1.479,2,CASH_OUT,1
0.51,1.541,0,CASH_IN,16
-1.663,-1.097,1,PAYMENT,11
-1.497,0.089,4,CASH_OUT,9
0.011,-1.638,2,CASH_OUT,2
-1.997,0.787,4,PAYMENT,7
-2.483,0.85,4,PAYMENT,8
0.202,-1.699,2,CASH_OUT,2
-1.639,-1.103,1,PAYMENT,9
2.724,1.274,3,CASH_IN,16
1.234,-1.914,2,CASH_OUT,16
0.678,0.087,3,CASH_OUT,6
0.781,1.302,3,CASH_IN,7
0.5,-1.756,2,CASH_OUT,2
0.902,-1.842,2,CASH_OUT,17
-2.397,0.997,4,PAYMENT,9
1.646,-1.223,3,TRANSFER,14
1.833,1.871,0,CASH_IN,1
-2.402,0.895,4,PAYMENT,13
2.469,0.806,3,CASH_IN,9
1.47,1.65,0,CASH_IN,6
-2.079,0.924,4,PAYMENT,17
-2.174,1.068,4,PAYMENT,13
1.544,-0.121,3,CASH_OUT,10
0.843,2.229,0,CASH_IN,6
0.472,-1.744,2,CASH_OUT,8
0.342,-1.703,2,CASH_OUT,13
-2.057,0.824,4,PAYMENT,1
1.594,1.436,0,CASH_IN,1
-3.762,0.008,4,CASH_OUT,9
1.559,1.838,0,CASH_IN,14
1.986,1.746,0,CASH_IN,10
-0.44,-0.092,3,PAYMENT,10
0.578,-0.482,2,CASH_OUT,13
0.795,1.327,0,CASH_IN,15
-1.411,-1.193,1,PAYMENT,17
0.836,-1.856,2,CASH_OUT,1
-2.558,0.829,4,PAYMENT,23
1.808,1.275,0,CASH_IN,15
-1.104,0.278,1,PAYMENT,10
-2.971,1.352,4,PAYMENT,7
1.985,-0.354,3,CASH_OUT,12
1.581,1.558,0,CASH_IN,7
0.217,-1.67,2,CASH_OUT,13
-1.914,-1.04,1,PAYMENT,2
0.843,-1.834,2,CASH_OUT,6
-2.954,1.029,4,PAYMENT,8
0.873,-1.748,2,TRANSFER,11
-1.823,-1.07,1,PAYMENT,16
1.761,0.791,3,CASH_IN,13
-2.851,0.976,4,PAYMENT,11
1.698,1.94,0,CASH_IN,13
-1.659,-1.116,1,PAYMENT,16
-0.224,-1.571,2,CASH_OUT,9
-3.18,1.244,4,PAYMENT,1
1.041,1.85,0,CASH_IN,7
-3.059,1.113,4,PAYMENT,17
0.587,-0.396,3,CASH_OUT,17
1.845,1.916,0,CASH_IN,13
-0.758,0.756,4,CASH_OUT,16
1.561,-0.651,3,CASH_OUT,15
1.836,-0.076,3,CASH_OUT,15
1.608,1.413,3,CASH_IN,11
1.205,-1.938,2,CASH_OUT,1
1.889,1.702,0,CASH_IN,10
-2.048,0.934,4,PAYMENT,11
1.93,-0.252,3,CASH_OUT,10
-2.453,0.972,4,PAYMENT,17
1.858,1.444,0,CASH_IN,22
1.69,-0.242,3,CASH_OUT,14
1.85,1.56,0,CASH_IN,24
1.303,1.506,0,CASH_IN,8
1.691,1.721,0,CASH_IN,8
1.452,-1.89,2,TRANSFER,17
-0.639,0.224,3,PAYMENT,1
-2.176,0.905,4,CASH_OUT,8
-1.5,-1.163,1,PAYMENT,8
-3.541,0.943,4,PAYMENT,2
0.707,-0.151,3,CASH_OUT,1
-2.08,0.961,4,PAYMENT,6
-2.381,-0.925,1,PAYMENT,12
-1.407,-1.173,1,PAYMENT,8
0.564,-0.082,3,CASH_OUT,10
-0.647,-1.45,2,CASH_OUT,14
-1.365,-1.201,1,PAYMENT,8
0.158,-0.081,2,CASH_OUT,12
-0.319,0.47,4,CASH_OUT,17
1.617,2.025,0,CASH_IN,9
1.6,1.663,0,CASH_IN,16
1.19,-1.802,2,TRANSFER,17
-0.036,-1.639,2,CASH_OUT,14
0.987,-0.103,3,CASH_OUT,11
0.307,-1.714,2,CASH_OUT,2
1.378,1.95,0,CASH_IN,12
-1.584,-1.124,1,PAYMENT,9
-2.506,1.039,4,PAYMENT,17
2.43,1.425,3,CASH_IN,12
1.658,1.751,0,CASH_IN,17
0.948,-1.86,2,CASH_OUT,8
-1.859,-1.083,1,PAYMENT,22
1.653,-0.718,2,TRANSFER,7
1.07,-1.885,2,CASH_OUT,2
1.217,-1.94,2,CASH_OUT,6
1.468,2.069,0,CASH_IN,16
-2.353,1.16,4,PAYMENT,2
1.013,-1.876,2,CASH_OUT,12
2.567,0.918,3,CASH_IN,12
-1.288,-1.224,1,PAYMENT,8
0.535,-0.974,3,CASH_OUT,13
1.838,1.849,0,CASH_IN,16
-1.855,-1.045,1,PAYMENT,7
-2.551,0.869,4,PAYMENT,12
-1.859,0.631,4,DEBIT,8
1.913,1.628,0,CASH_IN,13
0.617,-2.786,2,TRANSFER,1
1.468,2.058,0,CASH_IN,1
-0.369,-1.552,2,CASH_OUT,7
1.067,-0.141,3,CASH_OUT,24
2.148,1.644,0,CASH_IN,1
-2.741,1.219,4,PAYMENT,11
1.678,-0.194,3,CASH_OUT,8
-1.932,-1.064,1,PAYMENT,1
2.138,1.647,0,CASH_IN,11
-0.122,0.571,4,CASH_OUT,28
2.114,1.818,0,CASH_IN,2
1.501,1.846,0,CASH_IN,16
1.214,0.035,3,CASH_OUT,1
-1.399,-1.193,1,PAYMENT,13
1.145,-1.93,2,CASH_OUT,13
-2.454,0.841,4,PAYMENT,16
2.071,1.79,0,CASH_IN,11
1.058,-1.89,2,CASH_OUT,12
0.175,-1.675,2,CASH_OUT,11
-2.449,1.084,4,PAYMENT,15
-1.956,-1.037,1,PAYMENT,6
-2.081,-1.015,1,PAYMENT,8
-1.612,-1.121,1,PAYMENT,8
-1.624,0.107,1,PAYMENT,24
-1.664,-1.086,1,PAYMENT,9
0.943,-1.735,2,TRANSFER,17
1.994,-0.617,3,CASH_OUT,8
1.033,-1.755,2,TRANSFER,11
1.32,-1.848,2,TRANSFER,9
0.069,0.555,4,CASH_OUT,6
-0.42,0.543,4,CASH_OUT,15
-2.119,0.781,4,PAYMENT,8
-2.573,1.248,4,PAYMENT,6
-1.002,-1.262,1,PAYMENT,12
1.696,1.475,0,CASH_IN,10
1.226,0.975,3,CASH_IN,11
2.016,1.322,0,CASH_IN,10
2.686,1.329,3,CASH_IN,1
1.74,-0.765,3,CASH_OUT,8
1.406,-0.045,3,CASH_OUT,7
-2.707,0.992,4,PAYMENT,15
0.157,0.092,3,CASH_OUT,14
0.74,-1.686,2,TRANSFER,10
0.258,-1.704,2,CASH_OUT,10
1.749,-1.967,2,TRANSFER,15
-0.054,0.191,3,TRANSFER,14
-0.227,0.113,3,CASH_OUT,9
0.671,-1.786,2,CASH_OUT,1
1.398,-1.849,2,TRANSFER,12
-0.275,-2.642,2,TRANSFER,1
1.054,-1.797,2,TRANSFER,8
1.746,1.872,0,CASH_IN,2
-1.451,-1.155,1,PAYMENT,14
1.178,-1.933,2,CASH_OUT,16
1.873,2.015,0,CASH_IN,1
1.809,1.332,0,CASH_IN,2
-2.746,0.994,4,PAYMENT,7
1.693,1.847,0,CASH_IN,6
0.474,0.162,3,CASH_OUT,15
1.023,-0.078,3,CASH_OUT,12
-1.421,0.827,4,CASH_OUT,11
0.311,-0.351,3,CASH_OUT,21
1.126,-0.229,3,CASH_OUT,12
0.859,-1.844,2,CASH_OUT,2
1.164,-0.074,3,CASH_OUT,8
1.907,1.78,0,CASH_IN,10
-1.312,-1.201,1,PAYMENT,6
1.557,-1.891,2,TRANSFER,12
1.843,1.669,0,CASH_IN,10
-2.833,1.039,4,PAYMENT,6
-0.461,0.562,4,CASH_OUT,12
-3.416,1.117,4,PAYMENT,12
0.158,-0.182,1,CASH_IN,13
1.733,-1.177,3,TRANSFER,1
1.288,-1.96,2,CASH_OUT,11
-3.458,1.147,4,PAYMENT,14
0.532,-1.752,2,CASH_OUT,14
0.624,-1.775,2,CASH_OUT,10
1.928,1.879,0,CASH_IN,14
1.62,-0.585,3,CASH_OUT,16
-1.979,0.895,4,PAYMENT,1
0.622,1.448,0,CASH_IN,15
-0.421,0.587,4,TRANSFER,15
1.604,-0.937,2,CASH_OUT,8
0.463,-2.967,2,CASH_OUT,1
1.204,1.695,0,CASH_IN,15
-2.764,0.239,1,PAYMENT,11
1.499,-0.244,3,CASH_OUT,14
-2.49,0.817,4,PAYMENT,8
1.463,-0.138,3,CASH_OUT,10
1.511,-1.914,2,TRANSFER,17
-0.782,0.53,4,CASH_OUT,13
-1.261,0.237,1,PAYMENT,2
-2.147,-0.981,1,PAYMENT,7
-1.028,0.367,1,PAYMENT,10
1.305,1.888,0,CASH_IN,1
0.821,-1.857,2,CASH_OUT,7
1.312,1.837,0,CASH_IN,10
1.243,-1.928,2,CASH_OUT,15
1.115,-1.934,2,CASH_OUT,26
0.219,-1.691,2,CASH_OUT,7
1.76,1.532,0,CASH_IN,1
-2.289,0.877,4,PAYMENT,9
1.736,-1.954,2,TRANSFER,24
0.431,-1.747,2,CASH_OUT,7
-2.001,0.805,4,PAYMENT,2
0.957,-1.478,3,CASH_OUT,2
-2.464,1.114,4,PAYMENT,8
-0.095,-0.034,3,CASH_OUT,17
1.058,-1.89,2,CASH_OUT,15
1.379,-1.383,3,CASH_OUT,1
1.319,-0.129,3,CASH_OUT,16
-2.208,1.122,4,PAYMENT,13
-3.22,1.046,4,PAYMENT,1
0.423,0.144,3,CASH_OUT,13
0.154,-1.66,2,CASH_OUT,14
1.581,1.899,0,CASH_IN,13
1.218,-1.931,2,CASH_OUT,11
1.972,-0.193,3,CASH_OUT,8
-1.22,0.442,4,PAYMENT,13
-2.506,0.962,4,PAYMENT,9
-1.561,-1.123,1,PAYMENT,13
1.867,1.383,0,CASH_IN,1
1.117,1.387,3,CASH_IN,12
1.169,-1.945,2,CASH_OUT,6
1.794,-0.142,3,CASH_OUT,8
-2.469,-0.884,1,PAYMENT,17
2.345,0.666,3,CASH_OUT,11
1.799,-0.458,3,CASH_OUT,17
0.396,0.188,3,CASH_OUT,10
1.368,-1.992,2,CASH_OUT,15
-1.883,1.053,4,PAYMENT,13
0.948,1.449,0,CASH_IN,11
2.098,-2.023,2,TRANSFER,16
1.09,-1.38,3,CASH_OUT,9
0.892,-1.142,3,CASH_OUT,1
-2.49,0.934,4,PAYMENT,8
-2.045,0.847,4,PAYMENT,1
-0.321,-2.853,2,CASH_OUT,1
1.719,1.889,0,CASH_IN,8
-2.022,-1.006,1,PAYMENT,2
1.483,1.503,0,CASH_IN,11
1.87,1.416,0,CASH_IN,1
1.717,-1.956,2,TRANSFER,1
0.99,-0.109,3,CASH_OUT,11
1.086,-1.776,2,TRANSFER,6
1.67,1.836,0,CASH_IN,17
-2.883,0.854,4,PAYMENT,9
-2.745,1.106,4,PAYMENT,8
0.349,-1.701,2,CASH_OUT,9
1.15,0.044,3,CASH_OUT,16
1.679,1.647,0,CASH_IN,15
-0.931,0.565,4,CASH_OUT,13
1.755,1.968,0,CASH_IN,14
-0.797,0.134,3,PAYMENT,12
-0.676,0.614,4,CASH_OUT,10
-2.104,0.785,4,PAYMENT,10
1.35,1.828,0,CASH_IN,15
0.923,-0.105,3,CASH_OUT,7
1.084,-1.915,2,CASH_OUT,9
-2.139,0.95,4,PAYMENT,11
-1.938,0.761,4,DEBIT,16
-2.103,1.037,4,PAYMENT,16
0.991,-0.076,3,CASH_OUT,8
2.141,1.35,0,CASH_IN,6
0.499,-1.732,2,CASH_OUT,17
-2.629,1.034,4,PAYMENT,14
2.123,-2.104,2,TRANSFER,2
-2.17,-0.975,1,PAYMENT,10
-2.468,0.798,4,PAYMENT,15
0.05,-1.65,2,CASH_OUT,16
-3.994,1.163,4,PAYMENT,6
-1.793,-1.096,1,PAYMENT,14
2.163,-1.129,2,TRANSFER,7
-2.228,0.845,4,PAYMENT,1
2.072,1.629,0,CASH_IN,10
-1.101,0.217,1,PAYMENT,8
-1.921,-1.053,1,PAYMENT,2
-1.702,-1.115,1,PAYMENT,8
1.817,1.838,0,CASH_IN,14
1.058,-1.947,2,CASH_OUT,10
-1.924,-1.066,1,PAYMENT,12
2.057,-0.515,3,CASH_OUT,11
-0.524,0.16,3,PAYMENT,2
1.638,1.942,0,CASH_IN,6
0.462,-1.758,2,CASH_OUT,6
1.51,-0.074,3,CASH_OUT,8
1.909,-0.381,0,CASH_IN,16
2.377,1.828,0,CASH_IN,6
0.724,-1.795,2,CASH_OUT,8
-1.328,0.196,1,PAYMENT,17
1.152,-1.915,2,CASH_OUT,10
0.92,-0.066,3,CASH_OUT,2
-2.563,1.041,4,PAYMENT,8
0.885,-1.84,2,CASH_OUT,16
1.816,1.86,0,CASH_IN,24
0.87,-1.853,2,CASH_OUT,7
0.859,-1.841,2,CASH_OUT,29
0.655,-0.05,3,CASH_OUT,25
-2.097,0.994,4,PAYMENT,15
1.139,-1.808,2,TRANSFER,17
-4.473,-0.392,1,PAYMENT,8
-2.938,-0.783,1,PAYMENT,6
2.156,1.914,0,CASH_IN,17
-0.911,0.203,3,PAYMENT,9
0.645,-1.776,2,CASH_OUT,11
-2.592,0.974,4,PAYMENT,2
-2.563,0.91,4,PAYMENT,8
1.567,1.934,0,CASH_IN,10
0.742,-1.811,2,CASH_OUT,2
-3.263,1.208,4,PAYMENT,14
1.422,1.83,0,CASH_IN,15
-0.231,-1.565,2,CASH_OUT,11
0.206,-1.688,2,CASH_OUT,14
0.507,1.535,0,CASH_IN,7
2.384,1.043,3,CASH_IN,29
-2.584,1.243,4,PAYMENT,12
0.813,-1.816,2,CASH_OUT,17
0.411,-1.74,2,CASH_OUT,1
1.182,1.737,0,CASH_IN,10
1.626,1.645,0,CASH_IN,10
0.557,-0.069,3,CASH_OUT,16
1.203,1.346,0,CASH_IN,11
-1.745,-1.083,1,PAYMENT,14
-2.398,0.726,4,PAYMENT,15
1.767,-1.973,2,TRANSFER,17
-1.735,-1.114,1,PAYMENT,2
-0.194,0.665,4,CASH_OUT,13
1.079,-1.897,2,CASH_OUT,7
-1.052,-1.284,1,PAYMENT,16
1.332,-0.103,3,CASH_OUT,22
-0.865,0.211,1,PAYMENT,9
-1.12,1.541,4,CASH_IN,10
-0.918,0.256,1,PAYMENT,12
-1.725,0.805,4,CASH_OUT,1
1.411,-0.605,3,CASH_OUT,25
0.545,-0.292,3,CASH_OUT,6
1.601,1.967,0,CASH_IN,15
0.188,-1.661,2,CASH_OUT,6
-2.188,1.182,4,PAYMENT,14
-2.564,0.895,4,PAYMENT,13
0.456,0.353,3,TRANSFER,13
-2.525,0.801,4,PAYMENT,11
-3.5,1.102,4,PAYMENT,9
2.435,1.357,0,CASH_IN,8
-1.921,-1.028,1,PAYMENT,10
-1.372,0.227,1,PAYMENT,1
1.828,-0.238,3,CASH_OUT,17
0.257,-1.565,2,TRANSFER,17
0.87,1.566,0,CASH_IN,12
0.826,-0.06,3,CASH_OUT,11
1.998,0.644,3,CASH_OUT,6
0.673,-3.106,2,CASH_OUT,17
2.112,1.399,0,CASH_IN,22
-1.85,-1.053,1,PAYMENT,13
-2.333,1.075,4,PAYMENT,10
-1.344,-1.2,1,PAYMENT,1
-1.595,-1.114,1,PAYMENT,15
0.829,1.712,0,CASH_IN,15
-3.227,0.953,4,PAYMENT,1
-2.189,0.881,4,PAYMENT,15
-1.243,-1.229,1,PAYMENT,11
0.866,-1.857,2,CASH_OUT,13
0.254,-1.681,2,CASH_OUT,15
2.827,1.099,3,CASH_IN,8
0.136,-1.653,2,CASH_OUT,9
-1.575,-1.126,1,PAYMENT,13
1.858,1.91,0,CASH_IN,7
1.807,1.778,0,CASH_IN,8
1.696,1.929,0,CASH_IN,15
-2.473,1.303,4,PAYMENT,11
1.68,1.508,0,CASH_IN,2
-1.586,-1.141,1,PAYMENT,8
-2.328,0.946,4,PAYMENT,17
0.89,-0.144,3,CASH_OUT,9
2.341,1.797,0,CASH_IN,16
-1.427,-1.189,1,PAYMENT,11
0.808,-1.808,2,CASH_OUT,12
0.727,-0.04,3,CASH_OUT,2
1.027,0.227,3,TRANSFER,10
-1.836,-1.056,1,PAYMENT,15
1.757,-1.97,2,TRANSFER,2
-1.323,-1.177,1,PAYMENT,13
-0.626,0.066,3,PAYMENT,15
-2.771,-0.818,1,PAYMENT,6
1.832,2.075,0,CASH_IN,11
1.167,0.061,3,CASH_OUT,15
0.337,1.56,0,CASH_IN,25
-2.393,1.022,4,PAYMENT,14
-2.254,-0.95,1,PAYMENT,16
2.432,1.314,3,CASH_IN,15
3.036,1.419,3,CASH_IN,6
1.878,1.352,0,CASH_IN,1
0.632,-1.792,2,CASH_OUT,16
-0.287,0.591,4,CASH_OUT,7
0.681,1.339,0,CASH_IN,7
0.624,-0.517,3,CASH_IN,8
1.75,-1.948,2,TRANSFER,8
0.966,-0.142,3,CASH_OUT,17
0.061,0.073,3,CASH_OUT,17
0.504,-1.74,2,CASH_OUT,16
0.504,0.104,3,CASH_OUT,12
-2.246,1.094,4,PAYMENT,17
1.057,-1.779,2,TRANSFER,2
-1.949,-1.049,1,PAYMENT,2
2.147,-2.066,2,TRANSFER,8
1.105,-0.13,3,CASH_OUT,8
-0.838,-0.275,1,PAYMENT,7
1.263,-1.95,2,CASH_OUT,13
-0.328,0.75,4,CASH_OUT,6
-1.137,0.078,1,PAYMENT,1
-0.977,-1.279,1,PAYMENT,12
1.39,-0.09,3,CASH_OUT,2
-2.192,-0.98,1,PAYMENT,10
0.167,-1.665,2,CASH_OUT,11
-1.766,-1.071,1,PAYMENT,8
-1.795,-1.085,1,PAYMENT,8
1.759,-0.133,3,CASH_OUT,10
2.113,1.75,0,CASH_IN,15
-3.094,1.208,4,PAYMENT,1
-2.877,0.917,4,PAYMENT,9
1.539,-1.916,2,TRANSFER,7
0.853,-1.824,2,CASH_OUT,13
1.35,1.883,0,CASH_IN,23
0.1,0.206,3,CASH_OUT,25
-2.238,1.112,4,PAYMENT,2
0.875,-1.822,2,CASH_OUT,1
1.263,-1.951,2,CASH_OUT,10
0.673,-2.857,2,TRANSFER,7
1.842,0.029,3,TRANSFER,11
0.668,-1.677,2,TRANSFER,15
0.903,-0.13,3,CASH_OUT,15
-0.346,-1.524,2,CASH_OUT,1
-1.616,-1.102,1,PAYMENT,9
2.043,0.017,3,TRANSFER,8
0.506,-1.779,2,CASH_OUT,15
-2.037,1.162,4,PAYMENT,11
0.799,1.658,0,CASH_IN,13
-1.65,-1.104,1,PAYMENT,10
-2.857,-0.817,1,PAYMENT,2
-0.967,-1.288,1,PAYMENT,14
-1.528,0.132,1,PAYMENT,9
1.621,1.32,0,CASH_IN,2
-1.572,-1.113,1,PAYMENT,8
-2.416,-0.909,1,PAYMENT,7
1.714,-0.179,3,CASH_OUT,8
-2.528,1.215,4,PAYMENT,15
0.818,1.941,0,TRANSFER,1
0.701,1.883,0,CASH_IN,15
1.615,1.709,0,CASH_IN,7
-1.727,-1.116,1,PAYMENT,11
-1.521,-1.133,1,PAYMENT,11
1.334,-0.118,3,CASH_OUT,12
-1.047,-1.325,1,PAYMENT,17
-0.418,0.223,3,CASH_OUT,15
2.3,1.298,3,CASH_IN,2
-2.695,0.757,4,CASH_OUT,9
1.36,1.796,0,CASH_IN,12
0.555,1.363,0,CASH_IN,6
1.201,-0.345,2,CASH_IN,1
1.768,-0.1,3,CASH_OUT,10
2.102,1.344,0,CASH_IN,14
1.258,-1.956,2,CASH_OUT,6
-2.026,0.894,4,PAYMENT,17
0.334,-1.692,2,CASH_OUT,7
1.817,0.606,3,CASH_OUT,7
0.954,-0.087,3,CASH_OUT,1
-2.684,0.997,4,PAYMENT,15
-2.549,0.871,4,PAYMENT,12
1.208,-0.522,3,CASH_OUT,17
-2.631,0.674,4,PAYMENT,18
1.136,1.562,0,CASH_IN,12
1.77,1.735,0,CASH_IN,17
0.242,-2.94,2,CASH_OUT,1
1.083,-1.809,2,TRANSFER,30
-1.467,0.352,1,PAYMENT,23
-0.029,-1.622,2,CASH_OUT,17
-1.223,-1.206,1,PAYMENT,2
0.83,-0.027,3,CASH_OUT,16
2.285,1.264,3,CASH_IN,11
-1.313,-1.211,1,PAYMENT,17
1.815,0.961,3,CASH_IN,11
1.66,1.897,0,CASH_IN,6
-1.565,0.545,4,CASH_OUT,7
-1.652,-1.117,1,PAYMENT,12
0.513,-0.02,3,CASH_OUT,1
2.368,1.029,3,CASH_IN,12
-2.123,1.003,4,PAYMENT,11
1.132,1.519,0,CASH_IN,11
1.021,1.138,3,CASH_OUT,6
1.691,-0.104,3,CASH_OUT,17
0.396,-1.087,3,CASH_OUT,6
1.693,1.529,0,CASH_IN,14
1.931,-0.049,3,TRANSFER,2
1.551,-1.902,2,TRANSFER,6
0.855,-1.846,2,CASH_OUT,15
-2.654,1.132,4,PAYMENT,4
1.868,2.031,0,CASH_IN,11
1.497,1.807,0,CASH_IN,8
1.644,-1.917,2,TRANSFER,6
1.16,0.058,3,CASH_OUT,17
0.999,-0.128,3,CASH_OUT,16
2.382,0.037,3,TRANSFER,17
1.848,-0.186,3,CASH_OUT,24
-0.486,0.644,4,CASH_OUT,24
-2.35,0.823,4,PAYMENT,14
0.967,-0.175,3,CASH_OUT,9
-2.912,0.842,4,PAYMENT,6
0.985,-1.868,2,CASH_OUT,15
-2.514,0.923,4,PAYMENT,13
-2.493,0.886,4,PAYMENT,29
1.762,1.923,0,CASH_IN,13
1.312,-1.947,2,CASH_OUT,10
2.044,1.703,0,CASH_IN,9
2.545,1.303,0,CASH_IN,14
-1.38,-1.173,1,PAYMENT,2
0.806,-1.818,2,CASH_OUT,29
-2.41,1.005,4,PAYMENT,16
1.99,-1.159,3,TRANSFER,2
0.331,0.197,3,CASH_OUT,10
-2.437,1.187,4,PAYMENT,2
0.687,-1.775,2,CASH_OUT,13
-0.388,-2.859,2,CASH_OUT,1
-1.344,-1.178,1,PAYMENT,15
-0.754,0.651,4,CASH_OUT,14
0.143,-1.659,2,CASH_OUT,8
1.772,1.12,3,CASH_IN,17
1.235,-0.142,3,CASH_OUT,13
2.172,-2.081,2,TRANSFER,8
-2.243,1.087,4,PAYMENT,7
0.565,0.091,3,CASH_OUT,14
1.432,1.346,0,CASH_IN,2
-1.563,-1.112,1,PAYMENT,10
1.072,0.024,3,CASH_OUT,8
-2.938,0.909,4,PAYMENT,25
1.262,-0.386,3,CASH_OUT,25
-2.748,0.999,4,PAYMENT,7
0.865,-1.205,3,CASH_IN,2
1.085,-1.896,2,CASH_OUT,2
0.996,-1.75,2,TRANSFER,11
1.644,1.827,0,CASH_IN,9
-1.683,-1.081,1,PAYMENT,13
1.772,1.442,0,CASH_IN,8
-1.488,0.329,1,PAYMENT,11
-0.02,-0.487,3,CASH_IN,1
1.04,1.498,0,CASH_IN,2
0.39,-1.718,2,CASH_OUT,6
1.746,-0.111,3,CASH_OUT,10
2.187,1.178,3,CASH_IN,11
1.408,-1.859,2,TRANSFER,7
0.94,-1.87,2,CASH_OUT,2
0.972,0.022,3,CASH_OUT,6
0.298,-1.719,2,CASH_OUT,16
1.395,1.905,0,CASH_IN,1
-2.004,-1.014,1,PAYMENT,16
-0.602,0.59,4,CASH_OUT,14
-1.999,-1.047,1,PAYMENT,16
-3.688,1.021,4,PAYMENT,25
1.146,-1.158,3,CASH_OUT,9
1.559,-0.449,3,CASH_OUT,11
0.523,-2.683,2,CASH_OUT,1
-2.328,0.953,4,PAYMENT,12
0.785,-0.045,3,CASH_OUT,11
-1.491,-1.159,1,PAYMENT,9
-2.619,0.979,4,PAYMENT,14
1.329,-1.844,2,TRANSFER,2
2.07,1.351,0,CASH_IN,16
-2.105,1.037,4,PAYMENT,2
1.41,1.998,0,CASH_IN,13
-2.563,0.994,4,PAYMENT,10
1.776,1.927,0,CASH_IN,2
-0.025,-1.592,2,CASH_OUT,11
-1.45,-1.18,1,PAYMENT,12
-0.695,1.468,0,CASH_IN,9
1.717,-0.257,3,CASH_OUT,11
-1.132,-1.243,1,PAYMENT,15
1.621,-0.158,3,CASH_OUT,7
0.903,-0.496,3,CASH_OUT,14
1.254,-1.934,2,CASH_OUT,17
-2.319,1.009,4,PAYMENT,1
1.545,-0.111,3,CASH_OUT,7
1.797,1.91,0,CASH_IN,1
1.556,-0.17,3,CASH_OUT,15
-1.479,0.606,4,TRANSFER,16
-3.068,0.972,4,PAYMENT,25
-1.997,-1.044,1,PAYMENT,16
1.922,1.867,0,CASH_IN,7
1.795,1.761,0,CASH_IN,8
2.399,1.087,3,CASH_IN,13
2.881,-0.133,3,TRANSFER,13
-0.573,0.623,4,CASH_OUT,2
0.657,1.436,0,CASH_IN,9
1.242,-1.3,3,CASH_OUT,6
0.446,-1.645,2,TRANSFER,12
0.717,-1.829,2,CASH_OUT,14
-1.737,-1.099,1,PAYMENT,1
1.385,-0.559,3,TRANSFER,16
1.256,-1.938,2,CASH_OUT,15
-2.836,1.035,4,PAYMENT,9
0.123,-1.68,2,CASH_OUT,10
-0.712,0.701,4,CASH_OUT,10
0.727,-1.795,2,CASH_OUT,8
-2.858,0.896,4,PAYMENT,6
-1.935,0.238,4,CASH_OUT,6
-0.844,0.45,4,CASH_OUT,17
0.768,-0.094,3,CASH_OUT,7
1.43,1.115,3,CASH_IN,10
1.701,2.038,0,CASH_IN,10
-3.408,1.145,4,PAYMENT,16
1.664,-0.515,3,CASH_OUT,15
1.697,0.043,3,TRANSFER,12
1.686,1.709,0,CASH_IN,6
-2.722,1.029,4,PAYMENT,1
1.702,-0.932,2,CASH_OUT,1
2.048,1.811,0,CASH_IN,13
-2.236,-0.976,1,PAYMENT,2
-2.968,0.849,4,PAYMENT,1
-2.411,1.273,4,PAYMENT,1
-3.674,1.272,4,PAYMENT,7
1.709,-0.145,3,CASH_OUT,7
1.979,-0.295,3,CASH_OUT,1
-0.788,0.579,4,CASH_OUT,9
-2.194,-0.983,1,PAYMENT,11
1.439,1.995,0,CASH_IN,13
-0.058,-1.161,3,TRANSFER,1
-0.306,-2.824,2,CASH_OUT,1
1.221,1.035,3,CASH_IN,9
-2.571,1.043,4,PAYMENT,7
0.964,-1.875,2,CASH_OUT,23
-1.32,-1.191,1,PAYMENT,12
-1.74,-1.088,1,PAYMENT,8
0.49,-1.747,2,CASH_OUT,2
0.928,0.058,3,CASH_OUT,11
-3.034,1.11,4,PAYMENT,1
0.883,-0.089,3,CASH_OUT,10
1.328,1.188,0,CASH_IN,16
1.947,1.91,0,CASH_IN,14
1.186,-0.049,3,CASH_OUT,8
0.61,0.003,3,CASH_OUT,13
-2.542,-0.898,1,PAYMENT,17
1.237,1.842,0,CASH_IN,15
0.466,-1.265,3,CASH_OUT,1
0.595,1.407,0,CASH_IN,7
-1.066,-1.274,1,PAYMENT,14
1.006,-1.875,2,CASH_OUT,1
-2.711,0.866,4,PAYMENT,2
0.624,-1.787,2,CASH_OUT,12
0.396,0.143,3,TRANSFER,19
1.859,1.801,0,CASH_IN,8
-2.411,0.72,4,PAYMENT,8
-0.837,0.007,4,DEBIT,10
0.961,-0.042,3,CASH_OUT,25
2.581,1.394,3,CASH_IN,11
1.656,-0.121,3,CASH_OUT,15
-2.14,0.955,4,PAYMENT,6
1.225,-0.148,3,CASH_OUT,12
-2.562,1.065,4,PAYMENT,22
-0.671,0.554,4,CASH_OUT,8
1.504,1.681,0,CASH_IN,2
0.163,0.072,3,PAYMENT,14
0.698,-1.796,2,CASH_OUT,8
0.88,-1.856,2,CASH_OUT,11
-1.438,-1.158,1,PAYMENT,7
0.739,-1.795,2,CASH_OUT,29
-1.895,-1.048,1,PAYMENT,17
1.627,1.461,3,CASH_IN,10
2.303,1.273,3,CASH_IN,7
1.118,-0.027,3,CASH_OUT,6
0.877,-1.899,2,CASH_OUT,7
1.046,-1.876,2,CASH_OUT,6
-2.379,0.897,4,PAYMENT,4
-2.296,0.876,4,PAYMENT,13
2.495,1.276,3,CASH_IN,7
-1.628,-1.134,1,PAYMENT,16
0.869,-1.736,2,TRANSFER,7
1.651,1.79,0,CASH_IN,6
0.001,-0.581,3,CASH_IN,6
1.632,1.43,3,CASH_IN,9
0.722,-1.815,2,CASH_OUT,11
1.14,1.84,0,CASH_IN,20
1.439,1.402,0,CASH_IN,14
1.542,-0.373,2,CASH_IN,1
-2.157,-0.985,1,PAYMENT,9
-1.795,0.912,4,PAYMENT,17
1.361,1.873,0,CASH_IN,11
-1.383,-1.207,1,PAYMENT,2
-1.242,-1.211,1,PAYMENT,14
1.432,-0.558,3,CASH_OUT,2
1.149,-1.899,2,CASH_OUT,12
-2.331,0.82,4,PAYMENT,11
-2.818,-0.835,1,PAYMENT,9
-1.867,-1.063,1,PAYMENT,14
-1.6,0.651,4,CASH_OUT,17
-2.871,-0.793,1,PAYMENT,10
1.379,-1.995,2,CASH_OUT,1
-2.278,-0.64,4,DEBIT,1
1.382,-1.842,2,TRANSFER,11
1.044,0.004,3,CASH_OUT,13
1.172,-1.926,2,CASH_OUT,8
-1.023,-1.267,1,PAYMENT,12
-0.674,-0.031,3,PAYMENT,10
-1.715,-1.119,1,PAYMENT,11
-2.199,-0.975,1,PAYMENT,29
-1.118,0.72,4,CASH_OUT,15
0.911,-1.853,2,CASH_OUT,11
0.85,-0.054,3,CASH_OUT,12
-0.964,0.333,1,PAYMENT,12
1.813,1.434,0,CASH_IN,15
2.113,1.79,0,CASH_IN,16
0.765,0.08,3,CASH_OUT,16
1.244,-0.108,3,CASH_OUT,7
-2.292,0.955,4,PAYMENT,7
0.07,-2.651,2,CASH_OUT,1
2.29,0.946,3,CASH_IN,12
1.579,-0.319,3,CASH_OUT,1
0.782,-1.816,2,CASH_OUT,2
1.679,1.908,0,CASH_IN,17
1.544,1.472,3,CASH_IN,13
1.558,-0.034,3,TRANSFER,10
-0.24,-1.582,2,CASH_OUT,2
-1.432,-1.159,1,PAYMENT,15
-2.139,1.024,4,PAYMENT,11
-1.408,-1.165,1,PAYMENT,9
1.299,-1.95,2,CASH_OUT,7
0.966,-0.111,3,CASH_OUT,16
0.298,-1.718,2,CASH_OUT,14
1.687,1.914,0,CASH_IN,17
1.829,1.731,0,CASH_IN,17
1.852,-1.994,2,TRANSFER,17
0.155,-1.656,2,CASH_OUT,23
-2.163,1.117,4,PAYMENT,1
-2.74,1.103,4,PAYMENT,15
-0.467,0.7,4,CASH_OUT,13
0.757,-1.805,2,CASH_OUT,6
-0.496,-1.522,2,CASH_OUT,8
2.523,0.871,3,CASH_OUT,2
2.961,1.286,3,CASH_IN,17
-0.509,0.181,1,PAYMENT,12
-2.112,0.776,4,PAYMENT,10
1.506,0.537,3,CASH_IN,21
-2.732,-0.857,1,PAYMENT,15
-0.227,0.216,3,PAYMENT,15
-1.653,0.294,1,PAYMENT,2
0.584,-0.022,3,CASH_OUT,8
-0.392,0.133,3,CASH_OUT,14
-2.483,1.195,4,PAYMENT,8
2.667,1.293,3,CASH_IN,13
1.09,-0.084,3,CASH_OUT,9
0.267,-1.691,2,CASH_OUT,15
-1.533,-1.134,1,PAYMENT,15
-1.25,-1.202,1,PAYMENT,13
1.027,-1.894,2,CASH_OUT,8
-1.412,-1.165,1,PAYMENT,28
0.753,1.694,0,CASH_IN,9
-0.771,-1.346,1,PAYMENT,12
-0.438,0.691,4,CASH_OUT,29
-2.823,-0.823,1,PAYMENT,2
0.88,-1.855,2,CASH_OUT,9
1.266,-0.106,3,CASH_OUT,9
2.333,1.737,0,CASH_IN,12
-2.709,1.061,4,PAYMENT,13
-1.45,-1.183,1,PAYMENT,16
-2.32,0.99,4,PAYMENT,6
0.386,0.165,3,CASH_OUT,7
-2.543,1.134,4,PAYMENT,7
-1.614,1.046,4,DEBIT,1
-0.629,0.523,4,CASH_OUT,12
-1.276,-1.199,1,PAYMENT,10
-2.881,1.101,4,PAYMENT,8
1.829,1.664,0,CASH_IN,6
-2.074,0.903,4,PAYMENT,10
1.691,-0.766,3,CASH_OUT,13
0.643,-1.809,2,CASH_OUT,16
-2.366,0.934,4,PAYMENT,11
0.623,0.092,3,CASH_OUT,12
-0.222,-2.702,2,CASH_OUT,1
1.583,1.481,3,CASH_IN,25
0.601,-1.774,2,CASH_OUT,15
1.019,-1.887,2,CASH_OUT,15
0.563,0.111,3,CASH_OUT,6
0.76,-0.68,2,CASH_OUT,1
0.562,-1.782,2,CASH_OUT,2
1.317,-1.98,2,CASH_OUT,6
1.515,1.852,0,CASH_IN,2
-0.448,-1.498,2,CASH_OUT,17
1.484,1.904,0,CASH_IN,8
0.486,-2.799,2,TRANSFER,12
1.599,-0.128,3,CASH_OUT,6
-2.441,1.197,4,PAYMENT,8
1.027,1.367,0,CASH_IN,15
2.266,1.893,0,CASH_IN,7
0.631,0.157,3,TRANSFER,9
1.487,-1.899,2,TRANSFER,8
-2.223,1.008,4,PAYMENT,12
0.899,-0.201,3,CASH_OUT,15
1.389,1.927,0,CASH_IN,10
-2.039,-1.019,1,PAYMENT,7
0.234,0.235,3,TRANSFER,13
1.775,1.972,0,CASH_IN,6
-1.995,0.962,4,CASH_OUT,12
-0.98,0.449,4,CASH_OUT,9
1.995,0.092,3,TRANSFER,10
0.612,-1.765,2,CASH_OUT,1
1.779,1.98,0,CASH_IN,2
-0.803,-0.052,3,PAYMENT,22
1.527,2.02,0,CASH_IN,7
1.13,-0.226,3,TRANSFER,1
1.779,1.78,0,CASH_IN,23
2.019,1.676,0,CASH_IN,14
1.517,-0.387,2,CASH_IN,2
-2.165,-1.001,1,PAYMENT,1
2.039,1.518,0,CASH_IN,16
-1.051,-1.281,1,PAYMENT,10
0.777,0.014,3,CASH_OUT,7
1.003,1.677,0,CASH_IN,14
0.31,-0.083,3,CASH_OUT,10
-1.003,0.266,1,PAYMENT,10
1.611,1.469,3,CASH_IN,16
2.111,1.711,0,CASH_IN,13
-1.47,-1.153,1,PAYMENT,6
0.624,1.636,0,CASH_IN,29
2.124,-0.24,3,CASH_OUT,8
0.047,0.116,3,CASH_OUT,17
-2.928,1.188,4,PAYMENT,2
1.045,0.217,3,TRANSFER,17
1.869,-1.992,2,TRANSFER,14
-1.419,-1.159,1,PAYMENT,9
1.719,-0.218,3,CASH_OUT,12
-0.236,0.623,4,CASH_OUT,22
1.439,2.001,0,CASH_IN,17
0.624,-1.755,2,CASH_OUT,6
2.021,1.815,0,CASH_IN,7
1.632,-0.041,3,TRANSFER,10
-1.595,-1.143,1,PAYMENT,9
-2.257,0.881,4,PAYMENT,17
1.124,-1.807,2,TRANSFER,10
-2.604,-0.9,1,PAYMENT,1
-2.337,1.09,4,PAYMENT,16
1.403,-0.051,3,CASH_OUT,16
-2.812,0.792,4,PAYMENT,10
-0.202,0.644,4,CASH_OUT,1
1.782,1.962,0,CASH_IN,2
-1.512,-1.132,1,PAYMENT,9
1.355,-1.838,2,TRANSFER,8
0.814,-1.813,2,CASH_OUT,16
-2.906,1.024,4,PAYMENT,8
1.532,-0.234,3,TRANSFER,6
-1.801,-1.062,1,PAYMENT,10
1.699,-1.926,2,TRANSFER,11
0.489,-1.645,2,TRANSFER,2
1.789,-0.984,2,CASH_OUT,8
-2.135,1.03,4,PAYMENT,1
-1.955,-1.033,1,PAYMENT,23
-2.457,0.894,4,PAYMENT,6
1.215,1.921,0,CASH_IN,11
-0.963,0.364,1,PAYMENT,17
-2.469,0.866,4,PAYMENT,8
-2.745,1.455,4,PAYMENT,1
0.978,-1.758,2,TRANSFER,1
0.419,-2.838,2,TRANSFER,8
1.665,-1.931,2,TRANSFER,12
-0.692,1.327,1,CASH_IN,12
-2.263,1.024,4,PAYMENT,18
-3.341,1.137,4,PAYMENT,4
-1.3,0.295,1,PAYMENT,15
0.749,1.923,0,CASH_IN,1
2.07,-0.561,3,CASH_OUT,11
-1.449,-1.159,1,PAYMENT,16
2.291,-0.274,3,CASH_OUT,6
-1.794,-1.089,1,PAYMENT,2
2.494,1.315,3,CASH_IN,1
1.587,-0.331,3,CASH_OUT,10
1.881,1.764,0,CASH_IN,1
1.728,-0.52,3,CASH_OUT,16
-1.251,-1.234,1,PAYMENT,11
1.9,-0.667,3,CASH_OUT,9
2.215,1.934,0,CASH_IN,16
0.829,0.107,3,CASH_OUT,15
-2.809,1.134,4,PAYMENT,12
1.157,0.26,3,TRANSFER,8
1.786,-0.085,3,CASH_OUT,6
-2.139,-0.99,1,PAYMENT,14
1.122,-1.918,2,CASH_OUT,8
0.804,-0.48,3,CASH_OUT,16
-1.385,-1.207,1,PAYMENT,1
1.238,1.31,0,CASH_IN,1
-2.578,-0.867,1,PAYMENT,10
-0.066,-2.929,2,CASH_OUT,2
1.606,1.403,3,CASH_IN,12
0.37,-1.065,3,CASH_OUT,15
-1.52,-1.155,1,PAYMENT,15
2.751,1.254,3,CASH_IN,29
0.864,0.098,3,CASH_OUT,6
1.838,-0.108,3,CASH_OUT,14
1.926,0.059,3,TRANSFER,15
0.834,-1.828,2,CASH_OUT,8
-0.617,0.269,1,PAYMENT,2
-2.326,1.109,4,PAYMENT,7
1.461,-1.872,2,TRANSFER,15
1.349,1.328,0,CASH_IN,1
1.132,-1.89,2,CASH_OUT,4
0.982,-0.068,3,CASH_OUT,2
1.576,-1.896,2,TRANSFER,16
-2.366,1.125,4,PAYMENT,12
-2.218,0.73,4,PAYMENT,8
1.912,1.684,0,CASH_IN,4
-2.309,0.746,4,PAYMENT,1
1.575,-1.917,2,TRANSFER,10
-0.46,0.221,3,PAYMENT,10
-1.751,-1.106,1,PAYMENT,6
1.941,0.029,3,TRANSFER,10
1.665,2.007,0,CASH_IN,11
0.949,-1.866,2,CASH_OUT,7
1.815,1.94,0,CASH_IN,1
-2.19,0.889,4,PAYMENT,12
2.059,-0.369,3,CASH_OUT,6
0.067,-0.101,3,CASH_OUT,6
-0.409,0.636,4,CASH_OUT,12
0.934,-1.741,2,TRANSFER,22
2.064,1.331,0,CASH_IN,2
2.44,1.42,3,CASH_IN,10
0.677,-1.738,2,TRANSFER,16
2.141,1.404,0,CASH_IN,13
-2.075,-0.996,1,PAYMENT,9
-2.188,1.038,4,PAYMENT,24
2.712,0.871,3,CASH_IN,10
1.273,1.84,0,CASH_IN,10
0.91,-1.852,2,CASH_OUT,11
0.534,-1.747,2,CASH_OUT,9
1.974,1.932,0,CASH_IN,7
1.616,1.716,0,CASH_IN,8
-0.63,0.256,3,PAYMENT,11
1.47,-0.08,3,CASH_OUT,11
2.867,1.163,0,TRANSFER,1
-0.467,0.565,4,CASH_OUT,10
-1.615,-1.116,1,PAYMENT,6
1.042,0.027,3,TRANSFER,8
-2.349,0.934,4,PAYMENT,17
1.15,1.782,0,CASH_IN,29
0.455,-1.735,2,CASH_OUT,14
-3.122,1.256,4,PAYMENT,1
0.502,-1.739,2,CASH_OUT,17
-2.423,1.074,4,PAYMENT,16
0.752,0.902,3,CASH_IN,7
-2.68,0.82,4,PAYMENT,6
1.14,1.892,0,CASH_IN,1
1.484,-0.082,3,CASH_OUT,25
1.434,1.868,0,CASH_IN,7
1.49,1.515,0,CASH_IN,22
0.652,-1.789,2,CASH_OUT,7
-0.781,1.811,4,TRANSFER,1
-2.245,0.978,4,PAYMENT,16
0.59,-1.132,3,CASH_OUT,1
2.069,-2.06,2,TRANSFER,9
1.336,1.854,0,CASH_IN,12
1.084,-1.909,2,CASH_OUT,16
-1.068,0.278,1,PAYMENT,7
2.09,1.859,0,CASH_IN,9
-1.422,-1.158,1,PAYMENT,6
-2.859,-0.817,1,PAYMENT,10
-2.828,0.872,4,PAYMENT,11
2.575,0.018,3,TRANSFER,7
0.43,-0.099,3,CASH_OUT,29
1.714,-0.115,3,CASH_OUT,7
-1.944,0.968,4,PAYMENT,14
-0.322,0.049,3,PAYMENT,9
1.751,1.823,0,CASH_IN,10
-0.78,0.569,4,CASH_OUT,16
1.09,-1.924,2,CASH_OUT,9
1.778,-0.5,3,TRANSFER,8
1.469,1.982,0,CASH_IN,7
-0.796,-1.357,1,PAYMENT,14
-1.476,0.342,1,PAYMENT,1
-1.979,-1.016,1,PAYMENT,17
-3.448,-0.646,1,PAYMENT,12
1.447,-0.083,3,CASH_OUT,16
-2.307,0.854,4,PAYMENT,15
1.576,-0.114,3,CASH_OUT,10
-2.479,-0.896,1,PAYMENT,13
-2.572,1.157,4,PAYMENT,16
0.546,-0.077,3,CASH_OUT,9
1.932,1.617,3,CASH_IN,24
-1.75,0.372,1,PAYMENT,17
1.147,-1.79,2,TRANSFER,6
1.535,-0.497,3,CASH_OUT,10
-0.866,0.217,1,PAYMENT,11
2.215,1.344,0,CASH_IN,1
2.048,1.9,0,CASH_IN,12
1.593,-0.122,3,CASH_OUT,8
-2.181,0.822,4,PAYMENT,18
-1.288,-1.207,1,PAYMENT,1
-2.353,1.081,4,PAYMENT,2
-3.187,-0.741,1,PAYMENT,17
-2.223,0.873,4,PAYMENT,10
-2.656,0.692,4,CASH_OUT,2
-0.078,0.087,3,CASH_OUT,12
1.721,1.865,0,CASH_IN,2
0.754,0.067,3,CASH_OUT,11
1.916,1.758,0,CASH_IN,16
-1.597,-1.132,1,PAYMENT,24
-1.777,0.117,1,CASH_OUT,7
-2.699,1.149,4,PAYMENT,15
1.933,1.563,0,CASH_IN,13
2.544,1.356,3,CASH_IN,14
-0.143,-0.043,3,PAYMENT,2
-2.376,0.876,4,PAYMENT,4
0.21,-2.807,2,CASH_OUT,6
-2.567,0.855,4,PAYMENT,7
1.639,-0.243,3,CASH_OUT,10
-2.383,0.794,4,PAYMENT,13
-1.113,-1.258,1,PAYMENT,17
-2.006,-1.042,1,PAYMENT,11
0.791,-1.82,2,CASH_OUT,1
0.999,-1.882,2,CASH_OUT,7
0.321,1.664,0,CASH_IN,16
0.615,-1.779,2,CASH_OUT,8
0.561,0.129,3,CASH_OUT,2
-2.634,1.029,4,PAYMENT,13
-0.459,-1.511,2,CASH_OUT,2
-2.572,1.112,4,PAYMENT,10
1.697,-0.052,3,CASH_OUT,17
1.712,-1.965,2,TRANSFER,13
-2.178,0.747,4,PAYMENT,8
-2.277,0.975,4,PAYMENT,7
-0.979,0.224,1,PAYMENT,17
1.907,1.272,0,CASH_IN,16
1.046,-0.118,3,CASH_OUT,12
-1.01,-1.263,1,PAYMENT,17
-1.118,-1.25,1,PAYMENT,8
2.465,1.376,0,CASH_IN,17
2.289,0.766,3,CASH_OUT,2
1.937,1.723,0,CASH_IN,16
2.327,1.569,0,CASH_IN,12
1.459,-0.125,3,CASH_OUT,8
2.393,1.841,0,CASH_IN,13
0.517,0.01,3,CASH_OUT,10
2.284,-0.342,3,TRANSFER,8
1.195,-0.047,3,CASH_OUT,15
-0.252,-0.245,3,PAYMENT,15
-0.93,-1.323,1,PAYMENT,17
1.663,-0.781,3,CASH_OUT,1
1.725,-0.192,3,CASH_OUT,16
-1.331,-1.214,1,PAYMENT,17
-2.058,1.128,4,PAYMENT,15
-1.194,0.328,1,PAYMENT,7
0.905,-1.867,2,CASH_OUT,9
-1.347,-1.213,1,PAYMENT,16
1.952,1.903,0,CASH_IN,16
-0.971,0.485,4,CASH_OUT,18
-1.418,-1.191,1,PAYMENT,9
-2.738,0.983,4,PAYMENT,1
0.679,-1.855,2,CASH_OUT,9
0.683,-1.059,3,CASH_OUT,1
1.607,-0.177,3,CASH_OUT,9
1.954,1.588,0,CASH_IN,8
1.315,1.722,0,CASH_IN,8
1.86,-1.977,2,TRANSFER,13
-1.325,-1.211,1,PAYMENT,17
1.223,1.724,0,CASH_IN,15
1.396,-3.004,2,TRANSFER,1
0.513,0.023,3,CASH_OUT,2
-1.596,0.873,4,CASH_OUT,21
-2.119,0.82,4,PAYMENT,21
-0.989,0.135,3,PAYMENT,7
1.358,1.964,0,CASH_IN,13
-2.344,-0.934,1,PAYMENT,15
1.538,-0.856,2,CASH_OUT,1
-2.457,0.794,4,CASH_OUT,6
1.308,-1.094,3,TRANSFER,2
1.539,0.055,3,TRANSFER,1
1.89,-0.174,3,CASH_OUT,10
0.77,-1.832,2,CASH_OUT,7
0.145,-1.674,2,CASH_OUT,12
2.695,1.319,3,CASH_IN,14
-2.653,0.882,4,PAYMENT,1
0.841,-0.065,3,CASH_OUT,11
-0.926,0.733,4,CASH_OUT,9
-1.457,-1.171,1,PAYMENT,8
-2.634,1.032,4,PAYMENT,16
0.323,0.185,3,PAYMENT,14
0.646,-1.783,2,CASH_OUT,13
1.065,-1.91,2,CASH_OUT,10
-1.248,-1.238,1,PAYMENT,6
0.533,-1.758,2,CASH_OUT,7
-2.079,0.942,4,PAYMENT,13
1.763,-0.258,3,CASH_OUT,11
0.871,-1.828,2,CASH_OUT,21
-2.394,1.19,4,PAYMENT,17
-0.342,0.146,3,PAYMENT,14
1.425,1.783,0,CASH_IN,7
-2.536,1.113,4,PAYMENT,9
1.321,1.458,3,CASH_IN,11
-1.937,-1.041,1,PAYMENT,11
1.298,1.716,0,CASH_IN,8
-0.962,0.396,1,PAYMENT,6
0.528,-1.773,2,CASH_OUT,13
1.068,0.026,3,CASH_OUT,11
0.96,-1.854,2,CASH_OUT,12
1.459,1.753,0,CASH_IN,11
-1.674,-1.13,1,PAYMENT,11
-1.719,0.954,4,PAYMENT,8
1.207,-1.809,2,TRANSFER,1
-0.504,-2.421,2,CASH_OUT,1
-1.855,-1.059,1,PAYMENT,13
-0.942,0.257,3,PAYMENT,12
0.255,-1.561,3,CASH_OUT,14
1.05,-1.892,2,CASH_OUT,6
1.991,1.7,0,CASH_IN,16
-1.209,0.311,1,PAYMENT,13
1.351,-1.873,2,TRANSFER,14
2.263,1.684,0,CASH_IN,7
0.817,0.109,3,CASH_OUT,6
1.422,-1.895,2,TRANSFER,16
-3.308,1.342,4,PAYMENT,25
-2.565,1.137,4,PAYMENT,10
0.764,1.783,0,CASH_IN,6
0.352,0.072,3,CASH_OUT,16
0.573,-2.88,2,CASH_OUT,6
1.342,-1.826,2,TRANSFER,15
-2.996,1.31,4,PAYMENT,16
0.393,-1.706,2,CASH_OUT,16
0.467,-1.723,2,CASH_OUT,29
0.509,-1.751,2,CASH_OUT,12
1.714,1.685,0,CASH_IN,15
2.144,1.723,0,CASH_IN,9
1.499,1.278,0,CASH_IN,15
2.377,1.267,3,CASH_IN,9
1.33,1.7,0,CASH_IN,1
-1.861,-1.057,1,PAYMENT,17
1.132,-1.91,2,CASH_OUT,12
-2.253,-0.957,1,PAYMENT,17
0.768,-1.814,2,CASH_OUT,6
1.412,1.415,0,CASH_IN,14
1.305,-1.952,2,CASH_OUT,17
0.164,-1.538,2,TRANSFER,1
0.766,-1.797,2,CASH_OUT,15
0.608,-1.777,2,CASH_OUT,16
1.293,-1.849,2,TRANSFER,9
-2.982,0.917,4,PAYMENT,9
-2.191,0.807,4,PAYMENT,8
2.031,1.342,3,CASH_IN,8
0.287,-2.991,2,TRANSFER,1
-2.534,1.09,4,PAYMENT,13
-0.283,0.606,4,CASH_OUT,11
1.168,-0.153,3,CASH_OUT,2
-0.28,0.534,4,CASH_OUT,12
-0.833,0.255,1,PAYMENT,16
1.667,1.907,0,CASH_IN,10
-1.773,-1.069,1,PAYMENT,16
-2.157,0.969,4,PAYMENT,7
-2.182,-1.032,1,PAYMENT,16
-1.488,0.67,4,CASH_OUT,11
-2.703,1.249,4,PAYMENT,11
-2.326,0.914,4,PAYMENT,8
-1.206,0.434,1,PAYMENT,7
0.34,-1.724,2,CASH_OUT,10
0.316,-1.719,2,CASH_OUT,7
1.435,0.079,3,TRANSFER,9
-1.848,-1.064,1,PAYMENT,16
1.278,-0.061,3,CASH_OUT,13
0.864,-0.498,3,CASH_OUT,17
1.887,1.798,0,CASH_IN,9
-1.025,0.049,1,PAYMENT,8
-2.463,0.77,4,PAYMENT,1
0.782,-1.814,2,CASH_OUT,14
-0.545,0.688,4,CASH_OUT,10
2.138,1.194,3,CASH_IN,22
1.987,1.893,0,CASH_IN,9
2.35,0.889,3,CASH_IN,13
1.349,1.614,0,CASH_IN,7
-1.674,-1.098,1,PAYMENT,15
-1.62,-1.119,1,PAYMENT,7
1.747,-1.941,2,TRANSFER,17
-2.158,-0.974,1,PAYMENT,14
0.853,0.152,3,TRANSFER,16
-1.102,-1.261,1,PAYMENT,15
0.954,-0.145,3,CASH_OUT,6
-0.311,0.451,4,CASH_OUT,8
0.92,-1.856,2,CASH_OUT,2
0.781,-0.001,3,CASH_OUT,17
2.301,-0.116,3,TRANSFER,9
0.56,-1.771,2,CASH_OUT,17
-1.234,0.122,1,PAYMENT,11
1.001,-0.026,3,CASH_OUT,23
2.241,2.005,0,CASH_IN,8
0.954,-1.856,2,CASH_OUT,6
-2.571,1.173,4,PAYMENT,1
0.538,1.335,3,CASH_IN,17
0.705,-1.808,2,CASH_OUT,12
-0.339,0.085,3,PAYMENT,1
-2.224,0.78,4,PAYMENT,9
1.854,1.868,0,CASH_IN,13
2.093,1.884,0,CASH_IN,1
-2.66,-0.857,1,PAYMENT,29
-1.518,-1.134,1,PAYMENT,11
1.595,-0.071,3,CASH_OUT,8
-2.433,0.873,4,PAYMENT,12
1.405,-0.763,2,CASH_OUT,1
1.333,1.826,0,CASH_IN,6
1.795,1.774,0,CASH_IN,1
-0.499,0.184,3,PAYMENT,16
-2.341,0.881,4,PAYMENT,1
-0.127,-1.614,2,CASH_OUT,7
1.559,-0.148,3,CASH_OUT,6
-0.434,-1.515,2,CASH_OUT,29
1.256,-0.079,3,CASH_OUT,25
0.863,-1.845,2,CASH_OUT,11
-1.613,-1.124,1,PAYMENT,9
-2.255,0.945,4,PAYMENT,17
2.259,1.836,0,CASH_IN,17
0.8,-1.823,2,CASH_OUT,2
1.621,2.025,0,CASH_IN,2
2.108,1.892,0,CASH_IN,12
-1.44,-1.171,1,PAYMENT,14
0.857,-0.006,3,CASH_OUT,7
-3.052,0.667,4,PAYMENT,8
1.222,-1.836,2,TRANSFER,14
-1.256,-1.24,1,PAYMENT,17
-1.957,0.832,4,PAYMENT,11
1.405,-2.037,2,CASH_OUT,8
-0.143,-0.398,1,TRANSFER,11
0.456,1.604,0,CASH_OUT,1
-2.498,1.29,4,PAYMENT,1
-2.167,1.178,4,PAYMENT,17
-2.564,1.203,4,PAYMENT,2
1.434,1.985,0,CASH_IN,10
1.564,1.83,0,CASH_IN,13
0.624,1.998,0,CASH_IN,17
-1.192,-1.238,1,PAYMENT,1
0.425,0.141,3,TRANSFER,2
-0.747,0.024,3,PAYMENT,7
-2.377,1.056,4,PAYMENT,8
0.767,-1.809,2,CASH_OUT,8
0.461,-0.041,3,CASH_OUT,12
-0.303,0.005,3,PAYMENT,1
-0.246,0.058,3,PAYMENT,11
0.618,-1.798,2,CASH_OUT,7
0.961,-1.926,2,CASH_OUT,11
-1.417,-1.191,1,PAYMENT,9
-2.873,0.866,4,PAYMENT,4
1.988,1.369,0,CASH_IN,12
-1.186,-1.233,1,PAYMENT,23
1.436,1.432,0,CASH_IN,1
1.767,-0.207,3,CASH_OUT,9
1.843,1.582,0,CASH_IN,11
-1.696,0.213,1,PAYMENT,7
0.736,0.059,3,CASH_OUT,7
-1.545,0.886,4,TRANSFER,2
1.015,-1.886,2,CASH_OUT,1
-1.529,0.195,1,PAYMENT,11
-0.541,0.46,4,CASH_OUT,16
0.693,-1.802,2,CASH_OUT,10
-1.681,-1.103,1,PAYMENT,7
1.195,1.468,3,CASH_IN,15
0.46,-0.191,3,CASH_OUT,12
-1.039,0.921,4,CASH_OUT,1
1.889,1.87,0,CASH_IN,8
0.745,-1.816,2,CASH_OUT,12
-1.588,0.229,1,PAYMENT,9
-1.98,0.995,4,PAYMENT,10
1.051,-1.9,2,CASH_OUT,14
-2.153,0.829,4,PAYMENT,7
-1.641,-1.11,1,PAYMENT,14
0.883,-1.843,2,CASH_OUT,17
1.688,1.838,0,CASH_IN,6
2.794,1.279,3,CASH_IN,9
2.046,1.695,0,CASH_IN,16
2.0,1.652,0,CASH_IN,8
1.285,-0.695,3,CASH_OUT,17
-1.603,-1.112,1,PAYMENT,6
0.629,-1.785,2,CASH_OUT,16
0.945,-0.129,3,CASH_OUT,16
1.643,-0.075,3,TRANSFER,11
-2.92,1.43,4,CASH_IN,10
-2.959,0.904,4,PAYMENT,14
-0.811,0.227,4,CASH_OUT,7
-2.781,0.893,4,PAYMENT,12
0.667,1.394,3,CASH_IN,8
1.288,1.973,0,CASH_IN,8
-1.303,-1.196,1,PAYMENT,1
-1.555,-1.174,1,PAYMENT,1
-2.924,1.259,4,PAYMENT,1
-2.172,-0.974,1,PAYMENT,10
1.669,-0.737,3,CASH_OUT,2
-2.707,0.857,4,PAYMENT,14
-1.505,-1.173,1,PAYMENT,11
1.49,-0.118,3,CASH_OUT,12
-2.417,0.822,4,PAYMENT,11
1.024,-1.87,2,CASH_OUT,7
-2.45,0.948,4,PAYMENT,6
-1.716,-1.084,1,PAYMENT,2
-0.071,0.614,4,CASH_OUT,2
1.936,1.614,0,CASH_IN,16
0.337,-1.575,2,TRANSFER,14
1.997,1.872,0,CASH_IN,9
0.752,-3.283,2,CASH_OUT,10
-0.952,-1.313,1,PAYMENT,7
1.586,1.79,0,CASH_IN,8
0.572,-1.65,2,TRANSFER,12
1.816,1.94,0,CASH_IN,13
-2.089,0.72,4,CASH_OUT,9
1.634,1.962,0,CASH_IN,11
-0.549,-0.511,3,PAYMENT,13
2.062,2.005,0,CASH_IN,9
0.547,-1.774,2,CASH_OUT,15
-2.243,0.826,4,PAYMENT,6
0.394,-1.743,2,CASH_OUT,1
1.837,-0.159,3,CASH_OUT,12
0.517,0.082,3,CASH_OUT,12
-0.216,-1.568,2,CASH_OUT,15
0.131,-1.68,3,CASH_OUT,1
-2.673,0.831,4,PAYMENT,10
0.574,-1.787,2,CASH_OUT,6
1.863,1.826,0,CASH_IN,7
-1.781,-1.099,1,PAYMENT,11
-2.511,0.991,4,PAYMENT,9
0.752,-1.794,2,CASH_OUT,17
-2.541,0.917,4,PAYMENT,12
-2.28,1.134,4,PAYMENT,14
1.401,1.66,0,CASH_IN,9
-1.204,-1.253,1,PAYMENT,2
-0.34,0.656,4,CASH_OUT,9
1.387,-1.988,2,CASH_OUT,14
1.981,-0.181,3,CASH_OUT,13
1.405,-0.109,3,CASH_OUT,9
-0.634,0.551,4,CASH_OUT,11
0.796,-0.111,3,CASH_OUT,1
-2.191,1.457,4,CASH_IN,9
0.811,0.021,3,CASH_OUT,9
0.443,-1.758,2,CASH_OUT,11
-1.661,-1.087,1,PAYMENT,10
0.99,1.841,0,CASH_IN,7
1.253,1.689,0,CASH_IN,2
-2.205,0.85,4,PAYMENT,8
-1.412,-1.164,1,PAYMENT,7
2.021,1.526,0,CASH_IN,23
-0.081,0.662,4,CASH_OUT,18
-1.015,0.349,1,PAYMENT,13
1.041,1.837,0,CASH_IN,13
2.091,1.72,0,CASH_IN,11
2.143,1.86,0,CASH_IN,2
-2.156,-0.986,1,PAYMENT,1
-2.204,0.946,4,PAYMENT,15
1.219,-1.16,3,CASH_OUT,1
0.534,-1.768,2,CASH_OUT,8
-2.493,0.838,4,PAYMENT,10
1.15,1.28,0,CASH_IN,16
-2.295,1.175,4,PAYMENT,14
-1.293,-1.198,1,PAYMENT,15
0.073,-1.521,2,TRANSFER,10
2.732,1.228,3,CASH_IN,9
1.399,1.588,0,CASH_IN,12
0.358,-0.325,2,CASH_IN,13
-1.956,-1.033,1,PAYMENT,15
1.817,1.977,0,CASH_IN,13
-2.867,1.294,4,PAYMENT,11
-2.06,0.779,4,PAYMENT,8
1.505,-0.177,3,CASH_OUT,8
-1.817,1.033,4,PAYMENT,10
0.791,1.865,0,CASH_IN,8
0.054,-1.614,2,CASH_OUT,8
0.783,-0.103,3,CASH_OUT,24
-2.163,1.002,4,PAYMENT,16
2.672,1.378,0,CASH_IN,1
1.682,1.583,0,CASH_IN,16
1.283,-1.118,3,CASH_OUT,8
0.231,-1.67,2,CASH_OUT,15
0.818,-1.851,2,CASH_OUT,11
-2.023,0.877,4,PAYMENT,8
-1.235,-1.195,1,PAYMENT,20
1.902,1.669,0,CASH_IN,13
1.007,-1.872,2,CASH_OUT,12
2.009,-0.863,2,CASH_OUT,1
-2.866,0.773,4,PAYMENT,17
1.052,-0.148,3,CASH_OUT,9
0.946,-1.855,2,CASH_OUT,10
1.513,1.928,0,CASH_IN,1
-1.427,-1.171,1,PAYMENT,1
-0.054,-0.043,3,DEBIT,9
0.984,-1.873,2,CASH_OUT,8
-1.471,-1.153,1,PAYMENT,11
2.147,1.758,0,CASH_IN,2
2.685,-0.255,3,TRANSFER,6
-3.895,0.997,4,PAYMENT,16
0.842,1.169,0,CASH_OUT,1
-0.263,0.571,4,CASH_OUT,7
1.778,1.946,0,CASH_IN,16
1.668,1.851,0,CASH_IN,2
-2.963,0.909,4,PAYMENT,8
0.318,-1.724,2,CASH_OUT,16
-0.93,-1.381,2,CASH_OUT,9
2.03,1.929,0,CASH_IN,14
1.232,1.86,0,CASH_IN,8
-2.241,1.109,4,PAYMENT,1
0.78,1.807,0,CASH_IN,2
-3.122,1.193,4,PAYMENT,7
-0.519,0.676,4,CASH_OUT,2
0.64,-1.8,2,CASH_OUT,13
-2.272,0.927,4,PAYMENT,9
0.89,1.561,0,CASH_IN,10
1.681,-0.282,3,CASH_OUT,15
-2.967,1.054,4,PAYMENT,13
0.422,0.064,3,CASH_OUT,9
0.895,-1.835,2,CASH_OUT,13
0.43,-1.71,2,CASH_OUT,14
0.242,-0.146,3,CASH_OUT,15
-0.601,0.262,1,PAYMENT,14
-1.543,-1.145,1,PAYMENT,13
-0.256,-1.436,2,TRANSFER,16
1.164,1.017,3,CASH_IN,6
-1.742,0.835,4,DEBIT,15
-2.278,0.99,4,PAYMENT,11
-2.24,0.883,4,PAYMENT,7
1.19,1.621,0,CASH_IN,12
1.81,1.84,0,CASH_IN,17
-1.956,0.846,4,PAYMENT,16
1.513,-1.908,2,TRANSFER,9
1.484,-0.161,3,CASH_OUT,13
1.301,-0.131,3,CASH_OUT,17
0.785,-1.808,2,CASH_OUT,15
1.777,1.949,0,CASH_IN,8
1.837,-1.997,2,TRANSFER,14
-2.286,0.884,4,PAYMENT,11
0.697,-1.807,2,CASH_OUT,8
-0.001,-1.612,2,CASH_OUT,7
1.903,1.985,0,CASH_IN,8
1.195,1.786,0,CASH_IN,9
-0.778,0.198,3,PAYMENT,6
-2.475,1.036,4,PAYMENT,16
1.838,1.158,3,CASH_IN,13
-0.819,0.784,4,CASH_OUT,13
0.658,-1.811,2,CASH_OUT,16
0.931,-1.879,2,CASH_OUT,2
0.608,-1.763,2,CASH_OUT,7
0.549,-1.745,2,CASH_OUT,10
1.185,-0.031,3,TRANSFER,10
0.891,-1.838,2,CASH_OUT,1
-1.219,0.124,1,PAYMENT,17
0.817,-0.155,3,CASH_OUT,21
1.363,1.803,0,CASH_IN,10
1.573,1.317,0,CASH_IN,13
1.177,-0.168,3,CASH_OUT,6
2.684,1.284,3,CASH_IN,14
1.075,-1.881,2,CASH_OUT,13
2.383,1.283,3,CASH_IN,11
1.213,1.509,0,CASH_IN,15
2.592,0.842,3,CASH_OUT,16
0.684,0.245,3,TRANSFER,9
1.464,1.421,3,CASH_IN,7
-1.036,0.04,1,PAYMENT,2
-2.505,-0.907,1,PAYMENT,2
0.179,-1.653,2,CASH_OUT,12
-2.839,0.921,4,PAYMENT,13
1.019,0.109,3,TRANSFER,7
-0.982,0.035,3,PAYMENT,21
1.343,-0.102,3,CASH_OUT,14
2.357,0.864,3,CASH_IN,20
-1.491,-1.18,1,PAYMENT,6
-1.795,-1.109,1,PAYMENT,1
1.688,1.687,0,CASH_IN,20
0.861,-0.456,3,CASH_OUT,2
1.457,-0.103,3,CASH_OUT,13
2.949,1.462,0,CASH_IN,16
-2.265,0.87,4,PAYMENT,1
0.803,-1.829,2,CASH_OUT,12
-2.005,0.818,4,PAYMENT,12
-1.623,-1.132,1,PAYMENT,13
1.151,-1.159,3,CASH_OUT,17
-0.789,1.332,4,CASH_OUT,1
1.019,-0.383,3,CASH_OUT,13
-2.236,1.187,4,PAYMENT,14
1.074,-1.883,2,CASH_OUT,15
-1.389,0.257,1,PAYMENT,16
2.243,-1.773,3,TRANSFER,13
-0.113,-1.473,2,TRANSFER,10
1.796,-1.98,2,TRANSFER,21
0.598,-0.081,3,CASH_OUT,12
1.914,1.747,0,CASH_IN,13
2.157,1.377,0,CASH_IN,11
-2.308,-0.957,1,PAYMENT,13
0.93,1.48,3,CASH_IN,12
0.931,-1.851,2,CASH_OUT,17
-1.848,0.873,4,PAYMENT,13
-2.331,0.812,4,PAYMENT,15
1.25,1.743,0,CASH_IN,7
0.131,-2.993,2,CASH_OUT,1
2.043,1.596,0,CASH_IN,11
1.563,-1.915,2,TRANSFER,13
0.965,1.98,0,CASH_IN,11
2.067,1.305,0,CASH_IN,20
-1.297,-1.219,1,PAYMENT,6
1.538,1.544,3,CASH_IN,10
-1.833,-1.05,1,PAYMENT,13
-2.971,0.863,4,PAYMENT,2
1.915,-0.4,3,CASH_OUT,9
0.738,-0.24,3,TRANSFER,7
0.983,0.058,3,TRANSFER,2
-1.482,-1.172,1,PAYMENT,11
-1.816,-1.086,1,PAYMENT,12
-2.289,0.932,4,PAYMENT,2
1.024,-0.069,3,CASH_OUT,2
0.752,1.751,0,CASH_IN,2
0.263,-0.738,2,CASH_OUT,1
-2.904,1.038,4,PAYMENT,11
1.653,-0.169,3,CASH_OUT,6
0.723,1.466,0,CASH_IN,16
-2.85,1.195,4,PAYMENT,10
0.691,-1.688,2,TRANSFER,14
0.729,0.123,3,CASH_OUT,8
0.826,-1.044,3,TRANSFER,2
1.837,1.367,0,CASH_IN,14
-1.173,0.802,4,DEBIT,17
-1.512,0.365,1,PAYMENT,15
1.136,-0.09,3,CASH_OUT,10
1.159,-0.634,2,CASH_OUT,7
0.643,-1.794,2,CASH_OUT,6
0.644,-1.776,2,CASH_OUT,16
-1.969,-1.012,1,PAYMENT,2
-0.784,0.084,3,PAYMENT,4
1.455,-0.116,3,CASH_OUT,9
-2.598,1.32,4,PAYMENT,24
1.523,-0.086,3,CASH_OUT,8
-2.783,1.221,4,PAYMENT,9
1.28,-1.955,2,CASH_OUT,16
-2.461,0.917,4,PAYMENT,25
-2.653,0.895,4,PAYMENT,16
-0.116,-1.601,2,CASH_OUT,17
1.816,1.848,0,CASH_IN,1
-2.872,1.046,4,PAYMENT,1
0.51,-1.754,2,CASH_OUT,10
0.881,-1.851,2,CASH_OUT,20
-1.447,0.285,1,PAYMENT,15
-2.012,1.038,4,PAYMENT,6
1.505,-0.202,3,CASH_OUT,12
0.812,-1.83,2,CASH_OUT,11
2.313,1.865,0,CASH_IN,15
0.615,0.068,3,CASH_OUT,6
-0.66,0.532,4,CASH_OUT,17
1.052,-1.782,2,TRANSFER,2
2.198,1.363,0,CASH_IN,6
0.917,-1.735,2,TRANSFER,10
-0.352,-1.563,2,CASH_OUT,9
2.946,1.436,3,CASH_IN,6
-0.41,-1.499,2,CASH_OUT,13
-1.631,0.43,4,PAYMENT,6
-1.043,-1.262,1,PAYMENT,22
1.119,-1.922,2,CASH_OUT,15
1.249,-0.18,3,CASH_OUT,1
-2.341,0.791,4,PAYMENT,7
0.234,-1.672,2,CASH_OUT,10
1.013,-1.904,2,CASH_OUT,9
0.308,-1.697,2,CASH_OUT,16
1.677,1.683,0,CASH_IN,12
-0.103,0.652,4,CASH_OUT,8
-0.99,0.491,4,CASH_OUT,12
0.307,2.181,0,TRANSFER,9
1.934,1.84,0,CASH_IN,6
-1.52,0.338,1,PAYMENT,1
-1.742,-1.095,1,PAYMENT,17
0.819,-1.842,2,CASH_OUT,13
-2.541,1.007,4,PAYMENT,6
-1.796,0.747,4,DEBIT,11
1.832,1.433,3,CASH_IN,7
0.545,0.077,3,CASH_OUT,15
2.176,1.9,0,CASH_IN,8
2.021,-0.003,3,TRANSFER,11
1.109,-0.038,3,CASH_OUT,14
-2.396,1.206,4,PAYMENT,1
1.491,-0.135,3,CASH_OUT,2
1.428,-0.698,2,CASH_OUT,1
-2.103,0.85,4,PAYMENT,15
0.57,-1.791,2,CASH_OUT,14
0.811,-1.84,2,CASH_OUT,17
-0.792,-1.435,1,CASH_OUT,14
-0.938,-1.296,1,PAYMENT,14
0.956,-1.868,2,CASH_OUT,8
-2.435,-0.904,1,PAYMENT,11
-2.29,1.194,4,PAYMENT,2
-3.28,0.975,4,PAYMENT,11
1.129,-0.074,3,CASH_OUT,23
1.05,-1.873,2,CASH_OUT,15
0.701,-1.781,2,CASH_OUT,4
1.848,-0.202,3,CASH_OUT,12
-1.56,-1.155,1,PAYMENT,11
-2.844,0.943,4,PAYMENT,8
1.212,1.922,0,CASH_IN,14
1.942,2.046,0,CASH_IN,13
1.727,-0.14,3,CASH_OUT,13
1.04,1.955,0,CASH_IN,8
-0.764,0.535,4,CASH_OUT,8
1.419,-1.344,3,CASH_OUT,6
1.974,1.881,0,CASH_IN,1
-0.993,-1.292,1,PAYMENT,7
1.836,-0.171,3,CASH_OUT,14
2.516,1.247,3,CASH_IN,7
-1.904,-1.043,1,PAYMENT,25
0.762,-1.835,2,CASH_OUT,2
0.35,-2.998,2,CASH_OUT,1
0.678,-1.804,2,CASH_OUT,13
1.262,-0.119,3,CASH_OUT,9
0.11,0.066,3,CASH_OUT,14
0.268,-0.307,3,CASH_OUT,13
-1.876,-1.078,1,PAYMENT,16
2.415,1.087,3,CASH_IN,10
1.188,-0.078,3,CASH_OUT,17
-2.0,-1.025,1,PAYMENT,14
0.431,-1.641,2,TRANSFER,7
-0.907,0.495,4,CASH_OUT,17
-1.442,-1.115,1,DEBIT,12
-2.403,1.01,4,PAYMENT,2
1.914,1.318,3,CASH_IN,1
-0.275,-2.759,2,CASH_OUT,12
-1.081,-0.137,1,PAYMENT,15
0.533,-1.757,2,CASH_OUT,1
1.099,-0.121,3,CASH_OUT,7
0.295,-1.713,2,CASH_OUT,12
1.75,1.823,0,CASH_IN,16
1.851,1.898,0,CASH_IN,23
-2.003,-1.014,1,PAYMENT,11
-2.129,-0.999,1,PAYMENT,16
1.824,1.913,0,CASH_IN,18
-1.665,-1.129,1,PAYMENT,11
1.879,2.054,0,CASH_IN,9
1.096,-0.078,3,CASH_OUT,16
-1.571,-1.113,1,PAYMENT,7
1.421,1.868,0,CASH_IN,9
0.342,0.09,3,CASH_OUT,12
1.063,1.654,0,CASH_IN,15
-1.65,0.329,1,PAYMENT,17
1.443,-0.12,3,CASH_OUT,7
1.596,1.442,3,CASH_IN,13
0.855,-1.862,2,CASH_OUT,12
-2.899,1.314,4,PAYMENT,1
1.963,1.724,0,CASH_IN,17
0.929,0.766,3,CASH_OUT,9
-1.539,-1.157,1,PAYMENT,7
0.741,-1.683,2,TRANSFER,1
-0.153,-1.576,2,CASH_OUT,8
1.225,-1.92,2,CASH_OUT,6
1.035,-1.77,2,TRANSFER,8
2.49,1.33,3,CASH_IN,8
-2.447,1.257,4,PAYMENT,9
-0.743,0.594,4,CASH_OUT,27
1.845,1.931,0,CASH_IN,8
-1.098,0.362,1,PAYMENT,16
-2.698,0.927,4,PAYMENT,1
-1.038,0.39,1,PAYMENT,16
0.897,-0.063,3,CASH_OUT,14
0.497,0.25,3,TRANSFER,8
1.085,1.69,0,CASH_IN,17
-1.494,-1.144,1,PAYMENT,10
-0.792,0.399,1,PAYMENT,8
-2.043,0.976,4,PAYMENT,16
1.58,1.536,3,CASH_IN,1
-2.524,0.921,4,PAYMENT,9
-2.758,1.092,4,PAYMENT,8
-1.416,-0.8,4,CASH_OUT,1
-2.858,0.91,4,PAYMENT,6
1.165,1.95,0,CASH_IN,9
0.196,0.19,3,CASH_OUT,10
0.679,-1.783,2,CASH_OUT,29
-2.053,1.135,4,PAYMENT,1
-2.548,1.215,4,PAYMENT,17
0.809,-1.811,2,CASH_OUT,10
0.4,-1.746,2,CASH_OUT,2
2.642,0.671,3,CASH_IN,15
2.081,1.852,0,CASH_IN,12
-0.787,-0.019,3,PAYMENT,11
1.209,-0.118,3,CASH_OUT,11
1.119,1.92,0,CASH_IN,7
-2.534,0.925,4,PAYMENT,11
-2.192,0.875,4,PAYMENT,15
0.766,-1.825,2,CASH_OUT,2
-1.278,-1.216,1,PAYMENT,2
1.141,-0.052,3,CASH_OUT,7
0.052,-1.625,2,CASH_OUT,17
1.545,1.264,0,CASH_OUT,1
-0.014,-1.619,2,CASH_OUT,7
-0.42,0.062,3,CASH_OUT,16
-3.157,1.103,4,PAYMENT,9
-0.849,-1.416,1,CASH_OUT,17
0.511,-1.751,2,CASH_OUT,10
0.995,-0.767,3,CASH_IN,1
0.666,-1.786,2,CASH_OUT,8
-2.196,0.816,4,PAYMENT,14
-0.052,-1.075,3,CASH_OUT,11
-2.013,-1.036,1,PAYMENT,9
0.153,-1.688,2,CASH_OUT,10
2.042,1.335,0,CASH_IN,8
0.894,-1.844,2,CASH_OUT,6
0.439,-1.75,2,CASH_OUT,12
-1.81,-1.056,1,PAYMENT,10
-1.861,-1.036,1,PAYMENT,10
1.067,0.017,3,CASH_OUT,7
-0.495,0.45,4,CASH_OUT,15
-3.237,1.087,4,PAYMENT,12
1.315,-0.101,3,CASH_OUT,7
-0.045,0.631,4,CASH_OUT,29
1.256,-1.944,2,CASH_OUT,10
-1.168,-1.255,1,PAYMENT,17
-0.58,0.258,1,TRANSFER,7
-2.949,1.147,4,PAYMENT,28
-0.885,-1.231,1,DEBIT,17
-1.215,0.326,1,PAYMENT,2
-0.217,-2.876,2,CASH_OUT,1
-0.473,0.15,3,PAYMENT,6
-2.797,0.786,4,PAYMENT,22
1.504,-0.134,3,CASH_OUT,1
1.878,1.827,0,CASH_IN,13
1.063,2.014,0,CASH_IN,17
-2.226,0.818,4,PAYMENT,8
1.432,2.067,0,CASH_IN,7
-1.787,0.193,1,PAYMENT,9
0.108,0.127,3,CASH_OUT,15
0.695,1.374,0,CASH_IN,1
-1.952,-1.031,1,PAYMENT,11
-0.063,1.753,0,CASH_IN,30
-1.014,-1.273,1,PAYMENT,1
1.835,1.749,0,CASH_IN,8
-2.829,1.11,4,PAYMENT,12
2.019,0.905,3,CASH_OUT,1
0.998,-0.153,3,CASH_OUT,12
1.369,1.841,0,CASH_IN,14
1.531,1.567,0,CASH_IN,10
0.6,-1.772,2,CASH_OUT,17
0.601,2.034,0,CASH_IN,15
-1.164,-1.228,1,PAYMENT,1
2.391,1.257,3,CASH_IN,8
0.8,-0.422,3,CASH_OUT,15
2.103,1.838,0,CASH_IN,11
0.446,-1.74,2,CASH_OUT,15
1.88,1.795,0,CASH_IN,9
-1.347,0.336,1,PAYMENT,1
2.08,1.865,0,CASH_IN,6
1.166,-0.026,3,CASH_OUT,11
1.206,1.503,0,CASH_IN,13
-2.591,1.214,4,PAYMENT,9
0.301,-1.701,2,CASH_OUT,10
0.028,-1.62,2,CASH_OUT,7
0.764,-1.83,2,CASH_OUT,2
-1.541,0.258,1,PAYMENT,9
1.589,1.203,0,CASH_IN,13
1.164,-1.931,2,CASH_OUT,7
1.065,-0.092,3,CASH_OUT,16
-2.738,1.131,4,PAYMENT,7
-0.456,0.513,4,CASH_OUT,11
1.086,0.009,3,CASH_OUT,2
-1.528,-1.156,1,PAYMENT,15
-0.096,-1.626,2,CASH_OUT,2
-2.451,0.797,4,PAYMENT,12
-2.36,1.049,4,PAYMENT,15
-1.575,-1.155,1,PAYMENT,7
2.659,1.287,3,CASH_IN,2
0.563,-1.753,2,CASH_OUT,13
-2.893,0.84,4,PAYMENT,8
0.444,-0.035,3,CASH_OUT,13
1.684,-0.387,3,CASH_OUT,2
1.162,-0.119,3,CASH_OUT,16
1.811,-1.98,2,TRANSFER,14
-2.758,1.219,4,PAYMENT,12
1.698,-0.142,3,CASH_OUT,12
-1.154,-1.262,1,PAYMENT,7
0.002,-1.614,2,CASH_OUT,7
1.781,-0.103,3,TRANSFER,9
-2.39,0.969,4,PAYMENT,1
0.332,-1.714,2,CASH_OUT,21
0.395,-1.752,2,CASH_OUT,10
-1.612,0.89,4,DEBIT,8
-3.76,1.184,4,PAYMENT,8
1.656,1.713,0,CASH_IN,14
-2.415,1.236,4,PAYMENT,12
1.003,-1.882,2,CASH_OUT,8
-2.62,0.864,4,PAYMENT,11
1.0,-0.404,3,CASH_OUT,8
-0.234,-0.511,3,CASH_IN,10
0.58,-1.779,2,CASH_OUT,16
0.827,-1.825,2,CASH_OUT,6
-1.438,-1.176,1,PAYMENT,16
1.887,2.066,0,CASH_IN,17
0.497,-1.761,2,CASH_OUT,6
0.213,-3.006,2,CASH_OUT,1
-1.923,-1.07,1,PAYMENT,10
0.83,-0.059,3,CASH_OUT,12
-0.574,0.54,4,CASH_OUT,7
-2.922,0.981,4,PAYMENT,1
-1.412,-1.189,1,PAYMENT,15
-1.488,0.22,1,PAYMENT,15
-0.319,0.603,4,CASH_OUT,8
-0.95,-1.304,1,PAYMENT,9
-2.261,1.034,4,PAYMENT,8
-1.918,-1.043,1,PAYMENT,16
-0.104,-1.031,2,CASH_OUT,16
1.14,-0.603,3,CASH_OUT,10
2.242,1.668,0,CASH_IN,17
-2.003,-1.035,1,PAYMENT,15
-0.565,0.561,4,CASH_OUT,15
-2.755,-0.837,1,PAYMENT,7
-1.303,0.274,1,PAYMENT,6
-2.682,1.127,4,PAYMENT,6
-2.343,0.625,4,PAYMENT,8
0.054,-1.637,2,CASH_OUT,13
1.154,2.05,0,CASH_IN,6
1.324,1.038,3,CASH_IN,17
-2.393,1.139,4,PAYMENT,13
-2.162,0.825,4,PAYMENT,13
0.969,-1.889,2,CASH_OUT,10
-0.79,0.481,4,CASH_OUT,16
0.858,-1.853,2,CASH_OUT,11
0.433,-1.718,2,CASH_OUT,2
1.928,1.922,0,CASH_IN,16
0.393,-0.009,3,CASH_OUT,15
-0.819,0.823,4,TRANSFER,10
1.202,-1.952,2,CASH_OUT,17
1.762,-3.624,2,TRANSFER,13
-3.015,1.017,4,PAYMENT,16
-2.273,0.968,4,PAYMENT,2
-1.423,-1.183,1,PAYMENT,6
-2.8,1.12,4,PAYMENT,10
-0.97,-1.295,1,PAYMENT,14
1.056,-1.883,2,CASH_OUT,10
1.898,1.943,0,CASH_IN,14
-1.468,0.223,1,PAYMENT,8
1.22,-0.041,3,TRANSFER,2
0.414,-1.607,2,TRANSFER,24
1.275,-1.945,2,CASH_OUT,15
1.067,-1.893,2,CASH_OUT,15
-0.997,-1.274,1,PAYMENT,15
-1.707,-1.1,1,PAYMENT,19
1.936,-0.253,3,CASH_OUT,7
1.726,-0.29,3,CASH_OUT,7
-0.669,0.583,4,CASH_OUT,15
-2.46,1.269,4,PAYMENT,9
-2.275,0.829,4,PAYMENT,14
1.18,-1.943,2,CASH_OUT,13
0.587,-1.787,2,CASH_OUT,11
2.011,-0.178,3,TRANSFER,16
-0.862,1.962,4,CASH_IN,15
1.058,-1.773,2,TRANSFER,2
1.73,-0.707,3,CASH_OUT,7
-1.33,0.644,4,CASH_OUT,2
0.909,-1.838,2,CASH_OUT,8
0.974,-1.855,2,CASH_OUT,9
-1.15,0.263,1,PAYMENT,13
0.985,-1.873,2,CASH_OUT,6
-1.821,0.591,4,PAYMENT,17
2.234,-0.262,3,CASH_OUT,7
1.242,1.21,0,CASH_IN,15
-1.437,-1.172,1,PAYMENT,17
-1.226,0.637,4,CASH_OUT,13
2.348,0.557,3,TRANSFER,10
1.325,-0.402,2,CASH_IN,11
-2.651,0.953,4,PAYMENT,7
1.257,-0.115,3,CASH_OUT,2
0.439,-0.028,3,CASH_OUT,1
1.788,1.336,0,CASH_IN,10
-1.118,-1.239,1,PAYMENT,15
-0.34,-0.03,3,PAYMENT,11
1.937,1.876,0,CASH_IN,8
0.231,-0.117,3,CASH_OUT,12
-1.394,-1.169,1,PAYMENT,6
1.356,-0.244,3,CASH_OUT,12
1.158,-0.098,3,CASH_OUT,14
0.661,1.246,0,CASH_IN,17
0.834,1.646,0,CASH_IN,14
-1.375,-1.202,1,PAYMENT,8
-0.753,-1.456,2,CASH_OUT,10
-0.681,0.705,4,CASH_OUT,9
0.433,-1.708,2,CASH_OUT,22
0.919,0.023,3,CASH_OUT,11
0.1,0.185,3,CASH_OUT,2
0.348,-1.704,2,CASH_OUT,2
1.897,-0.174,3,CASH_OUT,13
1.735,1.719,0,CASH_IN,14
-2.97,0.993,4,PAYMENT,13
-0.529,-1.496,2,CASH_OUT,8
0.877,-0.095,3,CASH_OUT,1
1.025,-1.885,2,CASH_OUT,13
-2.836,1.105,4,PAYMENT,2
0.586,-1.754,2,CASH_OUT,16
0.916,-1.873,2,CASH_OUT,9
0.451,0.041,3,CASH_OUT,9
-2.189,0.979,4,PAYMENT,7
0.534,-1.751,2,CASH_OUT,14
-2.254,0.819,4,PAYMENT,2
-1.322,0.047,1,PAYMENT,9
1.051,-1.907,2,CASH_OUT,13
-0.199,0.018,3,PAYMENT,21
-2.547,1.227,4,PAYMENT,16
-0.61,1.949,0,CASH_IN,10
-2.169,0.834,4,PAYMENT,6
1.034,1.682,0,CASH_IN,11
1.677,1.178,0,CASH_OUT,1
2.234,-0.942,3,CASH_OUT,8
1.597,-0.119,3,CASH_OUT,11
1.832,1.714,0,CASH_IN,6
2.615,0.782,3,CASH_IN,14
-1.352,-1.205,1,PAYMENT,17
0.018,-2.863,2,CASH_OUT,6
1.506,-1.902,2,TRANSFER,17
0.91,-1.851,2,CASH_OUT,7
-1.917,1.003,4,PAYMENT,6
-1.281,-1.212,1,PAYMENT,1
1.243,0.051,3,TRANSFER,11
2.829,1.356,0,CASH_IN,15
0.979,-1.735,2,TRANSFER,9
0.514,-1.746,2,CASH_OUT,16
1.392,0.014,3,TRANSFER,6
0.724,-1.816,2,CASH_OUT,13
1.434,1.653,0,CASH_IN,12
-1.347,-1.181,1,PAYMENT,14
-1.762,0.62,4,CASH_OUT,13
-1.183,0.336,1,PAYMENT,7
-2.185,1.106,4,PAYMENT,1
0.555,1.227,0,CASH_IN,26
0.562,-1.742,2,CASH_OUT,4
1.168,-1.905,2,CASH_OUT,17
1.166,1.946,0,CASH_IN,14
-1.596,-1.117,1,PAYMENT,2
-1.43,-1.167,1,PAYMENT,10
-2.415,1.242,4,PAYMENT,8
-0.268,-1.553,2,CASH_OUT,8
-1.767,0.743,4,CASH_OUT,2
1.224,0.068,3,CASH_OUT,6
1.527,-0.42,3,CASH_OUT,13
1.844,-0.174,3,CASH_OUT,26
-2.394,1.03,4,PAYMENT,1
0.745,-1.826,2,CASH_OUT,17
-2.193,0.91,4,PAYMENT,1
0.113,-1.56,2,TRANSFER,17
-1.946,0.901,4,CASH_OUT,29
1.68,-1.955,2,TRANSFER,8
0.608,-1.797,2,CASH_OUT,11
-0.424,-1.54,2,CASH_OUT,11
1.246,-1.998,2,CASH_OUT,11
0.385,-1.777,2,CASH_OUT,12
2.052,-2.054,2,TRANSFER,16
-0.716,-1.374,1,PAYMENT,15
2.13,1.669,0,CASH_IN,16
-1.058,0.329,1,PAYMENT,6
-2.733,1.158,4,PAYMENT,2
0.964,-0.122,3,CASH_OUT,17
-3.249,0.904,4,PAYMENT,6
1.324,-1.849,2,TRANSFER,10
0.979,1.549,0,CASH_IN,15
2.166,0.764,3,CASH_IN,13
-2.117,1.085,4,PAYMENT,7
-1.232,-1.235,1,PAYMENT,7
-1.65,-1.132,1,PAYMENT,1
1.148,1.497,0,CASH_IN,14
0.952,-0.165,3,CASH_OUT,16
1.629,-0.166,3,CASH_OUT,1
-2.787,0.871,4,PAYMENT,9
1.406,-1.882,2,TRANSFER,8
2.196,0.936,3,CASH_OUT,9
-1.318,-1.217,1,PAYMENT,12
-1.998,0.815,4,PAYMENT,1
1.039,0.153,3,TRANSFER,10
0.41,-0.605,3,CASH_OUT,17
2.419,0.872,3,CASH_OUT,1
-2.025,-1.033,1,PAYMENT,10
0.89,1.648,0,CASH_IN,6
-1.308,-1.223,1,PAYMENT,22
-1.21,-1.234,1,PAYMENT,13
-3.044,1.277,4,PAYMENT,25
1.733,1.79,0,CASH_IN,13
-1.521,-1.158,1,PAYMENT,15
0.252,2.057,0,CASH_IN,11
-0.798,1.922,4,CASH_OUT,6
1.95,-0.724,3,CASH_OUT,11
-2.209,0.733,4,PAYMENT,7
0.098,-1.66,2,CASH_OUT,10
0.528,-1.771,2,CASH_OUT,2
1.22,-3.048,2,TRANSFER,13
2.532,1.292,3,CASH_IN,6
0.942,-1.736,2,TRANSFER,16
-2.69,0.967,4,PAYMENT,4
-2.261,1.07,4,PAYMENT,2
1.698,-1.934,2,TRANSFER,15
1.671,1.786,0,CASH_IN,17
-3.33,0.957,4,PAYMENT,1
0.195,-1.671,2,CASH_OUT,10
-1.491,0.224,1,PAYMENT,15
-0.119,0.202,3,CASH_OUT,2
-2.447,0.803,4,PAYMENT,12
-2.07,0.8,4,PAYMENT,14
2.051,1.97,0,CASH_IN,8
-0.607,0.725,4,CASH_OUT,27
1.408,1.755,0,CASH_IN,8
0.932,-1.857,2,CASH_OUT,13
-2.148,0.789,4,PAYMENT,10
0.83,-1.842,2,CASH_OUT,1
2.588,0.952,3,CASH_IN,22
0.807,-1.704,2,TRANSFER,8
-0.396,0.213,3,PAYMENT,9
2.211,1.349,3,CASH_IN,6
-1.768,0.305,1,PAYMENT,11
-1.563,-1.123,1,PAYMENT,17
-2.956,1.015,4,PAYMENT,25
1.375,-0.049,3,CASH_OUT,1
1.91,-0.214,3,CASH_OUT,23
0.979,-1.881,2,CASH_OUT,17
0.577,-1.779,2,CASH_OUT,9
0.253,-1.674,2,CASH_OUT,17
-1.538,-1.157,1,PAYMENT,12
1.25,-0.046,3,CASH_OUT,13
0.896,-1.842,2,CASH_OUT,2
-2.916,1.049,4,PAYMENT,9
-2.157,1.169,4,PAYMENT,2
2.402,0.595,3,CASH_IN,16
0.829,-1.839,2,CASH_OUT,10
0.816,-1.812,2,CASH_OUT,22
-2.716,1.038,4,PAYMENT,2
-2.5,1.238,4,PAYMENT,11
-0.591,-0.017,3,PAYMENT,14
0.688,-0.034,3,CASH_OUT,14
0.635,-1.783,2,CASH_OUT,13
-2.564,1.159,4,PAYMENT,17
0.487,-1.74,2,CASH_OUT,6
0.837,-0.202,3,CASH_OUT,8
1.346,-1.948,2,CASH_OUT,1
-1.964,0.925,4,PAYMENT,6
2.204,1.717,0,CASH_IN,10
1.869,1.615,0,CASH_IN,6
-1.153,-1.262,1,PAYMENT,10
1.901,-0.23,3,CASH_OUT,16
-1.745,-1.087,1,PAYMENT,10
2.21,1.146,3,CASH_IN,14
1.6,0.081,3,TRANSFER,8
1.848,-0.157,3,CASH_OUT,8
