type,segmen,day,amount,saldo_awal,drain_ratio,jam,cluster,is_iqr,is_z,is_iso,anomaly_vote,dist,top_reason,anomali,fraud
CASH_IN,CASH_IN · nominal sedang,11,105041,11681794,0.009,13,0,1,1,0,2,0.74,saldo awal pengirim sangat ekstrem,1,0
PAYMENT,PAYMENT · nominal kecil,9,9495,9340,1.017,19,4,0,0,0,0,1.41,saldo pengirim tidak konsisten secara logika,0,0
PAYMENT,PAYMENT · nominal kecil,1,3991,141941,0.028,16,4,0,0,0,0,0.69,menguras hampir seluruh saldo,0,0
TRANSFER,CASH_OUT · nominal besar,9,1068883,227,10.0,23,3,1,0,1,2,2.74,menguras hampir seluruh saldo,1,0
TRANSFER,CASH_OUT · nominal besar,14,2006488,0,0.0,22,2,1,1,0,2,2.43,nominal transaksi sangat ekstrem,1,0
PAYMENT,PAYMENT · nominal kecil,10,23730,0,0.0,19,1,0,0,0,0,1.14,menguras hampir seluruh saldo,0,0
TRANSFER,PAYMENT · nominal kecil,12,27060,27060,1.0,9,4,1,0,0,1,2.75,saldo pengirim tidak konsisten secara logika,0,1
TRANSFER,CASH_IN · nominal sedang,26,1425063,1425063,1.0,13,0,1,1,1,3,3.73,saldo tujuan tidak konsisten secara logika,1,1
TRANSFER,PAYMENT · nominal kecil,27,367631,367631,1.0,1,4,1,0,1,2,4.71,saldo tujuan tidak konsisten secara logika,1,1
TRANSFER,CASH_OUT · nominal besar,7,475080,10302,10.0,19,3,1,0,0,1,1.84,menguras hampir seluruh saldo,0,0
CASH_OUT,PAYMENT · nominal kecil,18,1346265,1346265,1.0,16,4,1,0,0,1,3.49,nominal transaksi sangat ekstrem,0,1
PAYMENT,PAYMENT · nominal kecil,13,13733,496058,0.028,20,4,1,0,0,1,1.19,menguras hampir seluruh saldo,0,0
CASH_IN,CASH_IN · nominal sedang,1,65605,11895264,0.006,11,0,1,1,0,2,1.15,saldo awal pengirim sangat ekstrem,1,0
PAYMENT,PAYMENT · nominal kecil,11,56213,0,0.0,11,1,0,0,0,0,1.55,menguras hampir seluruh saldo,0,0
CASH_OUT,CASH_OUT · nominal besar,10,210131,0,0.0,13,2,1,0,0,1,1.88,menguras hampir seluruh saldo,0,0
CASH_OUT,CASH_OUT · nominal besar,13,204936,0,0.0,20,2,0,0,0,0,1.15,menguras hampir seluruh saldo,0,0
CASH_IN,CASH_IN · nominal sedang,11,75674,23931138,0.003,15,0,1,1,0,2,0.63,saldo awal pengirim sangat ekstrem,1,0
PAYMENT,PAYMENT · nominal kecil,6,5644,744,7.586,13,1,0,0,0,0,2.32,menguras hampir seluruh saldo,0,0
CASH_IN,CASH_IN · nominal sedang,2,158288,26469472,0.006,14,0,1,1,0,2,0.76,saldo awal pengirim sangat ekstrem,1,0
CASH_OUT,CASH_OUT · nominal besar,17,89433,15504,5.768,18,3,0,0,0,0,1.67,menguras hampir seluruh saldo,0,0
CASH_OUT,PAYMENT · nominal kecil,6,254441,254441,1.0,1,4,0,0,0,0,4.01,saldo pengirim tidak konsisten secara logika,0,1
TRANSFER,CASH_OUT · nominal besar,10,128631,0,0.0,11,2,0,0,0,0,1.51,menguras hampir seluruh saldo,0,0
CASH_IN,CASH_OUT · nominal besar,8,550838,42902,10.0,12,3,1,1,0,2,2.97,saldo tujuan sangat ekstrem,1,0
CASH_OUT,PAYMENT · nominal kecil,8,7006,618432,0.011,10,4,1,0,0,1,2.53,menguras hampir seluruh saldo,0,0
CASH_OUT,CASH_OUT · nominal besar,1,27471,0,0.0,15,2,0,0,0,0,1.07,menguras hampir seluruh saldo,0,0
TRANSFER,PAYMENT · nominal kecil,2,82972,82972,1.0,22,4,1,0,1,2,3.05,saldo pengirim tidak konsisten secara logika,1,1
CASH_IN,CASH_IN · nominal sedang,6,177680,17977822,0.01,15,0,1,1,0,2,0.77,saldo awal pengirim sangat ekstrem,1,0
CASH_IN,CASH_IN · nominal sedang,13,114181,10166057,0.011,19,0,1,1,0,2,0.98,saldo awal pengirim sangat ekstrem,1,0
CASH_IN,CASH_IN · nominal sedang,10,94004,10983964,0.009,12,0,1,1,0,2,0.97,saldo awal pengirim sangat ekstrem,1,0
CASH_IN,CASH_IN · nominal sedang,9,248820,13252365,0.019,14,0,1,1,0,2,0.8,saldo awal pengirim sangat ekstrem,1,0
CASH_IN,CASH_IN · nominal sedang,15,56545,5637384,0.01,20,0,1,0,0,1,1.21,saldo awal pengirim sangat ekstrem,0,0
CASH_OUT,CASH_OUT · nominal besar,15,199804,0,0.0,11,2,0,0,0,0,1.07,menguras hampir seluruh saldo,0,0
CASH_OUT,CASH_OUT · nominal besar,9,280629,28209,9.948,13,3,1,0,0,1,1.23,menguras hampir seluruh saldo,0,0
CASH_OUT,PAYMENT · nominal kecil,1,113944,102279,1.114,14,4,1,0,0,1,3.42,saldo tujuan tidak konsisten secara logika,0,0
CASH_OUT,CASH_OUT · nominal besar,14,80224,0,0.0,23,2,0,0,0,0,1.85,menguras hampir seluruh saldo,0,0
TRANSFER,CASH_OUT · nominal besar,1,915732,47407,10.0,7,3,1,1,1,3,3.84,saldo tujuan tidak konsisten secara logika,1,0
TRANSFER,PAYMENT · nominal kecil,2,20315,20315,1.0,16,4,1,0,0,1,2.23,saldo pengirim tidak konsisten secara logika,0,1
CASH_IN,CASH_IN · nominal sedang,10,42526,24260978,0.002,13,0,1,1,0,2,1.01,saldo awal pengirim sangat ekstrem,1,0
TRANSFER,CASH_OUT · nominal besar,16,6510420,0,0.0,11,2,1,1,0,2,2.69,nominal transaksi sangat ekstrem,1,0
CASH_OUT,CASH_OUT · nominal besar,1,204741,0,0.0,20,2,0,0,0,0,1.15,menguras hampir seluruh saldo,0,0
CASH_IN,CASH_IN · nominal sedang,6,147081,13511895,0.011,10,0,1,1,0,2,1.41,saldo awal pengirim sangat ekstrem,1,0
TRANSFER,CASH_OUT · nominal besar,16,5616414,10284,10.0,10,3,1,1,1,3,3.01,nominal transaksi sangat ekstrem,1,0
TRANSFER,CASH_OUT · nominal besar,13,8517064,0,0.0,16,2,1,1,0,2,2.63,nominal transaksi sangat ekstrem,1,0
CASH_OUT,PAYMENT · nominal kecil,13,633384,633384,1.0,14,4,1,0,0,1,2.65,nominal transaksi sangat ekstrem,0,1
TRANSFER,CASH_OUT · nominal besar,14,10000000,234968,10.0,15,3,1,1,1,3,4.24,nominal transaksi sangat ekstrem,1,0
CASH_IN,CASH_IN · nominal sedang,13,17129,100316,0.171,22,0,1,1,0,2,2.06,saldo tujuan sangat ekstrem,1,0
CASH_OUT,CASH_OUT · nominal besar,8,219007,216,10.0,12,3,1,0,0,1,1.68,menguras hampir seluruh saldo,0,0
CASH_IN,CASH_IN · nominal sedang,29,132646,45443,2.919,18,0,1,0,0,1,1.06,saldo tujuan tidak konsisten secara logika,0,0
TRANSFER,PAYMENT · nominal kecil,1,11308,11308,1.0,9,4,1,0,1,2,2.61,saldo pengirim tidak konsisten secara logika,1,1
PAYMENT,PAYMENT · nominal kecil,13,25061,0,0.0,19,1,0,0,0,0,1.15,menguras hampir seluruh saldo,0,0
CASH_OUT,PAYMENT · nominal kecil,9,362631,362631,1.0,20,4,0,0,0,0,2.8,saldo pengirim tidak konsisten secara logika,0,1
CASH_IN,CASH_IN · nominal sedang,13,36992,10741388,0.003,18,0,1,1,0,2,1.02,saldo awal pengirim sangat ekstrem,1,0
CASH_IN,CASH_IN · nominal sedang,2,63147,42318,1.492,10,0,1,0,0,1,1.78,saldo tujuan sangat ekstrem,0,0
CASH_OUT,CASH_OUT · nominal besar,25,312067,10333,10.0,12,3,1,0,0,1,1.75,menguras hampir seluruh saldo,0,0
CASH_IN,CASH_IN · nominal sedang,2,258319,24377824,0.011,18,0,1,1,0,2,1.01,saldo awal pengirim sangat ekstrem,1,0
CASH_IN,CASH_IN · nominal sedang,8,6088,19357738,0.0,16,0,1,1,0,2,1.86,saldo awal pengirim sangat ekstrem,1,0
CASH_OUT,CASH_OUT · nominal besar,7,30540,0,0.0,18,2,0,0,0,0,1.19,menguras hampir seluruh saldo,0,0
CASH_OUT,PAYMENT · nominal kecil,17,879810,879810,1.0,2,4,1,0,0,1,4.48,nominal transaksi sangat ekstrem,0,1
CASH_OUT,PAYMENT · nominal kecil,11,110344,110344,1.0,1,4,0,0,0,0,4.05,saldo pengirim tidak konsisten secara logika,0,1
TRANSFER,PAYMENT · nominal kecil,21,296940,296940,1.0,15,4,1,0,1,2,3.19,saldo tujuan tidak konsisten secara logika,1,1
TRANSFER,PAYMENT · nominal kecil,3,271731,271731,1.0,21,4,1,0,1,2,3.39,saldo tujuan tidak konsisten secara logika,1,1
CASH_IN,CASH_IN · nominal sedang,9,215526,16575590,0.013,21,0,1,1,0,2,1.51,saldo awal pengirim sangat ekstrem,1,0
TRANSFER,CASH_IN · nominal sedang,31,765105,765105,1.0,6,0,1,0,1,2,4.17,saldo tujuan tidak konsisten secara logika,1,1
CASH_OUT,CASH_OUT · nominal besar,12,101660,17748,5.728,14,3,1,1,0,2,1.4,saldo tujuan sangat ekstrem,1,0
PAYMENT,PAYMENT · nominal kecil,12,23664,410177,0.058,20,4,0,0,0,0,1.27,menguras hampir seluruh saldo,0,0
CASH_OUT,PAYMENT · nominal kecil,24,776303,776303,1.0,5,4,1,0,0,1,3.97,nominal transaksi sangat ekstrem,0,1
CASH_IN,CASH_IN · nominal sedang,7,387618,11477517,0.034,13,0,1,1,0,2,1.06,saldo awal pengirim sangat ekstrem,1,0
CASH_IN,CASH_IN · nominal sedang,1,115839,11503502,0.01,11,0,1,1,0,2,1.11,saldo awal pengirim sangat ekstrem,1,0
TRANSFER,CASH_OUT · nominal besar,9,2398221,0,0.0,20,2,1,1,0,2,2.25,nominal transaksi sangat ekstrem,1,0
CASH_IN,CASH_OUT · nominal besar,10,274138,7044,10.0,18,3,1,0,0,1,2.47,menguras hampir seluruh saldo,0,0
TRANSFER,CASH_IN · nominal sedang,21,1028516,1028516,1.0,18,0,1,0,1,2,3.68,saldo tujuan tidak konsisten secara logika,1,1
CASH_OUT,PAYMENT · nominal kecil,23,40784,172743,0.236,10,4,1,1,0,2,2.82,saldo tujuan sangat ekstrem,1,0
TRANSFER,PAYMENT · nominal kecil,24,58864,58864,1.0,22,4,1,0,1,2,2.94,saldo pengirim tidak konsisten secara logika,1,1
CASH_OUT,CASH_OUT · nominal besar,8,2222008,2222008,1.0,10,3,1,1,0,2,3.75,nominal transaksi sangat ekstrem,1,1
PAYMENT,PAYMENT · nominal kecil,14,4785,148,10.0,0,1,1,0,1,2,4.5,menguras hampir seluruh saldo,1,0
CASH_OUT,CASH_OUT · nominal besar,15,114968,9251,10.0,13,3,1,0,0,1,1.26,menguras hampir seluruh saldo,0,0
CASH_IN,CASH_IN · nominal sedang,7,299253,2547775,0.117,15,0,1,0,0,1,0.85,saldo tujuan sangat ekstrem,0,0
TRANSFER,CASH_OUT · nominal besar,14,2586954,10408,10.0,17,3,1,1,0,2,2.48,nominal transaksi sangat ekstrem,1,0
CASH_OUT,CASH_OUT · nominal besar,14,110693,39655,2.791,19,3,1,1,0,2,2.08,saldo tujuan sangat ekstrem,1,0
TRANSFER,PAYMENT · nominal kecil,12,558050,558050,1.0,20,4,1,0,1,2,3.64,saldo tujuan tidak konsisten secara logika,1,1
CASH_IN,CASH_IN · nominal sedang,8,173869,18072798,0.01,14,0,1,1,0,2,0.81,saldo awal pengirim sangat ekstrem,1,0
TRANSFER,CASH_IN · nominal sedang,12,2219475,2219475,1.0,4,0,1,1,1,3,4.62,saldo tujuan tidak konsisten secara logika,1,1
TRANSFER,CASH_OUT · nominal besar,10,243672,0,0.0,9,2,0,0,0,0,1.87,menguras hampir seluruh saldo,0,0
TRANSFER,CASH_IN · nominal sedang,9,660746,660746,1.0,1,0,1,0,1,2,4.85,saldo tujuan tidak konsisten secara logika,1,1
CASH_OUT,CASH_OUT · nominal besar,7,320985,241086,1.331,10,3,0,0,0,0,2.33,saldo tujuan sangat ekstrem,0,0
CASH_OUT,CASH_OUT · nominal besar,6,299484,10228,10.0,10,3,1,0,0,1,1.57,menguras hampir seluruh saldo,0,0
TRANSFER,CASH_IN · nominal sedang,17,10000000,44892192,0.223,3,0,1,1,1,3,5.17,saldo tujuan tidak konsisten secara logika,1,1
CASH_IN,CASH_IN · nominal sedang,14,450858,1450428,0.311,22,0,1,0,0,1,1.82,saldo tujuan tidak konsisten secara logika,0,0
CASH_IN,CASH_IN · nominal sedang,11,366597,304202,1.205,10,0,1,0,0,1,1.51,saldo tujuan tidak konsisten secara logika,0,0
CASH_IN,CASH_OUT · nominal besar,9,106108,3396,10.0,10,3,1,0,0,1,2.6,menguras hampir seluruh saldo,0,0
CASH_OUT,PAYMENT · nominal kecil,13,70174,70174,1.0,6,4,0,0,0,0,3.02,saldo pengirim tidak konsisten secara logika,0,1
CASH_OUT,CASH_OUT · nominal besar,13,212144,0,0.0,11,2,0,0,0,0,1.09,menguras hampir seluruh saldo,0,0
TRANSFER,CASH_OUT · nominal besar,21,2906734,17924,10.0,12,3,1,1,0,2,2.28,nominal transaksi sangat ekstrem,1,0
CASH_IN,CASH_IN · nominal sedang,17,38522,13681530,0.003,19,0,1,1,0,2,1.17,saldo awal pengirim sangat ekstrem,1,0
PAYMENT,PAYMENT · nominal kecil,24,19631,86293,0.227,13,4,0,0,0,0,0.84,menguras hampir seluruh saldo,0,0
CASH_IN,CASH_OUT · nominal besar,12,193807,23237,8.34,15,3,1,0,0,1,2.52,menguras hampir seluruh saldo,0,0
TRANSFER,CASH_OUT · nominal besar,1,2003796,0,0.0,12,2,1,1,0,2,2.03,nominal transaksi sangat ekstrem,1,0
TRANSFER,CASH_OUT · nominal besar,17,2268079,51185,10.0,10,3,1,1,0,2,2.39,nominal transaksi sangat ekstrem,1,0
PAYMENT,PAYMENT · nominal kecil,14,33159,0,0.0,10,1,0,0,0,0,1.52,menguras hampir seluruh saldo,0,0
CASH_OUT,PAYMENT · nominal kecil,11,113130,159727,0.708,20,4,0,0,0,0,2.67,menguras hampir seluruh saldo,0,0
TRANSFER,CASH_OUT · nominal besar,22,278327,0,0.0,14,2,0,0,0,0,1.21,menguras hampir seluruh saldo,0,0
PAYMENT,PAYMENT · nominal kecil,9,8019,49748,0.161,21,4,0,0,0,0,1.35,menguras hampir seluruh saldo,0,0
TRANSFER,PAYMENT · nominal kecil,30,119306,119306,1.0,23,4,1,0,1,2,3.29,saldo pengirim tidak konsisten secara logika,1,1
CASH_OUT,CASH_OUT · nominal besar,17,212805,1829,10.0,17,3,1,0,0,1,1.64,menguras hampir seluruh saldo,0,0
CASH_OUT,PAYMENT · nominal kecil,14,31760,286697,0.111,12,4,0,0,0,0,2.06,menguras hampir seluruh saldo,0,0
CASH_IN,CASH_IN · nominal sedang,10,36237,11107316,0.003,18,0,1,1,0,2,1.06,saldo awal pengirim sangat ekstrem,1,0
CASH_OUT,PAYMENT · nominal kecil,22,1200703,1200703,1.0,19,4,1,0,0,1,3.42,nominal transaksi sangat ekstrem,0,1
CASH_OUT,PAYMENT · nominal kecil,27,696575,696575,1.0,7,4,1,0,0,1,3.32,nominal transaksi sangat ekstrem,0,1
PAYMENT,PAYMENT · nominal kecil,8,20195,254524,0.079,14,4,0,0,0,0,0.74,menguras hampir seluruh saldo,0,0
TRANSFER,CASH_OUT · nominal besar,8,279602,0,0.0,20,2,0,0,0,0,1.59,menguras hampir seluruh saldo,0,0
TRANSFER,CASH_IN · nominal sedang,7,1336901,1336901,1.0,17,0,1,0,1,2,3.7,saldo tujuan tidak konsisten secara logika,1,1
PAYMENT,PAYMENT · nominal kecil,2,2704,0,0.0,19,1,0,0,0,0,1.16,menguras hampir seluruh saldo,0,0
CASH_IN,CASH_IN · nominal sedang,9,90871,10517905,0.009,12,0,1,1,0,2,1.03,saldo awal pengirim sangat ekstrem,1,0
CASH_OUT,CASH_OUT · nominal besar,9,178369,0,0.0,10,2,1,1,0,2,1.33,saldo tujuan sangat ekstrem,1,0
TRANSFER,CASH_OUT · nominal besar,13,2443149,342268,7.138,11,3,1,1,0,2,2.51,nominal transaksi sangat ekstrem,1,0
TRANSFER,CASH_OUT · nominal besar,6,2033418,0,0.0,13,2,1,1,0,2,1.96,nominal transaksi sangat ekstrem,1,0
PAYMENT,PAYMENT · nominal kecil,8,24126,39969,0.604,17,4,0,0,0,0,0.77,menguras hampir seluruh saldo,0,0
CASH_IN,CASH_IN · nominal sedang,1,197811,7310085,0.027,14,0,1,1,0,2,0.87,saldo tujuan sangat ekstrem,1,0
CASH_OUT,CASH_OUT · nominal besar,11,169588,245,10.0,15,3,1,1,0,2,3.23,saldo tujuan tidak konsisten secara logika,1,0
PAYMENT,PAYMENT · nominal kecil,10,13294,0,0.0,10,1,0,0,0,0,1.32,menguras hampir seluruh saldo,0,0
TRANSFER,PAYMENT · nominal kecil,28,150206,150206,1.0,1,4,1,0,1,2,4.44,saldo pengirim tidak konsisten secara logika,1,1
TRANSFER,CASH_IN · nominal sedang,2,7567170,7567170,1.0,14,0,1,1,1,3,4.19,saldo tujuan tidak konsisten secara logika,1,1
TRANSFER,CASH_OUT · nominal besar,15,2956792,23240,10.0,17,3,1,1,0,2,2.53,nominal transaksi sangat ekstrem,1,0
CASH_IN,CASH_IN · nominal sedang,16,332418,52041,6.388,12,0,1,0,0,1,1.93,saldo tujuan tidak konsisten secara logika,0,0
CASH_OUT,CASH_OUT · nominal besar,8,170332,286,10.0,14,3,1,0,0,1,1.13,menguras hampir seluruh saldo,0,0
TRANSFER,PAYMENT · nominal kecil,8,90346,90346,1.0,16,4,1,0,1,2,2.69,saldo pengirim tidak konsisten secara logika,1,1
PAYMENT,PAYMENT · nominal kecil,1,4301,0,0.0,7,1,0,0,0,0,2.0,menguras hampir seluruh saldo,0,0
CASH_OUT,CASH_OUT · nominal besar,1,480214,94453,5.084,10,3,1,0,0,1,3.04,saldo tujuan tidak konsisten secara logika,0,0
CASH_OUT,PAYMENT · nominal kecil,11,163354,163354,1.0,21,4,1,0,0,1,3.02,saldo tujuan sangat ekstrem,0,1
CASH_IN,CASH_IN · nominal sedang,2,1242820,13144352,0.095,18,0,1,1,0,2,1.74,saldo tujuan tidak konsisten secara logika,1,0
TRANSFER,CASH_IN · nominal sedang,22,684266,684266,1.0,8,0,1,0,1,2,3.93,saldo tujuan tidak konsisten secara logika,1,1
TRANSFER,CASH_OUT · nominal besar,13,10000000,0,0.0,16,2,1,1,1,3,3.84,saldo tujuan tidak konsisten secara logika,1,0
CASH_IN,CASH_IN · nominal sedang,11,635619,22531980,0.028,16,0,1,1,0,2,1.26,saldo awal pengirim sangat ekstrem,1,0
CASH_OUT,CASH_OUT · nominal besar,9,96815,0,0.0,10,2,1,1,0,2,1.35,saldo tujuan sangat ekstrem,1,0
PAYMENT,PAYMENT · nominal kecil,1,4755,0,0.0,15,1,0,0,0,0,0.53,menguras hampir seluruh saldo,0,0
CASH_OUT,CASH_OUT · nominal besar,14,30922,0,0.0,20,2,0,0,0,0,1.47,menguras hampir seluruh saldo,0,0
CASH_IN,CASH_IN · nominal sedang,9,653458,5441321,0.12,11,0,1,1,0,2,1.64,saldo tujuan sangat ekstrem,1,0
PAYMENT,PAYMENT · nominal kecil,6,7048,42880,0.164,20,4,0,0,0,0,1.14,menguras hampir seluruh saldo,0,0
CASH_IN,CASH_IN · nominal sedang,2,169776,10679982,0.016,2,0,1,1,0,2,3.13,saldo awal pengirim sangat ekstrem,1,0
CASH_OUT,PAYMENT · nominal kecil,4,28309,28309,1.0,19,4,0,0,0,0,1.56,saldo pengirim tidak konsisten secara logika,0,1
CASH_IN,CASH_OUT · nominal besar,17,183220,294,10.0,14,3,1,0,0,1,2.44,menguras hampir seluruh saldo,0,0
CASH_IN,CASH_IN · nominal sedang,15,52211,1194050,0.044,17,0,1,0,0,1,0.72,menguras hampir seluruh saldo,0,0
CASH_OUT,CASH_OUT · nominal besar,9,128863,0,0.0,10,2,1,1,0,2,1.33,saldo tujuan sangat ekstrem,1,0
TRANSFER,CASH_OUT · nominal besar,6,1541378,11424,10.0,12,3,1,0,0,1,2.08,nominal transaksi sangat ekstrem,0,0
CASH_OUT,CASH_OUT · nominal besar,13,93899,0,0.0,16,2,0,0,0,0,0.54,menguras hampir seluruh saldo,0,0
TRANSFER,CASH_OUT · nominal besar,2,6753,0,0.0,11,2,1,1,1,3,3.42,saldo tujuan tidak konsisten secara logika,1,0
TRANSFER,PAYMENT · nominal kecil,22,346293,346293,1.0,12,4,1,0,1,2,3.36,saldo tujuan tidak konsisten secara logika,1,1
CASH_IN,CASH_IN · nominal sedang,10,122676,16107883,0.008,13,0,1,1,0,2,0.75,saldo awal pengirim sangat ekstrem,1,0
CASH_OUT,PAYMENT · nominal kecil,31,3912253,3912253,1.0,16,4,1,1,0,2,3.59,nominal transaksi sangat ekstrem,1,1
PAYMENT,PAYMENT · nominal kecil,25,14866,13956,1.065,9,4,0,0,0,0,2.12,saldo pengirim tidak konsisten secara logika,0,0
TRANSFER,PAYMENT · nominal kecil,5,5624,5624,1.0,1,4,1,0,1,2,3.96,saldo pengirim tidak konsisten secara logika,1,1
CASH_OUT,CASH_OUT · nominal besar,9,221546,24656,8.985,15,3,1,0,0,1,1.0,menguras hampir seluruh saldo,0,0
CASH_OUT,CASH_OUT · nominal besar,2,261498,59574,4.389,12,3,0,0,0,0,1.34,menguras hampir seluruh saldo,0,0
PAYMENT,PAYMENT · nominal kecil,6,13720,184712,0.074,16,4,0,0,0,0,0.53,menguras hampir seluruh saldo,0,0
CASH_OUT,CASH_OUT · nominal besar,2,84092,0,0.0,20,2,0,0,0,0,1.19,menguras hampir seluruh saldo,0,0
CASH_IN,CASH_IN · nominal sedang,6,270616,13392572,0.02,19,0,1,1,0,2,1.14,saldo awal pengirim sangat ekstrem,1,0
CASH_OUT,CASH_OUT · nominal besar,6,136548,0,0.0,13,2,1,0,0,1,0.67,saldo tujuan sangat ekstrem,0,0
CASH_OUT,PAYMENT · nominal kecil,12,342989,342989,1.0,13,4,0,0,0,0,2.39,saldo pengirim tidak konsisten secara logika,0,1
TRANSFER,CASH_OUT · nominal besar,1,2322201,0,0.0,20,2,1,1,0,2,2.24,nominal transaksi sangat ekstrem,1,0
TRANSFER,CASH_OUT · nominal besar,1,760096,49253,10.0,19,3,1,0,1,2,2.98,menguras hampir seluruh saldo,1,0
CASH_OUT,PAYMENT · nominal kecil,13,2470,51097,0.048,17,4,0,0,0,0,2.11,menguras hampir seluruh saldo,0,0
TRANSFER,CASH_OUT · nominal besar,15,1481963,148,10.0,11,3,1,0,1,2,2.54,menguras hampir seluruh saldo,1,0
CASH_IN,CASH_IN · nominal sedang,25,178164,10265600,0.017,16,0,1,1,0,2,0.58,saldo awal pengirim sangat ekstrem,1,0
CASH_OUT,CASH_OUT · nominal besar,9,184212,1169,10.0,14,3,1,0,0,1,1.62,menguras hampir seluruh saldo,0,0
CASH_OUT,PAYMENT · nominal kecil,30,131843,131843,1.0,2,4,0,0,0,0,3.74,saldo pengirim tidak konsisten secara logika,0,1
CASH_OUT,PAYMENT · nominal kecil,16,243119,243119,1.0,10,4,0,0,0,0,2.8,saldo pengirim tidak konsisten secara logika,0,1
CASH_OUT,CASH_OUT · nominal besar,15,174648,11508,10.0,10,3,1,1,0,2,1.86,saldo tujuan sangat ekstrem,1,0
CASH_OUT,CASH_OUT · nominal besar,8,20871,7042,2.964,13,3,0,0,0,0,1.94,saldo tujuan sangat ekstrem,0,0
TRANSFER,CASH_IN · nominal sedang,1,3964130,3964130,1.0,12,0,1,1,1,3,4.04,saldo tujuan tidak konsisten secara logika,1,1
CASH_OUT,CASH_OUT · nominal besar,7,256496,0,0.0,16,2,0,0,0,0,0.47,menguras hampir seluruh saldo,0,0
CASH_OUT,CASH_OUT · nominal besar,7,249558,0,0.0,19,2,0,0,0,0,0.95,menguras hampir seluruh saldo,0,0
CASH_OUT,CASH_OUT · nominal besar,17,339076,0,0.0,11,2,1,1,0,2,1.23,saldo tujuan sangat ekstrem,1,0
PAYMENT,PAYMENT · nominal kecil,2,22808,393859,0.058,9,4,0,0,0,0,1.68,menguras hampir seluruh saldo,0,0
CASH_OUT,PAYMENT · nominal kecil,9,486060,486060,1.0,5,4,1,0,0,1,3.49,nominal transaksi sangat ekstrem,0,1
CASH_OUT,CASH_OUT · nominal besar,17,164119,48623,3.375,11,3,1,1,0,2,1.97,saldo tujuan sangat ekstrem,1,0
PAYMENT,PAYMENT · nominal kecil,1,7117,254761,0.028,21,4,0,0,0,0,1.37,menguras hampir seluruh saldo,0,0
TRANSFER,CASH_OUT · nominal besar,2,441638,0,0.0,12,2,1,1,0,2,1.56,saldo tujuan sangat ekstrem,1,0
CASH_IN,CASH_IN · nominal sedang,25,79428,11872844,0.007,16,0,1,1,0,2,0.55,saldo awal pengirim sangat ekstrem,1,0
CASH_OUT,CASH_OUT · nominal besar,29,186105,0,0.0,15,2,0,0,0,0,0.38,menguras hampir seluruh saldo,0,0
TRANSFER,PAYMENT · nominal kecil,11,84197,84197,1.0,0,4,1,0,1,2,4.47,saldo pengirim tidak konsisten secara logika,1,1
CASH_IN,CASH_IN · nominal sedang,22,86640,4499708,0.019,10,0,1,1,0,2,1.49,saldo tujuan sangat ekstrem,1,0
TRANSFER,CASH_OUT · nominal besar,4,210358,21520,9.775,0,3,1,0,1,2,3.95,menguras hampir seluruh saldo,1,0
TRANSFER,CASH_OUT · nominal besar,10,2391319,0,0.0,17,2,1,1,0,2,2.01,nominal transaksi sangat ekstrem,1,0
CASH_OUT,CASH_OUT · nominal besar,17,208164,27119,7.676,10,3,0,0,0,0,1.52,menguras hampir seluruh saldo,0,0
CASH_OUT,PAYMENT · nominal kecil,6,3062506,3062506,1.0,8,4,1,1,0,2,3.87,nominal transaksi sangat ekstrem,1,1
CASH_OUT,PAYMENT · nominal kecil,7,237426,274769,0.864,11,4,0,0,0,0,2.66,menguras hampir seluruh saldo,0,0
TRANSFER,CASH_OUT · nominal besar,12,3713252,0,0.0,15,2,1,1,0,2,2.18,nominal transaksi sangat ekstrem,1,0
CASH_OUT,CASH_OUT · nominal besar,8,219209,0,0.0,10,2,1,1,0,2,1.35,saldo tujuan sangat ekstrem,1,0
CASH_IN,CASH_IN · nominal sedang,12,77317,4581988,0.017,17,0,1,1,0,2,0.81,saldo tujuan sangat ekstrem,1,0
TRANSFER,CASH_OUT · nominal besar,2,2630756,0,0.0,13,2,1,1,0,2,2.08,nominal transaksi sangat ekstrem,1,0
TRANSFER,PAYMENT · nominal kecil,1,19472,19472,1.0,12,4,1,0,0,1,2.37,saldo pengirim tidak konsisten secara logika,0,1
CASH_OUT,CASH_OUT · nominal besar,15,161609,0,0.0,17,2,0,0,0,0,0.53,saldo tujuan sangat ekstrem,0,0
CASH_OUT,CASH_OUT · nominal besar,11,251490,5002,10.0,15,3,1,0,0,1,1.18,menguras hampir seluruh saldo,0,0
CASH_IN,CASH_IN · nominal sedang,2,118211,10471042,0.011,18,0,1,1,0,2,0.82,saldo awal pengirim sangat ekstrem,1,0
TRANSFER,CASH_OUT · nominal besar,13,2618157,0,0.0,19,2,1,1,0,2,2.19,nominal transaksi sangat ekstrem,1,0
TRANSFER,PAYMENT · nominal kecil,10,35911,301885,0.119,21,4,0,0,0,0,2.53,menguras hampir seluruh saldo,0,0
CASH_OUT,CASH_OUT · nominal besar,7,252648,59937,4.215,23,3,0,0,0,0,2.25,menguras hampir seluruh saldo,0,0
TRANSFER,CASH_OUT · nominal besar,17,193452,0,0.0,19,2,0,0,0,0,1.4,menguras hampir seluruh saldo,0,0
PAYMENT,PAYMENT · nominal kecil,28,4325,0,0.0,16,1,0,0,0,0,0.59,menguras hampir seluruh saldo,0,0
CASH_OUT,CASH_OUT · nominal besar,9,176447,0,0.0,20,2,0,0,0,0,1.13,menguras hampir seluruh saldo,0,0
CASH_OUT,CASH_OUT · nominal besar,13,150523,0,0.0,18,2,0,0,0,0,0.7,menguras hampir seluruh saldo,0,0
CASH_IN,CASH_IN · nominal sedang,10,86292,4418834,0.02,10,0,1,1,0,2,1.42,saldo tujuan sangat ekstrem,1,0
CASH_OUT,CASH_OUT · nominal besar,7,146644,10343,10.0,18,3,1,1,0,2,1.55,saldo tujuan sangat ekstrem,1,0
CASH_IN,CASH_IN · nominal sedang,6,78669,23115,3.403,21,0,1,0,0,1,2.49,menguras hampir seluruh saldo,0,0
TRANSFER,CASH_OUT · nominal besar,13,994148,0,0.0,11,2,1,0,0,1,1.85,nominal transaksi sangat ekstrem,0,0
CASH_OUT,PAYMENT · nominal kecil,21,224570,224570,1.0,17,4,1,0,0,1,2.91,saldo tujuan sangat ekstrem,0,1
CASH_OUT,PAYMENT · nominal kecil,17,290199,290199,1.0,9,4,0,0,0,0,2.7,saldo pengirim tidak konsisten secara logika,0,1
TRANSFER,CASH_OUT · nominal besar,15,3211916,136243,10.0,12,3,1,1,0,2,2.46,nominal transaksi sangat ekstrem,1,0
CASH_IN,CASH_IN · nominal sedang,12,202265,229717,0.88,19,0,1,0,0,1,1.0,saldo tujuan tidak konsisten secara logika,0,0
TRANSFER,PAYMENT · nominal kecil,1,503406,503406,1.0,10,4,1,0,1,2,3.67,saldo tujuan tidak konsisten secara logika,1,1
TRANSFER,CASH_OUT · nominal besar,2,193964,0,0.0,10,2,0,0,0,0,1.66,menguras hampir seluruh saldo,0,0
CASH_IN,CASH_OUT · nominal besar,15,49464,4060683,0.012,10,3,1,1,0,2,4.07,saldo tujuan tidak konsisten secara logika,1,0
TRANSFER,CASH_OUT · nominal besar,13,129644,0,0.0,10,2,0,0,0,0,1.68,menguras hampir seluruh saldo,0,0
CASH_OUT,PAYMENT · nominal kecil,10,1112204,1112204,1.0,14,4,1,0,0,1,2.94,nominal transaksi sangat ekstrem,0,1
CASH_OUT,CASH_OUT · nominal besar,11,213853,8319,10.0,20,3,1,0,0,1,1.92,menguras hampir seluruh saldo,0,0
CASH_IN,CASH_IN · nominal sedang,11,56473,2289795,0.025,12,0,1,0,0,1,0.9,menguras hampir seluruh saldo,0,0
CASH_OUT,CASH_OUT · nominal besar,19,3965183,3965183,1.0,15,3,1,1,0,2,3.73,nominal transaksi sangat ekstrem,1,1
PAYMENT,PAYMENT · nominal kecil,13,7747,10614,0.73,16,4,0,0,0,0,0.61,menguras hampir seluruh saldo,0,0
CASH_IN,CASH_IN · nominal sedang,4,341238,4734057,0.072,21,0,1,0,0,1,1.54,saldo tujuan tidak konsisten secara logika,0,0
PAYMENT,PAYMENT · nominal kecil,9,38439,0,0.0,22,1,0,0,0,0,1.84,menguras hampir seluruh saldo,0,0
CASH_IN,CASH_IN · nominal sedang,13,148313,18089358,0.008,13,0,1,1,0,2,0.8,saldo awal pengirim sangat ekstrem,1,0
CASH_OUT,CASH_OUT · nominal besar,29,1819406,1819406,1.0,8,3,1,0,0,1,3.99,nominal transaksi sangat ekstrem,0,1
CASH_IN,CASH_IN · nominal sedang,11,169966,18986194,0.009,12,0,1,1,0,2,1.0,saldo awal pengirim sangat ekstrem,1,0
CASH_IN,CASH_IN · nominal sedang,16,65983,12769262,0.005,14,0,1,1,0,2,0.68,saldo awal pengirim sangat ekstrem,1,0
TRANSFER,PAYMENT · nominal kecil,18,326395,326395,1.0,22,4,1,0,1,2,3.56,saldo tujuan tidak konsisten secara logika,1,1
TRANSFER,CASH_OUT · nominal besar,13,10000000,44270,10.0,17,3,1,1,1,3,3.43,nominal transaksi sangat ekstrem,1,0
PAYMENT,PAYMENT · nominal kecil,2,21211,72966,0.291,23,4,0,0,0,0,1.84,menguras hampir seluruh saldo,0,0
CASH_OUT,CASH_OUT · nominal besar,2,11096,0,0.0,16,2,1,1,0,2,2.64,saldo tujuan sangat ekstrem,1,0
CASH_IN,CASH_IN · nominal sedang,2,357396,16641709,0.021,13,0,1,1,0,2,1.13,saldo awal pengirim sangat ekstrem,1,0
TRANSFER,CASH_OUT · nominal besar,9,582186,16444,10.0,14,3,1,0,0,1,1.51,menguras hampir seluruh saldo,0,0
CASH_IN,CASH_IN · nominal sedang,1,339890,1013045,0.336,14,0,1,0,0,1,0.84,saldo tujuan tidak konsisten secara logika,0,0
PAYMENT,PAYMENT · nominal kecil,1,2752,0,0.0,14,1,0,0,0,0,0.83,menguras hampir seluruh saldo,0,0
TRANSFER,PAYMENT · nominal kecil,23,99657,99657,1.0,18,4,1,0,0,1,2.78,saldo pengirim tidak konsisten secara logika,0,1
CASH_OUT,PAYMENT · nominal kecil,27,44482,44482,1.0,19,4,0,0,0,0,1.66,saldo pengirim tidak konsisten secara logika,0,1
TRANSFER,PAYMENT · nominal kecil,2,152042,152042,1.0,15,4,1,0,1,2,2.9,saldo pengirim tidak konsisten secara logika,1,1
CASH_IN,CASH_IN · nominal sedang,17,272084,9272377,0.029,23,0,1,1,0,2,2.0,saldo tujuan sangat ekstrem,1,0
CASH_IN,CASH_OUT · nominal besar,17,330426,901,10.0,11,3,1,1,0,2,2.9,saldo tujuan sangat ekstrem,1,0
CASH_IN,CASH_IN · nominal sedang,13,331974,12935478,0.026,19,0,1,1,0,2,1.26,saldo awal pengirim sangat ekstrem,1,0
TRANSFER,CASH_OUT · nominal besar,14,3812857,0,0.0,15,2,1,1,0,2,2.2,nominal transaksi sangat ekstrem,1,0
CASH_IN,CASH_IN · nominal sedang,11,40071,11644449,0.003,13,0,1,1,0,2,0.94,saldo awal pengirim sangat ekstrem,1,0
CASH_OUT,CASH_OUT · nominal besar,17,62864,13939,4.51,15,3,1,1,0,2,1.67,saldo tujuan sangat ekstrem,1,0
CASH_OUT,PAYMENT · nominal kecil,18,950791,950791,1.0,2,4,1,0,0,1,4.22,nominal transaksi sangat ekstrem,0,1
PAYMENT,PAYMENT · nominal kecil,1,1994,0,0.0,9,1,0,0,0,0,1.73,menguras hampir seluruh saldo,0,0
CASH_IN,CASH_IN · nominal sedang,17,83231,5025007,0.017,15,0,1,0,0,1,0.4,saldo awal pengirim sangat ekstrem,0,0
TRANSFER,CASH_IN · nominal sedang,5,2708906,2708906,1.0,10,0,1,1,1,3,4.05,saldo tujuan tidak konsisten secara logika,1,1
CASH_IN,CASH_IN · nominal sedang,7,153258,11858039,0.013,21,0,1,1,0,2,1.43,saldo awal pengirim sangat ekstrem,1,0
CASH_IN,CASH_IN · nominal sedang,7,66681,30279144,0.002,15,0,1,1,0,2,0.72,saldo awal pengirim sangat ekstrem,1,0
CASH_OUT,CASH_OUT · nominal besar,8,129540,0,0.0,10,2,0,0,0,0,1.29,menguras hampir seluruh saldo,0,0
PAYMENT,PAYMENT · nominal kecil,13,35394,0,0.0,12,1,0,0,0,0,1.21,menguras hampir seluruh saldo,0,0
TRANSFER,PAYMENT · nominal kecil,31,444899,444899,1.0,15,4,1,0,1,2,3.38,saldo tujuan tidak konsisten secara logika,1,1
TRANSFER,CASH_OUT · nominal besar,1,1177331,59794,10.0,10,3,1,1,1,3,3.7,saldo tujuan tidak konsisten secara logika,1,0
CASH_IN,CASH_IN · nominal sedang,1,257976,15276517,0.017,20,0,1,1,0,2,1.35,saldo awal pengirim sangat ekstrem,1,0
TRANSFER,PAYMENT · nominal kecil,20,145482,145482,1.0,1,4,1,0,1,2,4.43,saldo pengirim tidak konsisten secara logika,1,1
CASH_IN,CASH_IN · nominal sedang,10,52862,10803390,0.005,11,0,1,1,0,2,1.18,saldo awal pengirim sangat ekstrem,1,0
CASH_IN,CASH_IN · nominal sedang,9,84079,10699190,0.008,9,0,1,1,0,2,1.56,saldo awal pengirim sangat ekstrem,1,0
CASH_IN,CASH_IN · nominal sedang,13,138035,99533,1.387,20,0,1,1,0,2,1.32,saldo tujuan sangat ekstrem,1,0
PAYMENT,PAYMENT · nominal kecil,9,3628,140155,0.026,9,4,0,0,0,0,1.68,menguras hampir seluruh saldo,0,0
PAYMENT,PAYMENT · nominal kecil,11,29442,37557,0.784,11,4,0,0,0,0,1.31,menguras hampir seluruh saldo,0,0
PAYMENT,PAYMENT · nominal kecil,6,23431,0,0.0,14,1,0,0,0,0,0.79,menguras hampir seluruh saldo,0,0
TRANSFER,PAYMENT · nominal kecil,1,295664,295664,1.0,18,4,1,0,1,2,3.24,saldo tujuan tidak konsisten secara logika,1,1
CASH_OUT,CASH_OUT · nominal besar,2,165644,0,0.0,9,2,1,0,0,1,1.53,saldo tujuan sangat ekstrem,0,0
CASH_OUT,PAYMENT · nominal kecil,12,601495,601495,1.0,9,4,1,0,0,1,3.01,nominal transaksi sangat ekstrem,0,1
CASH_OUT,CASH_OUT · nominal besar,17,127993,0,0.0,17,2,1,1,0,2,0.67,saldo tujuan sangat ekstrem,1,0
CASH_IN,CASH_IN · nominal sedang,14,50317,10211739,0.005,19,0,1,1,0,2,1.08,saldo awal pengirim sangat ekstrem,1,0
CASH_OUT,CASH_OUT · nominal besar,13,506767,51234,9.891,18,3,1,1,0,2,1.77,saldo tujuan sangat ekstrem,1,0
CASH_OUT,CASH_OUT · nominal besar,1,174322,0,0.0,18,2,1,0,0,1,2.14,menguras hampir seluruh saldo,0,0
TRANSFER,CASH_IN · nominal sedang,31,6322400,6322400,1.0,8,0,1,1,1,3,4.45,saldo tujuan tidak konsisten secara logika,1,1
CASH_OUT,PAYMENT · nominal kecil,16,530355,530355,1.0,13,4,1,0,0,1,3.22,saldo tujuan sangat ekstrem,0,1
TRANSFER,PAYMENT · nominal kecil,15,127018,127018,1.0,6,4,1,0,1,2,3.58,saldo pengirim tidak konsisten secara logika,1,1
PAYMENT,PAYMENT · nominal kecil,16,20953,14462,1.449,20,1,0,0,0,0,2.01,saldo tujuan sangat ekstrem,0,0
TRANSFER,PAYMENT · nominal kecil,3,322114,322114,1.0,23,4,1,0,1,2,3.66,saldo tujuan tidak konsisten secara logika,1,1
CASH_OUT,PAYMENT · nominal kecil,13,1085638,1085638,1.0,22,4,1,0,0,1,3.26,nominal transaksi sangat ekstrem,0,1
CASH_IN,CASH_IN · nominal sedang,13,43400,27406974,0.002,22,0,1,1,0,2,1.76,saldo awal pengirim sangat ekstrem,1,0
TRANSFER,CASH_OUT · nominal besar,16,364169,14636,10.0,20,3,1,0,0,1,2.19,menguras hampir seluruh saldo,0,0
PAYMENT,PAYMENT · nominal kecil,9,13618,0,0.0,16,1,0,0,0,0,0.53,menguras hampir seluruh saldo,0,0
PAYMENT,PAYMENT · nominal kecil,12,8245,114034,0.072,19,4,0,0,0,0,0.93,menguras hampir seluruh saldo,0,0
CASH_OUT,CASH_OUT · nominal besar,15,28315,10771,2.629,14,3,0,0,0,0,2.25,saldo tujuan sangat ekstrem,0,0
CASH_OUT,CASH_OUT · nominal besar,3,3760068,3760068,1.0,17,3,1,1,0,2,3.76,nominal transaksi sangat ekstrem,1,1
CASH_OUT,CASH_OUT · nominal besar,1,224464,0,0.0,18,2,1,1,0,2,0.83,saldo tujuan sangat ekstrem,1,0
CASH_IN,CASH_IN · nominal sedang,15,69740,1124943,0.062,20,0,1,1,0,2,1.34,saldo tujuan sangat ekstrem,1,0
CASH_IN,CASH_IN · nominal sedang,16,193535,20532216,0.009,13,0,1,1,0,2,0.99,saldo awal pengirim sangat ekstrem,1,0
CASH_OUT,CASH_OUT · nominal besar,10,122639,0,0.0,11,2,0,0,0,0,1.07,menguras hampir seluruh saldo,0,0
CASH_OUT,PAYMENT · nominal kecil,16,916644,916644,1.0,5,4,1,0,0,1,3.79,nominal transaksi sangat ekstrem,0,1
CASH_OUT,CASH_OUT · nominal besar,13,85875,51719,1.66,14,3,0,0,0,0,1.86,saldo tujuan sangat ekstrem,0,0
PAYMENT,PAYMENT · nominal kecil,15,16983,10932,1.554,22,1,0,0,0,0,2.25,saldo tujuan sangat ekstrem,0,0
CASH_OUT,CASH_OUT · nominal besar,5,4589442,4589442,1.0,3,3,1,1,0,2,4.72,nominal transaksi sangat ekstrem,1,1
TRANSFER,PAYMENT · nominal kecil,24,102371,102371,1.0,11,4,1,0,1,2,2.93,saldo pengirim tidak konsisten secara logika,1,1
PAYMENT,PAYMENT · nominal kecil,12,1501,51753,0.029,16,4,0,0,0,0,1.13,menguras hampir seluruh saldo,0,0
TRANSFER,PAYMENT · nominal kecil,17,172363,172363,1.0,7,4,1,0,1,2,3.55,saldo pengirim tidak konsisten secara logika,1,1
CASH_OUT,CASH_OUT · nominal besar,16,27342,0,0.0,20,2,1,1,0,2,1.59,saldo tujuan sangat ekstrem,1,0
TRANSFER,PAYMENT · nominal kecil,13,21820,21820,1.0,6,4,1,0,1,2,3.15,saldo pengirim tidak konsisten secara logika,1,1
CASH_IN,CASH_IN · nominal sedang,15,52881,25573360,0.002,18,0,1,1,0,2,0.97,saldo awal pengirim sangat ekstrem,1,0
CASH_OUT,CASH_OUT · nominal besar,18,5475018,5475018,1.0,16,3,1,1,0,2,3.84,nominal transaksi sangat ekstrem,1,1
TRANSFER,CASH_IN · nominal sedang,1,1277213,1277213,1.0,1,0,1,0,1,2,4.94,saldo tujuan tidak konsisten secara logika,1,1
TRANSFER,PAYMENT · nominal kecil,11,168622,168622,1.0,13,4,1,0,1,2,3.0,saldo pengirim tidak konsisten secara logika,1,1
CASH_IN,CASH_IN · nominal sedang,4,92017,10568023,0.009,22,0,1,1,0,2,1.62,saldo awal pengirim sangat ekstrem,1,0
TRANSFER,CASH_OUT · nominal besar,14,4382029,171905,10.0,12,3,1,1,1,3,3.54,nominal transaksi sangat ekstrem,1,0
CASH_IN,CASH_IN · nominal sedang,12,79760,31458,2.535,19,0,1,0,0,1,1.18,saldo awal pengirim sangat ekstrem,0,0
CASH_IN,CASH_OUT · nominal besar,14,125667,339,10.0,15,3,1,0,0,1,2.61,menguras hampir seluruh saldo,0,0
CASH_IN,CASH_IN · nominal sedang,16,168636,3241206,0.052,10,0,1,0,0,1,1.3,saldo awal pengirim sangat ekstrem,0,0
CASH_OUT,CASH_OUT · nominal besar,16,170122,0,0.0,11,2,1,0,0,1,1.1,saldo tujuan sangat ekstrem,0,0
CASH_OUT,CASH_OUT · nominal besar,1,232365,0,0.0,21,2,0,0,0,0,1.39,menguras hampir seluruh saldo,0,0
TRANSFER,CASH_IN · nominal sedang,2,3569720,3569720,1.0,18,0,1,1,1,3,3.99,saldo tujuan tidak konsisten secara logika,1,1
CASH_OUT,CASH_OUT · nominal besar,6,111287,5321,10.0,20,3,1,0,0,1,1.61,menguras hampir seluruh saldo,0,0
TRANSFER,CASH_OUT · nominal besar,7,46529,0,0.0,16,2,0,0,0,0,1.34,menguras hampir seluruh saldo,0,0
CASH_OUT,PAYMENT · nominal kecil,1,21922,21922,1.0,9,4,1,0,0,1,3.31,saldo tujuan tidak konsisten secara logika,0,1
CASH_OUT,CASH_OUT · nominal besar,8,234006,0,0.0,20,2,1,0,0,1,1.18,saldo tujuan sangat ekstrem,0,0
CASH_OUT,CASH_OUT · nominal besar,7,1994285,1994285,1.0,6,3,1,1,0,2,4.11,nominal transaksi sangat ekstrem,1,1
CASH_OUT,CASH_OUT · nominal besar,8,258876,8993,10.0,21,3,1,0,0,1,1.84,menguras hampir seluruh saldo,0,0
CASH_IN,CASH_IN · nominal sedang,20,149461,9856194,0.015,13,0,1,1,0,2,0.84,saldo awal pengirim sangat ekstrem,1,0
TRANSFER,PAYMENT · nominal kecil,20,336918,336918,1.0,8,4,1,0,1,2,3.69,saldo tujuan tidak konsisten secara logika,1,1
CASH_OUT,CASH_OUT · nominal besar,10,257495,52834,4.874,12,3,1,0,0,1,1.6,saldo tujuan sangat ekstrem,0,0
CASH_IN,CASH_IN · nominal sedang,15,414168,21052056,0.02,20,0,1,1,0,2,1.5,saldo awal pengirim sangat ekstrem,1,0
CASH_OUT,PAYMENT · nominal kecil,9,81244,81244,1.0,12,4,0,0,0,0,2.24,saldo pengirim tidak konsisten secara logika,0,1
CASH_IN,CASH_OUT · nominal besar,1,238251,200995,1.185,9,3,1,1,0,2,3.96,saldo tujuan tidak konsisten secara logika,1,0
CASH_IN,CASH_IN · nominal sedang,7,49071,4930210,0.01,18,0,1,1,0,2,1.1,saldo tujuan sangat ekstrem,1,0
TRANSFER,CASH_OUT · nominal besar,16,1892227,39850,10.0,10,3,1,0,0,1,2.29,nominal transaksi sangat ekstrem,0,0
PAYMENT,PAYMENT · nominal kecil,17,13082,0,0.0,16,1,0,0,0,0,0.52,menguras hampir seluruh saldo,0,0
CASH_IN,CASH_IN · nominal sedang,2,205292,24139890,0.009,10,0,1,1,0,2,1.42,saldo awal pengirim sangat ekstrem,1,0
PAYMENT,PAYMENT · nominal kecil,16,1950,0,0.0,17,1,0,0,0,0,1.03,menguras hampir seluruh saldo,0,0
CASH_OUT,CASH_OUT · nominal besar,15,228221,59851,3.813,9,3,1,1,0,2,2.23,saldo tujuan sangat ekstrem,1,0
CASH_IN,CASH_IN · nominal sedang,2,181685,10411129,0.017,14,0,1,1,0,2,0.64,saldo awal pengirim sangat ekstrem,1,0
CASH_IN,CASH_IN · nominal sedang,2,108878,52769,2.063,17,0,1,0,0,1,0.75,saldo tujuan tidak konsisten secara logika,0,0
CASH_IN,CASH_IN · nominal sedang,17,368887,11515689,0.032,19,0,1,1,0,2,1.25,saldo awal pengirim sangat ekstrem,1,0
PAYMENT,PAYMENT · nominal kecil,12,2649,61020,0.043,16,4,0,0,0,0,0.86,menguras hampir seluruh saldo,0,0
CASH_IN,CASH_IN · nominal sedang,2,14955,902698,0.017,14,0,1,0,0,1,1.32,menguras hampir seluruh saldo,0,0
CASH_OUT,CASH_OUT · nominal besar,17,2371325,2371325,1.0,19,3,1,1,0,2,3.77,nominal transaksi sangat ekstrem,1,1
CASH_IN,CASH_IN · nominal sedang,11,79250,9619523,0.008,19,0,1,1,0,2,0.98,saldo awal pengirim sangat ekstrem,1,0
CASH_IN,CASH_IN · nominal sedang,15,116082,19751494,0.006,19,0,1,1,0,2,1.02,saldo awal pengirim sangat ekstrem,1,0
TRANSFER,CASH_OUT · nominal besar,13,10000000,0,0.0,16,2,1,1,1,3,3.75,nominal transaksi sangat ekstrem,1,0
CASH_OUT,CASH_OUT · nominal besar,12,292774,20688,10.0,17,3,1,0,0,1,1.35,menguras hampir seluruh saldo,0,0
CASH_IN,CASH_OUT · nominal besar,17,105465,11408,9.245,12,3,1,0,0,1,2.24,menguras hampir seluruh saldo,0,0
PAYMENT,PAYMENT · nominal kecil,15,43365,0,0.0,22,1,0,0,0,0,1.88,menguras hampir seluruh saldo,0,0
TRANSFER,PAYMENT · nominal kecil,2,22217,40431,0.55,15,4,1,0,1,2,2.24,menguras hampir seluruh saldo,1,0
TRANSFER,CASH_OUT · nominal besar,13,3119186,106379,10.0,12,3,1,1,0,2,2.51,nominal transaksi sangat ekstrem,1,0
CASH_OUT,CASH_OUT · nominal besar,11,131655,0,0.0,15,2,0,0,0,0,0.39,menguras hampir seluruh saldo,0,0
CASH_IN,CASH_IN · nominal sedang,22,26515,9017852,0.003,21,0,1,0,0,1,1.67,saldo awal pengirim sangat ekstrem,0,0
CASH_OUT,CASH_OUT · nominal besar,23,3439121,3439121,1.0,5,3,1,1,0,2,4.35,nominal transaksi sangat ekstrem,1,1
PAYMENT,PAYMENT · nominal kecil,15,25364,415979,0.061,17,4,0,0,0,0,0.84,menguras hampir seluruh saldo,0,0
CASH_IN,CASH_IN · nominal sedang,15,4005,20096,0.199,18,0,1,0,0,1,2.23,menguras hampir seluruh saldo,0,0
CASH_IN,CASH_IN · nominal sedang,17,13509,18734,0.721,11,0,1,0,0,1,2.58,menguras hampir seluruh saldo,0,0
TRANSFER,CASH_OUT · nominal besar,1,603696,0,0.0,11,2,1,0,0,1,2.83,saldo tujuan tidak konsisten secara logika,0,0
CASH_IN,CASH_IN · nominal sedang,11,576189,10521762,0.055,11,0,1,1,0,2,1.51,saldo awal pengirim sangat ekstrem,1,0
TRANSFER,CASH_OUT · nominal besar,6,139087,0,0.0,16,2,0,0,0,0,1.12,menguras hampir seluruh saldo,0,0
TRANSFER,CASH_OUT · nominal besar,13,6686026,0,0.0,10,2,1,1,0,2,2.78,nominal transaksi sangat ekstrem,1,0
PAYMENT,PAYMENT · nominal kecil,14,10792,31610,0.341,19,4,0,0,0,0,0.93,menguras hampir seluruh saldo,0,0
PAYMENT,PAYMENT · nominal kecil,11,11614,24957,0.465,17,4,0,0,0,0,0.61,menguras hampir seluruh saldo,0,0
CASH_OUT,CASH_OUT · nominal besar,6,284687,13978,10.0,14,3,1,1,0,2,1.46,saldo tujuan sangat ekstrem,1,0
CASH_OUT,CASH_OUT · nominal besar,22,64722,0,0.0,18,2,0,0,0,0,0.86,menguras hampir seluruh saldo,0,0
CASH_IN,CASH_IN · nominal sedang,13,17832,11828202,0.002,16,0,1,1,0,2,1.21,saldo awal pengirim sangat ekstrem,1,0
TRANSFER,CASH_OUT · nominal besar,1,2407438,229358,10.0,8,3,1,1,1,3,3.89,nominal transaksi sangat ekstrem,1,0
CASH_IN,CASH_IN · nominal sedang,8,69404,15593038,0.004,12,0,1,1,0,2,1.09,saldo awal pengirim sangat ekstrem,1,0
CASH_IN,CASH_IN · nominal sedang,10,143899,19080656,0.008,12,0,1,1,0,2,1.1,saldo awal pengirim sangat ekstrem,1,0
CASH_IN,CASH_IN · nominal sedang,16,213581,18188500,0.012,21,0,1,1,0,2,1.51,saldo awal pengirim sangat ekstrem,1,0
CASH_OUT,CASH_OUT · nominal besar,23,83450,0,0.0,10,2,1,1,0,2,1.38,saldo tujuan sangat ekstrem,1,0
PAYMENT,PAYMENT · nominal kecil,8,9676,5,10.0,17,1,1,0,0,1,2.73,menguras hampir seluruh saldo,0,0
CASH_IN,CASH_IN · nominal sedang,14,49681,1364416,0.036,18,0,1,0,0,1,0.95,saldo tujuan sangat ekstrem,0,0
PAYMENT,PAYMENT · nominal kecil,6,275,0,0.0,13,1,0,0,0,0,2.11,menguras hampir seluruh saldo,0,0
CASH_IN,CASH_IN · nominal sedang,13,166403,16018421,0.01,12,0,1,1,0,2,0.99,saldo awal pengirim sangat ekstrem,1,0
TRANSFER,CASH_OUT · nominal besar,10,3532787,0,0.0,23,2,1,1,0,2,2.81,nominal transaksi sangat ekstrem,1,0
CASH_OUT,PAYMENT · nominal kecil,15,251200,251200,1.0,21,4,0,0,0,0,2.51,saldo pengirim tidak konsisten secara logika,0,1
TRANSFER,PAYMENT · nominal kecil,17,126193,126193,1.0,22,4,1,0,1,2,3.19,saldo pengirim tidak konsisten secara logika,1,1
CASH_IN,CASH_IN · nominal sedang,7,46211,11804090,0.004,19,0,1,1,0,2,1.11,saldo awal pengirim sangat ekstrem,1,0
CASH_OUT,CASH_OUT · nominal besar,1,253587,27078,9.365,10,3,1,0,0,1,1.92,menguras hampir seluruh saldo,0,0
CASH_OUT,CASH_OUT · nominal besar,10,51405,1202,10.0,18,3,1,1,0,2,1.74,saldo tujuan sangat ekstrem,1,0
CASH_IN,PAYMENT · nominal kecil,7,18898,14535951,0.001,12,4,1,1,0,2,4.2,saldo awal pengirim sangat ekstrem,1,0
CASH_OUT,CASH_OUT · nominal besar,6,172379,3355,10.0,11,3,1,1,0,2,1.71,saldo tujuan sangat ekstrem,1,0
CASH_OUT,PAYMENT · nominal kecil,26,51590,51590,1.0,13,4,0,0,0,0,1.62,saldo pengirim tidak konsisten secara logika,0,1
CASH_OUT,CASH_OUT · nominal besar,10,120675,0,0.0,11,2,0,0,0,0,1.06,menguras hampir seluruh saldo,0,0
PAYMENT,PAYMENT · nominal kecil,7,20118,0,0.0,12,1,0,0,0,0,1.01,menguras hampir seluruh saldo,0,0
CASH_IN,CASH_IN · nominal sedang,6,36871,24951332,0.001,23,0,1,1,0,2,2.0,saldo awal pengirim sangat ekstrem,1,0
TRANSFER,CASH_IN · nominal sedang,8,2177218,2177218,1.0,5,0,1,1,1,3,4.48,saldo tujuan tidak konsisten secara logika,1,1
TRANSFER,PAYMENT · nominal kecil,28,130777,130777,1.0,3,4,1,0,1,2,4.06,saldo pengirim tidak konsisten secara logika,1,1
TRANSFER,CASH_OUT · nominal besar,16,10000000,106893,10.0,16,3,1,1,1,3,3.89,nominal transaksi sangat ekstrem,1,0
CASH_OUT,CASH_OUT · nominal besar,10,5558,0,0.0,21,2,0,0,0,0,2.38,menguras hampir seluruh saldo,0,0
PAYMENT,PAYMENT · nominal kecil,10,37514,335433,0.112,10,4,0,0,0,0,1.58,menguras hampir seluruh saldo,0,0
CASH_IN,CASH_IN · nominal sedang,11,131643,3902596,0.034,17,0,1,0,0,1,0.56,saldo awal pengirim sangat ekstrem,0,0
CASH_IN,CASH_IN · nominal sedang,15,143097,23195888,0.006,14,0,1,1,0,2,0.73,saldo awal pengirim sangat ekstrem,1,0
CASH_IN,CASH_IN · nominal sedang,8,187877,32789536,0.006,20,0,1,1,0,2,1.3,saldo awal pengirim sangat ekstrem,1,0
PAYMENT,PAYMENT · nominal kecil,14,17270,0,0.0,22,1,0,0,0,0,1.67,menguras hampir seluruh saldo,0,0
CASH_OUT,CASH_OUT · nominal besar,15,384947,60892,6.322,11,3,0,0,0,0,1.58,menguras hampir seluruh saldo,0,0
CASH_OUT,PAYMENT · nominal kecil,26,1743864,1743864,1.0,18,4,1,0,0,1,3.49,nominal transaksi sangat ekstrem,0,1
TRANSFER,PAYMENT · nominal kecil,16,115125,115125,1.0,14,4,1,0,1,2,2.81,saldo pengirim tidak konsisten secara logika,1,1
CASH_IN,CASH_IN · nominal sedang,1,173047,24528406,0.007,9,0,1,1,0,2,1.64,saldo awal pengirim sangat ekstrem,1,0
PAYMENT,PAYMENT · nominal kecil,7,1543,114307,0.013,17,4,0,0,0,0,1.16,menguras hampir seluruh saldo,0,0
CASH_OUT,CASH_OUT · nominal besar,23,3058,0,0.0,22,2,1,1,0,2,2.82,saldo tujuan sangat ekstrem,1,0
CASH_OUT,CASH_OUT · nominal besar,14,262349,0,0.0,16,2,1,1,0,2,0.59,saldo tujuan sangat ekstrem,1,0
CASH_OUT,CASH_OUT · nominal besar,2,170627,2085,10.0,9,3,1,0,0,1,2.48,menguras hampir seluruh saldo,0,0
CASH_OUT,CASH_OUT · nominal besar,6,1848200,1848200,1.0,7,3,1,0,0,1,4.04,nominal transaksi sangat ekstrem,0,1
CASH_IN,CASH_OUT · nominal besar,11,31446,71,10.0,12,3,1,0,1,2,3.11,menguras hampir seluruh saldo,1,0
PAYMENT,PAYMENT · nominal kecil,9,4317,53110,0.081,2,4,0,0,0,0,3.2,menguras hampir seluruh saldo,0,0
CASH_IN,CASH_IN · nominal sedang,17,132692,10296403,0.013,10,0,1,1,0,2,1.34,saldo awal pengirim sangat ekstrem,1,0
PAYMENT,PAYMENT · nominal kecil,2,13491,64958,0.208,18,4,0,0,0,0,0.75,menguras hampir seluruh saldo,0,0
CASH_IN,CASH_IN · nominal sedang,16,73538,41854,1.757,19,0,1,0,0,1,1.11,saldo awal pengirim sangat ekstrem,0,0
CASH_OUT,CASH_OUT · nominal besar,14,104173,14809,7.034,14,3,0,0,0,0,0.94,menguras hampir seluruh saldo,0,0
CASH_OUT,CASH_OUT · nominal besar,16,148694,35113,4.235,19,3,0,0,0,0,1.69,saldo tujuan sangat ekstrem,0,0
CASH_IN,CASH_IN · nominal sedang,19,92980,19957,4.659,17,0,1,0,0,1,1.34,menguras hampir seluruh saldo,0,0
CASH_IN,CASH_IN · nominal sedang,14,405953,6826142,0.059,17,0,1,0,0,1,0.99,saldo awal pengirim sangat ekstrem,0,0
PAYMENT,PAYMENT · nominal kecil,14,24882,250148,0.099,18,4,0,0,0,0,0.92,menguras hampir seluruh saldo,0,0
CASH_OUT,PAYMENT · nominal kecil,11,259186,259186,1.0,21,4,0,0,0,0,2.74,saldo pengirim tidak konsisten secara logika,0,1
CASH_IN,CASH_IN · nominal sedang,17,105354,21439770,0.005,18,0,1,1,0,2,0.85,saldo awal pengirim sangat ekstrem,1,0
TRANSFER,PAYMENT · nominal kecil,2,506868,506868,1.0,18,4,1,0,1,2,3.49,saldo tujuan tidak konsisten secara logika,1,1
CASH_IN,CASH_IN · nominal sedang,11,134749,5089641,0.026,17,0,1,0,0,1,0.55,saldo awal pengirim sangat ekstrem,0,0
CASH_OUT,CASH_OUT · nominal besar,1,15195,9307,1.633,16,2,1,0,0,1,3.37,saldo tujuan tidak konsisten secara logika,0,0
CASH_OUT,CASH_OUT · nominal besar,17,237489,30208,7.862,16,3,0,0,0,0,0.84,menguras hampir seluruh saldo,0,0
CASH_OUT,CASH_OUT · nominal besar,6,127815,13333,9.586,13,3,1,0,0,1,1.26,menguras hampir seluruh saldo,0,0
CASH_OUT,PAYMENT · nominal kecil,6,250658,353237,0.71,14,4,0,0,0,0,2.69,menguras hampir seluruh saldo,0,0
TRANSFER,PAYMENT · nominal kecil,6,130988,130988,1.0,1,4,1,0,1,2,4.4,saldo pengirim tidak konsisten secara logika,1,1
TRANSFER,CASH_IN · nominal sedang,12,752640,752640,1.0,21,0,1,0,1,2,3.8,saldo tujuan tidak konsisten secara logika,1,1
CASH_IN,CASH_IN · nominal sedang,13,465364,14480758,0.032,9,0,1,1,0,2,1.8,saldo awal pengirim sangat ekstrem,1,0
CASH_OUT,CASH_OUT · nominal besar,10,141494,0,0.0,13,2,0,0,0,0,0.63,menguras hampir seluruh saldo,0,0
CASH_OUT,CASH_OUT · nominal besar,6,152340,10022,10.0,12,3,1,0,0,1,1.29,menguras hampir seluruh saldo,0,0
PAYMENT,PAYMENT · nominal kecil,4,5613,31928,0.176,22,4,0,0,0,0,1.6,menguras hampir seluruh saldo,0,0
CASH_OUT,CASH_OUT · nominal besar,3,3243093,3243093,1.0,0,3,1,1,1,3,5.11,nominal transaksi sangat ekstrem,1,1
TRANSFER,CASH_OUT · nominal besar,16,1749467,0,0.0,14,2,1,1,0,2,1.9,saldo tujuan sangat ekstrem,1,0
CASH_OUT,PAYMENT · nominal kecil,7,151,151,1.0,18,4,0,0,0,0,3.24,saldo pengirim tidak konsisten secara logika,0,1
TRANSFER,CASH_IN · nominal sedang,30,1820865,1820865,1.0,8,0,1,1,1,3,4.12,saldo tujuan tidak konsisten secara logika,1,1
PAYMENT,PAYMENT · nominal kecil,10,33091,0,0.0,15,1,0,0,0,0,0.91,menguras hampir seluruh saldo,0,0
CASH_IN,CASH_IN · nominal sedang,8,235945,20953838,0.011,15,0,1,1,0,2,0.75,saldo awal pengirim sangat ekstrem,1,0
CASH_IN,CASH_IN · nominal sedang,17,63916,7632082,0.008,15,0,1,0,0,1,0.54,saldo awal pengirim sangat ekstrem,0,0
PAYMENT,PAYMENT · nominal kecil,7,7367,128232,0.057,19,4,0,0,0,0,0.94,menguras hampir seluruh saldo,0,0
PAYMENT,PAYMENT · nominal kecil,15,4116,0,0.0,16,1,0,0,0,0,0.61,menguras hampir seluruh saldo,0,0
CASH_OUT,CASH_OUT · nominal besar,12,125664,0,0.0,12,2,0,0,0,0,0.84,menguras hampir seluruh saldo,0,0
CASH_IN,CASH_IN · nominal sedang,1,255048,1183681,0.215,11,0,1,0,0,1,1.17,saldo tujuan tidak konsisten secara logika,0,0
CASH_OUT,CASH_OUT · nominal besar,6,89748,0,0.0,10,2,0,0,0,0,1.32,menguras hampir seluruh saldo,0,0
CASH_IN,CASH_IN · nominal sedang,11,84273,10464342,0.008,10,0,1,1,0,2,1.33,saldo awal pengirim sangat ekstrem,1,0
TRANSFER,CASH_OUT · nominal besar,11,650616,106941,6.084,9,3,0,0,0,0,2.17,menguras hampir seluruh saldo,0,0
CASH_OUT,CASH_OUT · nominal besar,1,35091,0,0.0,16,2,1,0,0,1,2.27,saldo tujuan tidak konsisten secara logika,0,0
TRANSFER,CASH_OUT · nominal besar,15,2004600,0,0.0,19,2,1,1,0,2,2.08,nominal transaksi sangat ekstrem,1,0
PAYMENT,PAYMENT · nominal kecil,8,16783,0,0.0,12,1,0,0,0,0,0.96,menguras hampir seluruh saldo,0,0
CASH_IN,CASH_IN · nominal sedang,1,99296,50619,1.962,15,0,1,1,0,2,0.85,saldo tujuan sangat ekstrem,1,0
PAYMENT,PAYMENT · nominal kecil,7,9032,597069,0.015,11,4,1,0,0,1,1.21,menguras hampir seluruh saldo,0,0
PAYMENT,PAYMENT · nominal kecil,15,8888,0,0.0,15,1,0,0,0,0,0.42,menguras hampir seluruh saldo,0,0
PAYMENT,PAYMENT · nominal kecil,9,76299,698070,0.109,18,4,1,0,0,1,1.41,menguras hampir seluruh saldo,0,0
CASH_IN,CASH_IN · nominal sedang,2,154394,13546995,0.011,17,0,1,1,0,2,0.67,saldo awal pengirim sangat ekstrem,1,0
CASH_OUT,PAYMENT · nominal kecil,1,5141,20839,0.247,15,4,1,1,1,3,3.31,saldo tujuan sangat ekstrem,1,0
CASH_IN,CASH_IN · nominal sedang,10,56781,156292,0.363,18,0,1,0,0,1,2.03,menguras hampir seluruh saldo,0,0
CASH_OUT,CASH_OUT · nominal besar,2,27510,10029,2.743,18,2,1,1,0,2,3.07,saldo tujuan sangat ekstrem,1,0
PAYMENT,PAYMENT · nominal kecil,9,15514,52930,0.293,13,4,0,0,0,0,0.79,menguras hampir seluruh saldo,0,0
TRANSFER,CASH_IN · nominal sedang,22,2291499,2291499,1.0,3,0,1,1,1,3,4.76,saldo tujuan tidak konsisten secara logika,1,1
CASH_OUT,CASH_OUT · nominal besar,17,78294,0,0.0,12,2,0,0,0,0,0.93,menguras hampir seluruh saldo,0,0
TRANSFER,CASH_OUT · nominal besar,6,55865,0,0.0,11,2,0,0,0,0,1.61,menguras hampir seluruh saldo,0,0
TRANSFER,CASH_OUT · nominal besar,1,167033,0,0.0,14,2,0,0,0,0,1.15,menguras hampir seluruh saldo,0,0
CASH_IN,CASH_IN · nominal sedang,1,199253,45554,4.374,16,0,1,0,0,1,2.2,menguras hampir seluruh saldo,0,0
CASH_OUT,CASH_OUT · nominal besar,6,325338,0,0.0,14,2,0,0,0,0,0.63,menguras hampir seluruh saldo,0,0
TRANSFER,CASH_IN · nominal sedang,15,1552664,1552664,1.0,15,0,1,1,1,3,3.71,saldo tujuan tidak konsisten secara logika,1,1
TRANSFER,PAYMENT · nominal kecil,26,265681,265681,1.0,7,4,1,0,1,2,3.71,saldo tujuan tidak konsisten secara logika,1,1
CASH_IN,CASH_IN · nominal sedang,2,97187,86234,1.127,12,0,1,1,0,2,1.07,saldo tujuan sangat ekstrem,1,0
TRANSFER,CASH_IN · nominal sedang,30,635409,635409,1.0,4,0,1,0,1,2,4.4,saldo tujuan tidak konsisten secara logika,1,1
CASH_IN,CASH_IN · nominal sedang,12,11028,4526406,0.002,11,0,1,0,0,1,1.77,saldo awal pengirim sangat ekstrem,0,0
CASH_OUT,CASH_OUT · nominal besar,2,275709,20878,10.0,12,3,1,0,0,1,1.24,menguras hampir seluruh saldo,0,0
CASH_OUT,PAYMENT · nominal kecil,9,40054,226377,0.177,18,4,1,1,0,2,2.62,saldo tujuan sangat ekstrem,1,0
TRANSFER,CASH_OUT · nominal besar,14,2945745,0,0.0,9,2,1,1,0,2,2.53,nominal transaksi sangat ekstrem,1,0
CASH_OUT,PAYMENT · nominal kecil,10,4121986,4121986,1.0,20,4,1,1,0,2,3.76,nominal transaksi sangat ekstrem,1,1
PAYMENT,PAYMENT · nominal kecil,8,2445,365,6.698,11,1,0,0,0,0,2.34,menguras hampir seluruh saldo,0,0
CASH_IN,CASH_OUT · nominal besar,2,221542,209,10.0,9,3,1,0,0,1,2.89,menguras hampir seluruh saldo,0,0
CASH_IN,CASH_IN · nominal sedang,7,78248,25139256,0.003,21,0,1,1,0,2,1.51,saldo awal pengirim sangat ekstrem,1,0
TRANSFER,PAYMENT · nominal kecil,30,394606,394606,1.0,21,4,1,0,1,2,3.56,saldo tujuan tidak konsisten secara logika,1,1
CASH_OUT,PAYMENT · nominal kecil,1,238965,435997,0.548,12,4,1,0,0,1,2.61,menguras hampir seluruh saldo,0,0
CASH_IN,CASH_IN · nominal sedang,17,203908,57145,3.568,17,0,1,0,0,1,1.21,saldo tujuan sangat ekstrem,0,0
PAYMENT,PAYMENT · nominal kecil,2,1689,0,0.0,21,1,0,0,0,0,1.68,menguras hampir seluruh saldo,0,0
CASH_OUT,CASH_OUT · nominal besar,15,180628,0,0.0,19,2,0,0,0,0,0.93,menguras hampir seluruh saldo,0,0
CASH_OUT,CASH_OUT · nominal besar,30,117996,101941,1.157,14,3,0,0,0,0,2.1,saldo pengirim tidak konsisten secara logika,0,0
TRANSFER,PAYMENT · nominal kecil,7,322330,322330,1.0,2,4,1,0,1,2,4.5,saldo tujuan tidak konsisten secara logika,1,1
TRANSFER,PAYMENT · nominal kecil,7,160351,160351,1.0,17,4,1,0,1,2,2.94,saldo pengirim tidak konsisten secara logika,1,1
CASH_IN,CASH_IN · nominal sedang,13,53298,10601495,0.005,18,0,1,1,0,2,0.91,saldo awal pengirim sangat ekstrem,1,0
CASH_IN,CASH_OUT · nominal besar,16,94410,834,10.0,19,3,1,1,0,2,2.7,saldo tujuan sangat ekstrem,1,0
PAYMENT,PAYMENT · nominal kecil,9,732,7545,0.097,10,4,0,0,0,0,2.01,menguras hampir seluruh saldo,0,0
CASH_OUT,PAYMENT · nominal kecil,13,4273,5423,0.788,16,4,1,0,0,1,2.35,saldo tujuan sangat ekstrem,0,0
TRANSFER,CASH_OUT · nominal besar,1,1830439,0,0.0,18,2,1,0,1,2,2.86,nominal transaksi sangat ekstrem,1,0
TRANSFER,CASH_IN · nominal sedang,27,10000000,13120691,0.762,7,0,1,1,1,3,4.7,saldo tujuan tidak konsisten secara logika,1,1
CASH_OUT,PAYMENT · nominal kecil,3,2050728,2050728,1.0,11,4,1,1,0,2,3.4,nominal transaksi sangat ekstrem,1,1
CASH_OUT,CASH_OUT · nominal besar,10,61791,0,0.0,23,2,0,0,0,0,1.9,menguras hampir seluruh saldo,0,0
CASH_IN,CASH_OUT · nominal besar,15,338291,11759,10.0,19,3,1,0,0,1,2.55,menguras hampir seluruh saldo,0,0
CASH_OUT,CASH_OUT · nominal besar,16,199433,0,0.0,14,2,0,0,0,0,0.47,menguras hampir seluruh saldo,0,0
CASH_OUT,CASH_OUT · nominal besar,20,1968008,1968008,1.0,7,3,1,0,0,1,4.03,nominal transaksi sangat ekstrem,0,1
CASH_IN,CASH_OUT · nominal besar,15,264639,13401,10.0,15,3,1,0,0,1,2.65,menguras hampir seluruh saldo,0,0
TRANSFER,CASH_OUT · nominal besar,14,2034769,0,0.0,13,2,1,1,0,2,1.96,nominal transaksi sangat ekstrem,1,0
CASH_IN,CASH_IN · nominal sedang,13,73858,15478088,0.005,23,0,1,1,0,2,1.88,saldo awal pengirim sangat ekstrem,1,0
CASH_OUT,CASH_OUT · nominal besar,9,122948,0,0.0,18,2,0,0,0,0,0.71,menguras hampir seluruh saldo,0,0
CASH_OUT,CASH_OUT · nominal besar,9,151290,0,0.0,18,2,0,0,0,0,0.7,menguras hampir seluruh saldo,0,0
CASH_OUT,PAYMENT · nominal kecil,19,355970,355970,1.0,10,4,0,0,0,0,2.92,saldo pengirim tidak konsisten secara logika,0,1
TRANSFER,CASH_OUT · nominal besar,13,2262283,0,0.0,16,2,1,1,0,2,2.97,nominal transaksi sangat ekstrem,1,0
CASH_OUT,PAYMENT · nominal kecil,13,408725,408725,1.0,13,4,0,0,0,0,2.47,nominal transaksi sangat ekstrem,0,1
TRANSFER,CASH_IN · nominal sedang,9,704328,704328,1.0,20,0,1,0,1,2,3.72,saldo tujuan tidak konsisten secara logika,1,1
CASH_OUT,CASH_OUT · nominal besar,11,83334,54968,1.516,18,3,0,0,0,0,2.37,saldo tujuan sangat ekstrem,0,0
CASH_IN,CASH_IN · nominal sedang,15,12791,10377192,0.001,14,0,1,1,0,2,1.48,saldo awal pengirim sangat ekstrem,1,0
CASH_OUT,CASH_OUT · nominal besar,2,190982,0,0.0,18,2,0,0,0,0,0.72,menguras hampir seluruh saldo,0,0
CASH_OUT,CASH_IN · nominal sedang,1,125015,181542,0.689,10,0,1,0,0,1,3.13,menguras hampir seluruh saldo,0,0
CASH_OUT,PAYMENT · nominal kecil,15,180110,180110,1.0,10,4,0,0,0,0,2.39,saldo pengirim tidak konsisten secara logika,0,1
CASH_OUT,PAYMENT · nominal kecil,16,248124,248124,1.0,16,4,0,0,0,0,2.69,saldo pengirim tidak konsisten secara logika,0,1
TRANSFER,CASH_OUT · nominal besar,11,628650,0,0.0,13,2,1,1,0,2,1.52,saldo tujuan sangat ekstrem,1,0
CASH_OUT,CASH_OUT · nominal besar,2,81211,19924,4.076,9,3,0,0,0,0,2.07,saldo tujuan sangat ekstrem,0,0
TRANSFER,CASH_IN · nominal sedang,22,1200703,1200703,1.0,19,0,1,0,1,2,3.75,saldo tujuan tidak konsisten secara logika,1,1
CASH_IN,CASH_IN · nominal sedang,1,52969,26236008,0.002,15,0,1,1,0,2,0.75,saldo awal pengirim sangat ekstrem,1,0
PAYMENT,PAYMENT · nominal kecil,1,22237,245006,0.091,18,4,0,0,0,0,0.89,menguras hampir seluruh saldo,0,0
PAYMENT,PAYMENT · nominal kecil,11,51928,0,0.0,12,1,0,0,0,0,1.38,menguras hampir seluruh saldo,0,0
CASH_OUT,PAYMENT · nominal kecil,22,1530378,1530378,1.0,9,4,1,0,0,1,3.43,nominal transaksi sangat ekstrem,0,1
TRANSFER,CASH_OUT · nominal besar,6,863077,0,0.0,11,2,1,0,0,1,1.8,nominal transaksi sangat ekstrem,0,0
CASH_OUT,CASH_OUT · nominal besar,13,11803,0,0.0,23,2,0,0,0,0,2.35,menguras hampir seluruh saldo,0,0
PAYMENT,PAYMENT · nominal kecil,1,28987,1141295,0.025,10,4,1,0,0,1,1.57,menguras hampir seluruh saldo,0,0
CASH_OUT,PAYMENT · nominal kecil,8,76235,346262,0.22,12,4,0,0,0,0,2.35,menguras hampir seluruh saldo,0,0
CASH_OUT,PAYMENT · nominal kecil,11,297466,297466,1.0,23,4,0,0,0,0,2.95,saldo pengirim tidak konsisten secara logika,0,1
PAYMENT,PAYMENT · nominal kecil,11,10967,0,0.0,12,1,0,0,0,0,0.88,menguras hampir seluruh saldo,0,0
CASH_IN,CASH_OUT · nominal besar,10,16987,163,10.0,13,3,1,0,1,2,2.78,menguras hampir seluruh saldo,1,0
CASH_IN,CASH_IN · nominal sedang,14,90938,11276975,0.008,14,0,1,1,0,2,0.58,saldo awal pengirim sangat ekstrem,1,0
TRANSFER,CASH_OUT · nominal besar,17,2287750,4484,10.0,9,3,1,1,1,3,2.52,nominal transaksi sangat ekstrem,1,0
CASH_OUT,CASH_OUT · nominal besar,16,220698,0,0.0,11,2,0,0,0,0,1.07,menguras hampir seluruh saldo,0,0
CASH_OUT,CASH_OUT · nominal besar,15,9299230,9299230,1.0,18,3,1,1,0,2,4.18,nominal transaksi sangat ekstrem,1,1
CASH_OUT,CASH_OUT · nominal besar,9,342345,19951,10.0,17,3,1,0,0,1,1.06,menguras hampir seluruh saldo,0,0
CASH_IN,CASH_OUT · nominal besar,1,84899,1521,10.0,13,3,1,0,0,1,2.98,menguras hampir seluruh saldo,0,0
TRANSFER,CASH_OUT · nominal besar,13,285228,0,0.0,13,2,0,0,0,0,1.29,menguras hampir seluruh saldo,0,0
PAYMENT,PAYMENT · nominal kecil,13,61748,183531,0.336,14,4,0,0,0,0,1.19,menguras hampir seluruh saldo,0,0
PAYMENT,PAYMENT · nominal kecil,12,12357,40642,0.304,13,4,0,0,0,0,0.77,menguras hampir seluruh saldo,0,0
CASH_IN,CASH_IN · nominal sedang,6,58632,22258370,0.003,14,0,1,1,0,2,0.77,saldo awal pengirim sangat ekstrem,1,0
PAYMENT,PAYMENT · nominal kecil,9,16583,28827,0.575,13,4,0,0,0,0,0.82,menguras hampir seluruh saldo,0,0
PAYMENT,PAYMENT · nominal kecil,11,11245,14840,0.758,19,4,0,0,0,0,0.98,menguras hampir seluruh saldo,0,0
CASH_OUT,PAYMENT · nominal kecil,19,72901,72901,1.0,13,4,0,0,0,0,1.73,saldo pengirim tidak konsisten secara logika,0,1
TRANSFER,PAYMENT · nominal kecil,19,59841,59841,1.0,4,4,1,0,1,2,3.68,saldo pengirim tidak konsisten secara logika,1,1
PAYMENT,PAYMENT · nominal kecil,12,16057,0,0.0,15,1,0,0,0,0,0.57,menguras hampir seluruh saldo,0,0
TRANSFER,CASH_OUT · nominal besar,14,3110286,520,10.0,14,3,1,1,0,2,2.58,nominal transaksi sangat ekstrem,1,0
CASH_IN,CASH_IN · nominal sedang,10,268974,14657256,0.018,20,0,1,1,0,2,1.33,saldo awal pengirim sangat ekstrem,1,0
CASH_OUT,PAYMENT · nominal kecil,4,178569,178569,1.0,6,4,0,0,0,0,3.33,saldo pengirim tidak konsisten secara logika,0,1
TRANSFER,CASH_OUT · nominal besar,10,1442839,347344,4.154,18,3,1,0,1,2,2.97,nominal transaksi sangat ekstrem,1,0
TRANSFER,PAYMENT · nominal kecil,9,127342,127342,1.0,3,4,1,0,1,2,4.05,saldo pengirim tidak konsisten secara logika,1,1
CASH_IN,CASH_OUT · nominal besar,14,45872,336,10.0,13,3,1,0,0,1,2.63,menguras hampir seluruh saldo,0,0
CASH_IN,CASH_IN · nominal sedang,11,507003,11106514,0.046,13,0,1,1,0,2,1.21,saldo awal pengirim sangat ekstrem,1,0
CASH_OUT,PAYMENT · nominal kecil,12,59851,49703,1.204,20,4,0,0,0,0,2.62,saldo tujuan sangat ekstrem,0,0
CASH_OUT,CASH_OUT · nominal besar,19,1043935,1043935,1.0,9,3,1,0,0,1,3.79,saldo tujuan sangat ekstrem,0,1
CASH_OUT,CASH_OUT · nominal besar,7,163486,0,0.0,22,2,0,0,0,0,1.59,menguras hampir seluruh saldo,0,0
CASH_IN,CASH_IN · nominal sedang,14,58246,17170218,0.003,18,0,1,1,0,2,0.98,saldo awal pengirim sangat ekstrem,1,0
CASH_OUT,CASH_OUT · nominal besar,14,102060,0,0.0,15,2,1,1,0,2,0.62,saldo tujuan sangat ekstrem,1,0
TRANSFER,PAYMENT · nominal kecil,16,520500,520500,1.0,7,4,1,0,1,2,3.98,saldo tujuan tidak konsisten secara logika,1,1
CASH_IN,CASH_IN · nominal sedang,11,173627,2332026,0.074,12,0,1,0,0,1,0.9,saldo tujuan tidak konsisten secara logika,0,0
PAYMENT,PAYMENT · nominal kecil,13,7998,20162,0.397,12,4,0,0,0,0,0.97,menguras hampir seluruh saldo,0,0
TRANSFER,CASH_OUT · nominal besar,2,690789,21571,10.0,10,3,1,0,1,2,3.22,menguras hampir seluruh saldo,1,0
PAYMENT,PAYMENT · nominal kecil,23,274,0,0.0,0,1,0,0,1,1,4.08,menguras hampir seluruh saldo,0,0
TRANSFER,CASH_OUT · nominal besar,9,489728,161353,3.035,20,3,0,0,0,0,2.28,nominal transaksi sangat ekstrem,0,0
CASH_OUT,CASH_OUT · nominal besar,16,49782,0,0.0,22,2,0,0,0,0,1.72,menguras hampir seluruh saldo,0,0
PAYMENT,PAYMENT · nominal kecil,9,9591,0,0.0,16,1,0,0,0,0,0.45,menguras hampir seluruh saldo,0,0
CASH_IN,CASH_IN · nominal sedang,2,19569,10048021,0.002,18,0,1,1,0,2,1.3,saldo awal pengirim sangat ekstrem,1,0
CASH_IN,CASH_IN · nominal sedang,14,158866,12288613,0.013,17,0,1,1,0,2,0.69,saldo awal pengirim sangat ekstrem,1,0
CASH_OUT,CASH_OUT · nominal besar,2,28662,0,0.0,22,2,0,0,0,0,1.9,menguras hampir seluruh saldo,0,0
CASH_IN,CASH_IN · nominal sedang,11,10316,26131998,0.0,19,0,1,1,0,2,1.78,saldo awal pengirim sangat ekstrem,1,0
PAYMENT,PAYMENT · nominal kecil,1,26412,41193,0.641,19,4,0,0,0,0,1.08,menguras hampir seluruh saldo,0,0
CASH_OUT,CASH_OUT · nominal besar,13,118625,0,0.0,14,2,0,0,0,0,0.47,menguras hampir seluruh saldo,0,0
TRANSFER,PAYMENT · nominal kecil,25,13421,13421,1.0,12,4,1,0,0,1,2.3,saldo pengirim tidak konsisten secara logika,0,1
PAYMENT,PAYMENT · nominal kecil,8,16722,30742,0.544,17,4,0,0,0,0,0.67,menguras hampir seluruh saldo,0,0
PAYMENT,PAYMENT · nominal kecil,1,7863,5034,1.562,12,1,0,0,0,0,1.66,saldo pengirim tidak konsisten secara logika,0,0
CASH_OUT,PAYMENT · nominal kecil,26,904339,904339,1.0,11,4,1,0,0,1,3.0,nominal transaksi sangat ekstrem,0,1
PAYMENT,CASH_OUT · nominal besar,1,33680,5037,6.686,10,3,0,0,0,0,2.33,menguras hampir seluruh saldo,0,0
PAYMENT,PAYMENT · nominal kecil,10,9379,0,0.0,19,1,0,0,0,0,0.96,menguras hampir seluruh saldo,0,0
CASH_IN,CASH_IN · nominal sedang,7,191542,26371584,0.007,17,0,1,1,0,2,0.83,saldo awal pengirim sangat ekstrem,1,0
CASH_OUT,PAYMENT · nominal kecil,6,102751,102751,1.0,0,4,0,0,0,0,4.3,saldo pengirim tidak konsisten secara logika,0,1
CASH_OUT,PAYMENT · nominal kecil,11,7305,7305,1.0,0,4,0,0,1,1,3.81,saldo pengirim tidak konsisten secara logika,0,1
TRANSFER,CASH_OUT · nominal besar,20,100295,2080,10.0,20,3,1,0,0,1,2.18,menguras hampir seluruh saldo,0,0
CASH_IN,CASH_IN · nominal sedang,1,120686,10727533,0.011,17,0,1,1,0,2,0.65,saldo awal pengirim sangat ekstrem,1,0
CASH_OUT,PAYMENT · nominal kecil,2,54726,934721,0.059,10,4,1,1,0,2,3.46,saldo tujuan tidak konsisten secara logika,1,0
CASH_IN,CASH_IN · nominal sedang,13,176995,1560512,0.113,23,0,1,0,0,1,1.82,saldo tujuan tidak konsisten secara logika,0,0
CASH_OUT,CASH_OUT · nominal besar,6,420611,0,0.0,12,2,1,1,0,2,2.65,saldo tujuan tidak konsisten secara logika,1,0
CASH_IN,CASH_IN · nominal sedang,2,211257,33131,6.376,19,0,1,0,0,1,1.92,menguras hampir seluruh saldo,0,0
CASH_OUT,PAYMENT · nominal kecil,26,203849,203849,1.0,4,4,0,0,0,0,3.66,saldo pengirim tidak konsisten secara logika,0,1
PAYMENT,PAYMENT · nominal kecil,5,48293,0,0.0,23,1,0,0,0,0,2.1,menguras hampir seluruh saldo,0,0
TRANSFER,PAYMENT · nominal kecil,11,248044,248044,1.0,18,4,1,0,1,2,3.16,saldo tujuan tidak konsisten secara logika,1,1
TRANSFER,CASH_IN · nominal sedang,7,1627389,1627389,1.0,20,0,1,1,1,3,3.88,saldo tujuan tidak konsisten secara logika,1,1
TRANSFER,CASH_OUT · nominal besar,24,779406,0,0.0,13,2,0,0,0,0,1.55,nominal transaksi sangat ekstrem,0,0
CASH_IN,CASH_IN · nominal sedang,9,8184,1443939,0.006,12,0,1,0,0,1,1.78,menguras hampir seluruh saldo,0,0
TRANSFER,CASH_OUT · nominal besar,9,311441,208415,1.494,10,3,0,0,0,0,2.6,saldo tujuan sangat ekstrem,0,0
TRANSFER,CASH_IN · nominal sedang,12,2230432,2230432,1.0,9,0,1,1,1,3,4.07,saldo tujuan tidak konsisten secara logika,1,1
TRANSFER,CASH_OUT · nominal besar,6,4300226,56328,10.0,9,3,1,1,0,2,2.83,nominal transaksi sangat ekstrem,1,0
CASH_OUT,PAYMENT · nominal kecil,21,1189987,1189987,1.0,9,4,1,0,0,1,3.32,nominal transaksi sangat ekstrem,0,1
CASH_IN,CASH_OUT · nominal besar,1,37558,13154540,0.003,9,3,1,1,0,2,4.09,saldo awal pengirim sangat ekstrem,1,0
TRANSFER,PAYMENT · nominal kecil,31,185488,185488,1.0,10,4,1,0,1,2,3.25,saldo pengirim tidak konsisten secara logika,1,1
CASH_OUT,CASH_OUT · nominal besar,23,89317,74676,1.196,10,3,0,0,0,0,2.36,saldo pengirim tidak konsisten secara logika,0,0
CASH_IN,CASH_IN · nominal sedang,11,52637,11005,4.783,19,0,1,0,0,1,1.76,saldo tujuan sangat ekstrem,0,0
TRANSFER,CASH_IN · nominal sedang,21,1710180,1710180,1.0,1,0,1,1,1,3,4.99,saldo tujuan tidak konsisten secara logika,1,1
CASH_IN,CASH_IN · nominal sedang,9,270556,16202312,0.017,11,0,1,1,0,2,1.31,saldo awal pengirim sangat ekstrem,1,0
CASH_IN,CASH_IN · nominal sedang,9,135267,224771,0.602,13,0,1,0,0,1,0.63,saldo tujuan tidak konsisten secara logika,0,0
CASH_OUT,PAYMENT · nominal kecil,1,42774,119708,0.357,19,4,1,0,0,1,2.47,menguras hampir seluruh saldo,0,0
CASH_IN,CASH_IN · nominal sedang,12,10245,3678068,0.003,14,0,1,0,0,1,1.5,saldo awal pengirim sangat ekstrem,0,0
CASH_IN,CASH_IN · nominal sedang,1,817778,9448584,0.087,10,0,1,1,0,2,1.82,saldo tujuan tidak konsisten secara logika,1,0
CASH_OUT,PAYMENT · nominal kecil,1,337794,519297,0.65,10,4,1,1,0,2,4.06,saldo tujuan tidak konsisten secara logika,1,0
TRANSFER,CASH_OUT · nominal besar,1,1294850,557,10.0,12,3,1,0,0,1,2.1,menguras hampir seluruh saldo,0,0
TRANSFER,PAYMENT · nominal kecil,10,143332,143332,1.0,13,4,1,0,1,2,2.93,saldo pengirim tidak konsisten secara logika,1,1
PAYMENT,PAYMENT · nominal kecil,10,940,0,0.0,13,1,0,0,0,0,1.45,menguras hampir seluruh saldo,0,0
CASH_IN,CASH_IN · nominal sedang,8,203796,1477009,0.138,20,0,1,1,0,2,1.34,saldo tujuan sangat ekstrem,1,0
PAYMENT,PAYMENT · nominal kecil,14,13892,0,0.0,12,1,0,0,0,0,0.91,menguras hampir seluruh saldo,0,0
CASH_IN,CASH_IN · nominal sedang,8,178115,28484168,0.006,13,0,1,1,0,2,0.87,saldo awal pengirim sangat ekstrem,1,0
CASH_IN,CASH_IN · nominal sedang,17,122518,14666899,0.008,14,0,1,1,0,2,0.62,saldo awal pengirim sangat ekstrem,1,0
CASH_IN,CASH_IN · nominal sedang,9,211594,11631437,0.018,21,0,1,1,0,2,1.46,saldo awal pengirim sangat ekstrem,1,0
TRANSFER,CASH_IN · nominal sedang,15,929787,929787,1.0,5,0,1,0,1,2,4.32,saldo tujuan tidak konsisten secara logika,1,1
TRANSFER,CASH_OUT · nominal besar,15,378535,0,0.0,20,2,1,1,0,2,1.68,saldo tujuan sangat ekstrem,1,0
PAYMENT,PAYMENT · nominal kecil,9,5275,173,10.0,15,1,1,0,0,1,2.78,menguras hampir seluruh saldo,0,0
PAYMENT,PAYMENT · nominal kecil,11,37295,0,0.0,15,1,0,0,0,0,0.97,menguras hampir seluruh saldo,0,0
TRANSFER,CASH_OUT · nominal besar,14,4534724,0,0.0,20,2,1,1,0,2,2.53,nominal transaksi sangat ekstrem,1,0
PAYMENT,PAYMENT · nominal kecil,1,14856,45320,0.328,21,4,0,0,0,0,1.37,menguras hampir seluruh saldo,0,0
CASH_OUT,CASH_OUT · nominal besar,15,235852,23558,10.0,20,3,1,0,0,1,1.93,menguras hampir seluruh saldo,0,0
CASH_OUT,CASH_OUT · nominal besar,11,269602,0,0.0,20,2,1,0,0,1,1.21,saldo tujuan sangat ekstrem,0,0
TRANSFER,CASH_OUT · nominal besar,13,2229447,0,0.0,10,2,1,1,0,2,2.31,nominal transaksi sangat ekstrem,1,0
CASH_IN,CASH_IN · nominal sedang,15,4169,12206340,0.0,16,0,1,1,0,2,2.05,saldo awal pengirim sangat ekstrem,1,0
PAYMENT,PAYMENT · nominal kecil,4,13004,0,0.0,22,1,0,0,0,0,1.63,menguras hampir seluruh saldo,0,0
CASH_IN,PAYMENT · nominal kecil,8,12991,11458750,0.001,16,4,1,1,0,2,3.4,saldo awal pengirim sangat ekstrem,1,0
CASH_OUT,CASH_OUT · nominal besar,16,259323,38301,6.771,15,3,1,1,0,2,1.29,saldo tujuan sangat ekstrem,1,0
CASH_IN,CASH_IN · nominal sedang,17,149063,18592124,0.008,19,0,1,1,0,2,1.05,saldo awal pengirim sangat ekstrem,1,0
CASH_IN,CASH_IN · nominal sedang,8,95335,22062716,0.004,18,0,1,1,0,2,0.89,saldo awal pengirim sangat ekstrem,1,0
CASH_OUT,CASH_OUT · nominal besar,1,416001,0,0.0,1,2,1,1,1,3,4.54,saldo tujuan tidak konsisten secara logika,1,1
CASH_OUT,CASH_OUT · nominal besar,14,15540,0,0.0,11,2,0,0,0,0,1.72,menguras hampir seluruh saldo,0,0
CASH_OUT,CASH_OUT · nominal besar,1,410608,52982,7.75,9,3,1,0,0,1,3.08,menguras hampir seluruh saldo,0,0
CASH_OUT,CASH_OUT · nominal besar,7,691609,11328,10.0,11,3,1,0,1,2,3.14,menguras hampir seluruh saldo,1,0
CASH_OUT,CASH_OUT · nominal besar,8,221670,205774,1.077,14,3,0,0,0,0,2.41,saldo tujuan sangat ekstrem,0,0
DEBIT,PAYMENT · nominal kecil,13,1707,449,3.803,21,4,1,0,1,2,3.45,saldo tujuan sangat ekstrem,1,0
CASH_IN,CASH_IN · nominal sedang,6,192573,14649511,0.013,21,0,1,1,0,2,1.46,saldo awal pengirim sangat ekstrem,1,0
CASH_OUT,CASH_OUT · nominal besar,13,126995,0,0.0,13,2,0,0,0,0,0.68,menguras hampir seluruh saldo,0,0
CASH_OUT,CASH_OUT · nominal besar,14,118536,0,0.0,18,2,1,1,0,2,0.82,saldo tujuan sangat ekstrem,1,0
TRANSFER,CASH_OUT · nominal besar,16,1524000,751335,2.028,17,3,1,0,0,1,2.47,nominal transaksi sangat ekstrem,0,0
TRANSFER,CASH_OUT · nominal besar,7,377335,0,0.0,20,2,0,0,0,0,1.64,menguras hampir seluruh saldo,0,0
PAYMENT,PAYMENT · nominal kecil,6,15924,0,0.0,18,1,0,0,0,0,0.84,menguras hampir seluruh saldo,0,0
CASH_IN,CASH_IN · nominal sedang,14,147668,20322528,0.007,18,0,1,1,0,2,0.88,saldo awal pengirim sangat ekstrem,1,0
CASH_IN,CASH_IN · nominal sedang,7,140076,11580614,0.012,10,0,1,1,0,2,1.35,saldo awal pengirim sangat ekstrem,1,0
PAYMENT,PAYMENT · nominal kecil,8,38108,0,0.0,11,1,0,0,0,0,1.39,menguras hampir seluruh saldo,0,0
CASH_OUT,CASH_OUT · nominal besar,8,381039,0,0.0,9,2,1,0,0,1,1.61,saldo tujuan sangat ekstrem,0,0
CASH_IN,CASH_IN · nominal sedang,1,202856,1317220,0.154,14,0,1,1,0,2,0.78,saldo tujuan sangat ekstrem,1,0
TRANSFER,CASH_IN · nominal sedang,2,1783144,1783144,1.0,17,0,1,1,1,3,3.77,saldo tujuan tidak konsisten secara logika,1,1
PAYMENT,PAYMENT · nominal kecil,14,9016,0,0.0,20,1,0,0,0,0,1.17,menguras hampir seluruh saldo,0,0
TRANSFER,CASH_OUT · nominal besar,14,2061701,0,0.0,19,2,1,1,0,2,2.08,nominal transaksi sangat ekstrem,1,0
CASH_OUT,CASH_OUT · nominal besar,2,127244,20085,6.335,11,3,0,0,0,0,1.74,menguras hampir seluruh saldo,0,0
TRANSFER,PAYMENT · nominal kecil,10,63944,63944,1.0,23,4,1,0,1,2,3.09,saldo pengirim tidak konsisten secara logika,1,1
CASH_IN,CASH_IN · nominal sedang,13,221313,141044,1.569,18,0,1,0,0,1,0.89,saldo tujuan tidak konsisten secara logika,0,0
CASH_IN,PAYMENT · nominal kecil,16,6860,15066,0.455,21,1,1,0,0,1,2.94,menguras hampir seluruh saldo,0,0
CASH_IN,CASH_IN · nominal sedang,1,71757,103055,0.696,17,0,1,0,0,1,1.96,menguras hampir seluruh saldo,0,0
CASH_IN,CASH_IN · nominal sedang,7,42100,10811773,0.004,15,0,1,1,0,2,0.75,saldo awal pengirim sangat ekstrem,1,0
PAYMENT,PAYMENT · nominal kecil,14,7745,0,0.0,18,1,0,0,0,0,0.76,menguras hampir seluruh saldo,0,0
TRANSFER,PAYMENT · nominal kecil,17,127156,127156,1.0,18,4,1,0,0,1,2.88,saldo pengirim tidak konsisten secara logika,0,1
PAYMENT,CASH_OUT · nominal besar,15,13270,1073,10.0,18,3,1,0,0,1,2.51,menguras hampir seluruh saldo,0,0
PAYMENT,PAYMENT · nominal kecil,7,503,598454,0.001,15,4,1,0,0,1,1.74,menguras hampir seluruh saldo,0,0
CASH_OUT,CASH_OUT · nominal besar,17,90713,33751,2.688,11,3,0,0,0,0,1.83,saldo tujuan sangat ekstrem,0,0
CASH_IN,CASH_IN · nominal sedang,1,127643,12151336,0.011,15,0,1,1,0,2,0.54,saldo awal pengirim sangat ekstrem,1,0
CASH_IN,CASH_IN · nominal sedang,6,152827,15945164,0.01,16,0,1,1,0,2,0.61,saldo awal pengirim sangat ekstrem,1,0
CASH_IN,CASH_IN · nominal sedang,15,73178,24532,2.983,20,0,1,1,0,2,1.54,saldo tujuan sangat ekstrem,1,0
PAYMENT,PAYMENT · nominal kecil,12,12040,21836,0.551,13,4,0,0,0,0,0.79,menguras hampir seluruh saldo,0,0
CASH_IN,CASH_IN · nominal sedang,11,9211,24379688,0.0,13,0,1,1,0,2,1.71,saldo awal pengirim sangat ekstrem,1,0
CASH_OUT,PAYMENT · nominal kecil,27,953530,953530,1.0,3,4,1,0,0,1,4.06,nominal transaksi sangat ekstrem,0,1
CASH_OUT,CASH_OUT · nominal besar,8,131014,90111,1.454,19,3,0,0,0,0,2.07,saldo tujuan sangat ekstrem,0,0
CASH_IN,CASH_IN · nominal sedang,12,191618,19681286,0.01,22,0,1,1,0,2,1.68,saldo awal pengirim sangat ekstrem,1,0
CASH_IN,CASH_IN · nominal sedang,11,278525,15265465,0.018,10,0,1,1,0,2,1.46,saldo awal pengirim sangat ekstrem,1,0
CASH_IN,CASH_IN · nominal sedang,9,186298,8461820,0.022,13,0,1,0,0,1,0.77,saldo awal pengirim sangat ekstrem,0,0
TRANSFER,PAYMENT · nominal kecil,31,21960,21960,1.0,2,4,1,0,1,2,3.86,saldo pengirim tidak konsisten secara logika,1,1
CASH_OUT,PAYMENT · nominal kecil,6,139210,139210,1.0,9,4,0,0,0,0,2.87,saldo pengirim tidak konsisten secara logika,0,1
CASH_IN,CASH_IN · nominal sedang,16,182475,11574244,0.016,12,0,1,1,0,2,0.98,saldo awal pengirim sangat ekstrem,1,0
CASH_IN,CASH_IN · nominal sedang,11,411342,0,0.0,11,0,1,0,0,1,2.96,saldo tujuan tidak konsisten secara logika,0,0
CASH_IN,CASH_IN · nominal sedang,13,394393,20779568,0.019,13,0,1,1,0,2,1.12,saldo awal pengirim sangat ekstrem,1,0
TRANSFER,CASH_OUT · nominal besar,1,1728723,40180,10.0,12,3,1,0,1,2,3.02,nominal transaksi sangat ekstrem,1,0
TRANSFER,PAYMENT · nominal kecil,29,5271,5271,1.0,10,4,1,0,1,2,2.44,saldo pengirim tidak konsisten secara logika,1,1
CASH_OUT,PAYMENT · nominal kecil,3,730574,730574,1.0,0,4,1,0,0,1,4.71,nominal transaksi sangat ekstrem,0,1
CASH_OUT,CASH_OUT · nominal besar,17,381255,0,0.0,20,2,0,0,0,0,1.25,menguras hampir seluruh saldo,0,0
CASH_IN,CASH_IN · nominal sedang,7,67701,15535201,0.004,18,0,1,1,0,2,0.86,saldo awal pengirim sangat ekstrem,1,0
CASH_OUT,CASH_OUT · nominal besar,25,325387,112303,2.897,16,3,0,0,0,0,1.62,saldo tujuan sangat ekstrem,0,0
TRANSFER,CASH_OUT · nominal besar,1,299167,183,10.0,0,3,1,0,1,2,3.91,menguras hampir seluruh saldo,1,0
CASH_IN,CASH_IN · nominal sedang,13,62415,13250701,0.005,20,0,1,1,0,2,1.24,saldo awal pengirim sangat ekstrem,1,0
TRANSFER,CASH_OUT · nominal besar,10,1433554,620497,2.31,11,3,1,0,0,1,2.68,nominal transaksi sangat ekstrem,0,0
CASH_OUT,CASH_OUT · nominal besar,11,170128,0,0.0,10,2,1,0,0,1,2.39,saldo tujuan sangat ekstrem,0,0
TRANSFER,CASH_IN · nominal sedang,8,2075329,2075329,1.0,15,0,1,1,1,3,3.79,saldo tujuan tidak konsisten secara logika,1,1
CASH_IN,CASH_IN · nominal sedang,7,17097,14562394,0.001,10,0,1,1,0,2,1.75,saldo awal pengirim sangat ekstrem,1,0
TRANSFER,PAYMENT · nominal kecil,16,284000,284000,1.0,19,4,1,0,1,2,3.27,saldo tujuan tidak konsisten secara logika,1,1
CASH_OUT,CASH_OUT · nominal besar,12,127295,9667,10.0,13,3,1,0,0,1,1.37,menguras hampir seluruh saldo,0,0
CASH_OUT,PAYMENT · nominal kecil,16,503421,503421,1.0,17,4,1,0,0,1,2.96,nominal transaksi sangat ekstrem,0,1
CASH_IN,CASH_IN · nominal sedang,8,403364,1056956,0.382,18,0,1,0,0,1,1.15,saldo tujuan sangat ekstrem,0,0
CASH_OUT,PAYMENT · nominal kecil,25,459379,459379,1.0,7,4,1,0,0,1,3.59,nominal transaksi sangat ekstrem,0,1
TRANSFER,CASH_OUT · nominal besar,16,2212095,24541,10.0,9,3,1,1,0,2,2.64,nominal transaksi sangat ekstrem,1,0
CASH_OUT,CASH_OUT · nominal besar,8,206982,0,0.0,16,2,0,0,0,0,0.39,menguras hampir seluruh saldo,0,0
CASH_IN,CASH_IN · nominal sedang,6,185997,9788247,0.019,19,0,1,1,0,2,1.1,saldo awal pengirim sangat ekstrem,1,0
TRANSFER,CASH_OUT · nominal besar,7,925587,0,0.0,17,2,1,0,0,1,1.58,nominal transaksi sangat ekstrem,0,0
CASH_IN,CASH_IN · nominal sedang,2,185496,198347,0.935,13,0,1,0,0,1,1.97,menguras hampir seluruh saldo,0,0
CASH_OUT,CASH_OUT · nominal besar,8,239855,0,0.0,20,2,1,0,0,1,1.21,saldo tujuan sangat ekstrem,0,0
TRANSFER,PAYMENT · nominal kecil,5,306833,306833,1.0,8,4,1,0,1,2,3.65,saldo tujuan tidak konsisten secara logika,1,1
CASH_OUT,CASH_OUT · nominal besar,2,3621,11,10.0,10,3,1,0,1,2,3.46,menguras hampir seluruh saldo,1,0
CASH_IN,CASH_IN · nominal sedang,17,362740,17039076,0.021,18,0,1,1,0,2,1.15,saldo awal pengirim sangat ekstrem,1,0
TRANSFER,PAYMENT · nominal kecil,1,143660,143660,1.0,19,4,1,0,0,1,2.98,saldo pengirim tidak konsisten secara logika,0,1
CASH_IN,CASH_OUT · nominal besar,10,196859,2005,10.0,18,3,1,0,0,1,2.6,menguras hampir seluruh saldo,0,0
CASH_IN,CASH_IN · nominal sedang,6,224481,245418,0.915,16,0,1,0,0,1,0.63,saldo tujuan tidak konsisten secara logika,0,0
TRANSFER,PAYMENT · nominal kecil,21,144452,144452,1.0,13,4,1,0,1,2,2.94,saldo pengirim tidak konsisten secara logika,1,1
CASH_OUT,CASH_OUT · nominal besar,1,217854,12512,10.0,18,3,1,0,0,1,2.75,menguras hampir seluruh saldo,0,0
CASH_IN,CASH_IN · nominal sedang,10,194227,11837609,0.016,14,0,1,1,0,2,0.76,saldo awal pengirim sangat ekstrem,1,0
CASH_IN,CASH_IN · nominal sedang,12,143584,13840330,0.01,16,0,1,1,0,2,0.63,saldo awal pengirim sangat ekstrem,1,0
CASH_IN,CASH_OUT · nominal besar,1,111600,10852,10.0,19,3,1,0,0,1,2.4,menguras hampir seluruh saldo,0,0
CASH_OUT,CASH_OUT · nominal besar,2,68063,0,0.0,10,2,1,0,0,1,1.91,menguras hampir seluruh saldo,0,0
PAYMENT,PAYMENT · nominal kecil,15,41281,10095,4.089,13,1,0,0,0,0,2.1,menguras hampir seluruh saldo,0,0
CASH_OUT,PAYMENT · nominal kecil,11,57735,57735,1.0,1,4,0,0,0,0,3.7,saldo pengirim tidak konsisten secara logika,0,1
CASH_OUT,CASH_OUT · nominal besar,6,54736,0,0.0,20,2,0,0,0,0,1.28,menguras hampir seluruh saldo,0,0
TRANSFER,CASH_IN · nominal sedang,3,1789156,1789156,1.0,10,0,1,1,1,3,3.94,saldo tujuan tidak konsisten secara logika,1,1
TRANSFER,CASH_OUT · nominal besar,2,394207,90843,4.339,12,3,1,0,0,1,3.18,saldo tujuan tidak konsisten secara logika,0,0
CASH_IN,CASH_IN · nominal sedang,23,205084,22288638,0.009,16,0,1,1,0,2,0.74,saldo awal pengirim sangat ekstrem,1,0
PAYMENT,PAYMENT · nominal kecil,12,10920,0,0.0,13,1,0,0,0,0,0.69,menguras hampir seluruh saldo,0,0
CASH_OUT,CASH_OUT · nominal besar,1,141443,0,0.0,8,2,1,1,0,2,3.0,saldo tujuan tidak konsisten secara logika,1,0
CASH_IN,CASH_IN · nominal sedang,6,143466,5237752,0.027,18,0,1,0,0,1,0.77,saldo awal pengirim sangat ekstrem,0,0
CASH_IN,CASH_IN · nominal sedang,17,137046,16917646,0.008,22,0,1,1,0,2,1.64,saldo awal pengirim sangat ekstrem,1,0
PAYMENT,PAYMENT · nominal kecil,13,24559,10337,2.376,11,1,0,0,0,0,1.99,saldo tujuan sangat ekstrem,0,0
CASH_OUT,CASH_OUT · nominal besar,1,891676,254826,3.499,10,3,1,1,0,2,3.64,saldo tujuan tidak konsisten secara logika,1,0
CASH_OUT,PAYMENT · nominal kecil,22,2492,2492,1.0,7,4,0,0,0,0,2.91,saldo pengirim tidak konsisten secara logika,0,1
CASH_IN,CASH_IN · nominal sedang,1,148958,15679946,0.009,17,0,1,1,0,2,0.68,saldo awal pengirim sangat ekstrem,1,0
CASH_IN,CASH_IN · nominal sedang,12,165421,10716389,0.015,18,0,1,1,0,2,0.84,saldo awal pengirim sangat ekstrem,1,0
PAYMENT,PAYMENT · nominal kecil,9,6995,22179,0.315,23,4,0,0,0,0,1.8,menguras hampir seluruh saldo,0,0
TRANSFER,CASH_IN · nominal sedang,2,1917498,1917498,1.0,18,0,1,1,1,3,3.82,saldo tujuan tidak konsisten secara logika,1,1
CASH_OUT,CASH_OUT · nominal besar,22,103100,50054,2.06,18,3,0,0,0,0,1.85,saldo tujuan sangat ekstrem,0,0
PAYMENT,PAYMENT · nominal kecil,10,6055,218570,0.028,17,4,0,0,0,0,0.65,menguras hampir seluruh saldo,0,0
DEBIT,PAYMENT · nominal kecil,6,6286,21271,0.295,19,4,1,0,0,1,2.53,saldo tujuan sangat ekstrem,0,0
TRANSFER,CASH_OUT · nominal besar,16,133044,769,10.0,23,3,1,0,0,1,2.37,menguras hampir seluruh saldo,0,0
CASH_IN,CASH_IN · nominal sedang,12,172702,19553550,0.009,10,0,1,1,0,2,1.42,saldo awal pengirim sangat ekstrem,1,0
CASH_OUT,CASH_OUT · nominal besar,11,95457,31030,3.076,15,3,1,1,0,2,1.82,saldo tujuan sangat ekstrem,1,0
CASH_OUT,PAYMENT · nominal kecil,7,1336901,1336901,1.0,17,4,1,0,0,1,3.03,nominal transaksi sangat ekstrem,0,1
CASH_OUT,CASH_OUT · nominal besar,11,2424380,2424380,1.0,4,3,1,1,0,2,4.43,nominal transaksi sangat ekstrem,1,1
CASH_IN,CASH_OUT · nominal besar,11,224648,355,10.0,18,3,1,0,0,1,2.63,menguras hampir seluruh saldo,0,0
CASH_OUT,CASH_OUT · nominal besar,16,1674146,1674146,1.0,9,3,1,0,0,1,3.86,nominal transaksi sangat ekstrem,0,1
CASH_IN,CASH_OUT · nominal besar,1,162786,39370,4.135,18,3,1,0,0,1,3.18,saldo tujuan tidak konsisten secara logika,0,0
TRANSFER,PAYMENT · nominal kecil,2,21987,21987,1.0,19,4,1,0,0,1,2.38,saldo pengirim tidak konsisten secara logika,0,1
TRANSFER,CASH_OUT · nominal besar,2,911721,88,10.0,15,3,1,1,0,2,2.17,saldo tujuan sangat ekstrem,1,0
CASH_IN,CASH_IN · nominal sedang,29,102649,11015421,0.009,23,0,1,1,0,2,1.84,saldo awal pengirim sangat ekstrem,1,0
CASH_OUT,CASH_OUT · nominal besar,14,458535,0,0.0,13,2,1,1,0,2,2.38,saldo tujuan sangat ekstrem,1,0
CASH_IN,CASH_IN · nominal sedang,8,193046,22753564,0.008,12,0,1,1,0,2,1.03,saldo awal pengirim sangat ekstrem,1,0
CASH_OUT,CASH_OUT · nominal besar,16,99343,0,0.0,12,2,0,0,0,0,0.9,menguras hampir seluruh saldo,0,0
TRANSFER,CASH_OUT · nominal besar,16,3605432,11435,10.0,11,3,1,1,0,2,2.74,nominal transaksi sangat ekstrem,1,0
CASH_IN,CASH_OUT · nominal besar,7,205708,27780,7.405,17,3,1,0,0,1,2.56,menguras hampir seluruh saldo,0,0
TRANSFER,PAYMENT · nominal kecil,11,14343,14343,1.0,6,4,1,0,1,2,3.09,saldo pengirim tidak konsisten secara logika,1,1
PAYMENT,PAYMENT · nominal kecil,11,300,416381,0.001,16,4,0,0,0,0,1.99,menguras hampir seluruh saldo,0,0
PAYMENT,PAYMENT · nominal kecil,7,5355,15291,0.35,10,4,0,0,0,0,1.43,menguras hampir seluruh saldo,0,0
CASH_OUT,PAYMENT · nominal kecil,14,351269,351269,1.0,9,4,0,0,0,0,3.22,saldo pengirim tidak konsisten secara logika,0,1
PAYMENT,PAYMENT · nominal kecil,11,17960,25776,0.697,12,4,0,0,0,0,1.02,menguras hampir seluruh saldo,0,0
CASH_OUT,CASH_OUT · nominal besar,15,273462,1022,10.0,11,3,1,0,0,1,1.89,menguras hampir seluruh saldo,0,0
TRANSFER,CASH_OUT · nominal besar,1,416127,0,0.0,6,2,1,1,1,3,3.4,saldo tujuan sangat ekstrem,1,0
CASH_OUT,CASH_OUT · nominal besar,16,25485,0,0.0,19,2,1,0,0,1,1.41,saldo tujuan sangat ekstrem,0,0
CASH_OUT,PAYMENT · nominal kecil,26,368973,368973,1.0,15,4,0,0,0,0,2.72,saldo pengirim tidak konsisten secara logika,0,1
CASH_OUT,CASH_OUT · nominal besar,1,371640,42129,8.821,11,3,0,0,0,0,1.81,menguras hampir seluruh saldo,0,0
CASH_IN,CASH_IN · nominal sedang,15,102880,19608606,0.005,9,0,1,1,0,2,1.57,saldo awal pengirim sangat ekstrem,1,0
CASH_OUT,PAYMENT · nominal kecil,8,164213,164213,1.0,17,4,0,0,0,0,2.65,saldo pengirim tidak konsisten secara logika,0,1
TRANSFER,CASH_IN · nominal sedang,25,2095700,2095700,1.0,0,0,1,1,1,3,5.19,saldo tujuan tidak konsisten secara logika,1,1
CASH_IN,CASH_IN · nominal sedang,13,479918,7815201,0.061,10,0,1,0,0,1,1.62,saldo awal pengirim sangat ekstrem,0,0
CASH_IN,CASH_IN · nominal sedang,17,24287,9747610,0.002,16,0,1,1,0,2,1.04,saldo awal pengirim sangat ekstrem,1,0
TRANSFER,CASH_OUT · nominal besar,14,6994056,50731,10.0,10,3,1,1,1,3,3.11,nominal transaksi sangat ekstrem,1,0
CASH_OUT,CASH_OUT · nominal besar,2,144197,36828,3.915,17,3,0,0,0,0,1.8,menguras hampir seluruh saldo,0,0
CASH_IN,CASH_IN · nominal sedang,10,310390,7472164,0.042,15,0,1,1,0,2,0.96,saldo tujuan sangat ekstrem,1,0
CASH_IN,CASH_IN · nominal sedang,2,20077,4660611,0.004,15,0,1,0,0,1,1.11,saldo awal pengirim sangat ekstrem,0,0
PAYMENT,PAYMENT · nominal kecil,10,7400,0,0.0,14,1,0,0,0,0,0.51,menguras hampir seluruh saldo,0,0
CASH_OUT,CASH_OUT · nominal besar,17,4559922,4559922,1.0,7,3,1,1,0,2,4.28,nominal transaksi sangat ekstrem,1,1
TRANSFER,CASH_OUT · nominal besar,6,600258,368,10.0,12,3,1,0,0,1,2.18,menguras hampir seluruh saldo,0,0
PAYMENT,PAYMENT · nominal kecil,13,22297,0,0.0,21,1,0,0,0,0,1.5,menguras hampir seluruh saldo,0,0
CASH_OUT,PAYMENT · nominal kecil,7,67654,67654,1.0,6,4,0,0,0,0,3.09,saldo pengirim tidak konsisten secara logika,0,1
TRANSFER,CASH_OUT · nominal besar,16,2958348,0,0.0,20,2,1,1,0,2,2.34,nominal transaksi sangat ekstrem,1,0
CASH_OUT,CASH_OUT · nominal besar,8,361818,0,0.0,10,2,0,0,0,0,1.37,menguras hampir seluruh saldo,0,0
CASH_OUT,CASH_OUT · nominal besar,17,125917,6081,10.0,12,3,1,1,0,2,1.59,saldo tujuan sangat ekstrem,1,0
CASH_OUT,PAYMENT · nominal kecil,17,542394,542394,1.0,8,4,1,0,0,1,3.09,nominal transaksi sangat ekstrem,0,1
PAYMENT,PAYMENT · nominal kecil,2,19609,0,0.0,17,1,0,0,0,0,0.76,menguras hampir seluruh saldo,0,0
CASH_IN,CASH_OUT · nominal besar,6,318165,3937,10.0,10,3,1,0,0,1,2.81,menguras hampir seluruh saldo,0,0
TRANSFER,PAYMENT · nominal kecil,6,57512,57512,1.0,13,4,1,0,0,1,2.59,saldo pengirim tidak konsisten secara logika,0,1
TRANSFER,CASH_OUT · nominal besar,13,10000000,0,0.0,16,2,1,1,1,3,3.91,saldo tujuan tidak konsisten secara logika,1,0
CASH_OUT,CASH_OUT · nominal besar,9,360356,0,0.0,18,2,0,0,0,0,0.86,menguras hampir seluruh saldo,0,0
CASH_IN,CASH_IN · nominal sedang,6,149417,23863896,0.006,14,0,1,1,0,2,0.88,saldo awal pengirim sangat ekstrem,1,0
CASH_IN,CASH_IN · nominal sedang,13,86652,10204312,0.008,19,0,1,1,0,2,0.98,saldo awal pengirim sangat ekstrem,1,0
CASH_IN,CASH_OUT · nominal besar,14,193080,240,10.0,11,3,1,0,0,1,2.8,menguras hampir seluruh saldo,0,0
TRANSFER,CASH_OUT · nominal besar,6,451765,11288,10.0,16,3,1,0,0,1,1.93,menguras hampir seluruh saldo,0,0
CASH_IN,CASH_IN · nominal sedang,14,60624,198317,0.306,17,0,1,0,0,1,1.96,menguras hampir seluruh saldo,0,0
PAYMENT,PAYMENT · nominal kecil,11,475,21077,0.023,15,4,0,0,0,0,1.74,menguras hampir seluruh saldo,0,0
PAYMENT,PAYMENT · nominal kecil,17,1963,0,0.0,19,1,0,0,0,0,1.28,menguras hampir seluruh saldo,0,0
PAYMENT,PAYMENT · nominal kecil,16,28582,15473,1.847,11,1,0,0,0,0,2.03,saldo tujuan sangat ekstrem,0,0
CASH_IN,CASH_IN · nominal sedang,6,144017,9569801,0.015,19,0,1,1,0,2,1.05,saldo awal pengirim sangat ekstrem,1,0
CASH_IN,CASH_IN · nominal sedang,1,318009,22940122,0.014,20,0,1,1,0,2,1.4,saldo awal pengirim sangat ekstrem,1,0
CASH_OUT,CASH_OUT · nominal besar,5,92332,0,0.0,23,2,0,0,0,0,1.84,saldo tujuan sangat ekstrem,0,0
CASH_OUT,CASH_OUT · nominal besar,14,191040,31675,6.031,22,3,0,0,0,0,2.17,menguras hampir seluruh saldo,0,0
CASH_IN,CASH_IN · nominal sedang,6,72154,21874664,0.003,11,0,1,1,0,2,1.18,saldo awal pengirim sangat ekstrem,1,0
TRANSFER,PAYMENT · nominal kecil,21,503621,503621,1.0,14,4,1,0,1,2,3.46,saldo tujuan tidak konsisten secara logika,1,1
CASH_OUT,PAYMENT · nominal kecil,18,79076,79076,1.0,8,4,0,0,0,0,2.41,saldo pengirim tidak konsisten secara logika,0,1
CASH_OUT,CASH_OUT · nominal besar,12,238631,0,0.0,11,2,1,1,0,2,1.16,saldo tujuan sangat ekstrem,1,0
CASH_IN,CASH_IN · nominal sedang,11,151514,16485911,0.009,19,0,1,1,0,2,1.03,saldo awal pengirim sangat ekstrem,1,0
TRANSFER,CASH_OUT · nominal besar,1,168191,0,0.0,7,2,1,0,1,2,3.01,menguras hampir seluruh saldo,1,0
TRANSFER,CASH_IN · nominal sedang,19,10000000,15049594,0.664,8,0,1,1,1,3,4.61,saldo tujuan tidak konsisten secara logika,1,1
CASH_OUT,CASH_OUT · nominal besar,10,63594,0,0.0,18,2,1,1,0,2,0.96,saldo tujuan sangat ekstrem,1,0
CASH_OUT,PAYMENT · nominal kecil,15,272997,272997,1.0,8,4,0,0,0,0,2.81,saldo pengirim tidak konsisten secara logika,0,1
CASH_OUT,PAYMENT · nominal kecil,16,118122,142001,0.832,20,4,0,0,0,0,2.79,saldo tujuan sangat ekstrem,0,0
CASH_OUT,PAYMENT · nominal kecil,15,121143,457232,0.265,18,4,1,0,0,1,2.45,menguras hampir seluruh saldo,0,0
CASH_IN,CASH_IN · nominal sedang,13,124560,14992022,0.008,15,0,1,1,0,2,0.53,saldo awal pengirim sangat ekstrem,1,0
CASH_OUT,CASH_OUT · nominal besar,6,74896,0,0.0,18,2,1,1,0,2,2.58,saldo tujuan tidak konsisten secara logika,1,0
CASH_OUT,PAYMENT · nominal kecil,8,129260,465202,0.278,12,4,1,0,0,1,2.52,menguras hampir seluruh saldo,0,0
CASH_OUT,PAYMENT · nominal kecil,9,94321,0,0.0,12,1,1,0,0,1,2.68,menguras hampir seluruh saldo,0,0
CASH_IN,CASH_IN · nominal sedang,13,129442,10596335,0.012,12,0,1,1,0,2,0.9,saldo awal pengirim sangat ekstrem,1,0
PAYMENT,PAYMENT · nominal kecil,10,15717,101285,0.155,19,4,0,0,0,0,0.96,menguras hampir seluruh saldo,0,0
PAYMENT,PAYMENT · nominal kecil,7,4926,31177,0.158,18,4,0,0,0,0,0.83,menguras hampir seluruh saldo,0,0
CASH_OUT,CASH_OUT · nominal besar,21,3351305,3351305,1.0,5,3,1,1,0,2,4.37,nominal transaksi sangat ekstrem,1,1
TRANSFER,CASH_OUT · nominal besar,13,705990,0,0.0,14,2,1,0,0,1,1.48,saldo tujuan sangat ekstrem,0,0
PAYMENT,PAYMENT · nominal kecil,17,31407,0,0.0,10,1,0,0,0,0,1.51,menguras hampir seluruh saldo,0,0
PAYMENT,CASH_OUT · nominal besar,6,9665,135,10.0,0,3,1,0,1,2,4.37,menguras hampir seluruh saldo,1,0
CASH_IN,CASH_IN · nominal sedang,12,467614,17773526,0.026,14,0,1,1,0,2,1.13,saldo awal pengirim sangat ekstrem,1,0
TRANSFER,CASH_OUT · nominal besar,12,250889,0,0.0,17,2,1,1,0,2,1.26,saldo tujuan sangat ekstrem,1,0
CASH_OUT,CASH_OUT · nominal besar,14,310587,0,0.0,19,2,0,0,0,0,1.0,menguras hampir seluruh saldo,0,0
TRANSFER,CASH_OUT · nominal besar,14,2865858,246753,10.0,11,3,1,1,0,2,2.44,nominal transaksi sangat ekstrem,1,0
CASH_OUT,PAYMENT · nominal kecil,3,114017,114017,1.0,1,4,0,0,0,0,4.24,saldo tujuan sangat ekstrem,0,1
CASH_IN,CASH_IN · nominal sedang,10,302539,5158510,0.059,20,0,1,0,0,1,1.31,saldo awal pengirim sangat ekstrem,0,0
DEBIT,PAYMENT · nominal kecil,10,2500,40388,0.062,23,4,1,1,0,2,3.17,saldo tujuan sangat ekstrem,1,0
PAYMENT,PAYMENT · nominal kecil,8,41436,0,0.0,17,1,0,0,0,0,1.1,menguras hampir seluruh saldo,0,0
TRANSFER,PAYMENT · nominal kecil,30,280258,280258,1.0,18,4,1,0,1,2,3.22,saldo tujuan tidak konsisten secara logika,1,1
CASH_IN,CASH_IN · nominal sedang,17,61893,13916174,0.004,15,0,1,1,0,2,0.61,saldo awal pengirim sangat ekstrem,1,0
TRANSFER,PAYMENT · nominal kecil,24,210952,210952,1.0,20,4,1,0,1,2,3.21,saldo tujuan tidak konsisten secara logika,1,1
CASH_OUT,CASH_OUT · nominal besar,1,175076,6027,10.0,14,3,1,0,0,1,2.59,menguras hampir seluruh saldo,0,0
TRANSFER,CASH_OUT · nominal besar,14,10000000,21172,10.0,15,3,1,1,1,3,3.99,nominal transaksi sangat ekstrem,1,0
CASH_OUT,PAYMENT · nominal kecil,12,99639,380360,0.262,13,4,0,0,0,0,1.86,menguras hampir seluruh saldo,0,0
CASH_OUT,CASH_OUT · nominal besar,26,3973480,3973480,1.0,6,3,1,1,0,2,4.34,nominal transaksi sangat ekstrem,1,1
CASH_IN,CASH_IN · nominal sedang,12,168494,13161043,0.013,9,0,1,1,0,2,1.65,saldo awal pengirim sangat ekstrem,1,0
CASH_IN,CASH_IN · nominal sedang,9,60594,16253683,0.004,18,0,1,1,0,2,0.92,saldo awal pengirim sangat ekstrem,1,0
CASH_IN,CASH_IN · nominal sedang,22,72218,12769217,0.006,21,0,1,1,0,2,1.43,saldo awal pengirim sangat ekstrem,1,0
CASH_IN,CASH_IN · nominal sedang,9,68639,12946,5.302,12,0,1,0,0,1,1.73,saldo tujuan sangat ekstrem,0,0
PAYMENT,PAYMENT · nominal kecil,9,11586,3981,2.91,9,1,0,0,0,0,2.12,saldo tujuan sangat ekstrem,0,0
PAYMENT,PAYMENT · nominal kecil,14,832,41828,0.02,19,4,0,0,0,0,1.64,menguras hampir seluruh saldo,0,0
PAYMENT,PAYMENT · nominal kecil,1,25746,24214,1.063,9,4,0,0,0,0,2.23,saldo pengirim tidak konsisten secara logika,0,0
CASH_OUT,CASH_OUT · nominal besar,8,9107,0,0.0,21,2,0,0,0,0,2.15,menguras hampir seluruh saldo,0,0
TRANSFER,PAYMENT · nominal kecil,8,474574,481782,0.985,22,4,1,0,1,2,2.95,nominal transaksi sangat ekstrem,1,0
CASH_IN,CASH_IN · nominal sedang,14,341704,70666,4.835,17,0,1,0,0,1,1.45,saldo pengirim tidak konsisten secara logika,0,0
PAYMENT,PAYMENT · nominal kecil,1,48729,0,0.0,21,1,0,0,0,0,1.73,menguras hampir seluruh saldo,0,0
CASH_IN,CASH_IN · nominal sedang,13,35072,4869210,0.007,20,0,1,1,0,2,1.48,saldo tujuan sangat ekstrem,1,0
CASH_IN,CASH_IN · nominal sedang,14,377464,103256,3.656,19,0,1,1,0,2,1.7,saldo tujuan sangat ekstrem,1,0
CASH_IN,CASH_IN · nominal sedang,1,200498,70738,2.834,15,0,1,0,0,1,0.88,saldo tujuan tidak konsisten secara logika,0,0
CASH_IN,CASH_IN · nominal sedang,16,298647,10174656,0.029,19,0,1,1,0,2,1.27,saldo awal pengirim sangat ekstrem,1,0
TRANSFER,CASH_OUT · nominal besar,17,3298368,3084,10.0,9,3,1,1,0,2,2.7,nominal transaksi sangat ekstrem,1,0
CASH_IN,CASH_IN · nominal sedang,13,203440,5965736,0.034,10,0,1,0,0,1,1.35,saldo awal pengirim sangat ekstrem,0,0
TRANSFER,PAYMENT · nominal kecil,9,16183,16183,1.0,9,4,1,0,1,2,2.66,saldo pengirim tidak konsisten secara logika,1,1
CASH_OUT,CASH_OUT · nominal besar,17,295913,11709,10.0,18,3,1,0,0,1,2.75,menguras hampir seluruh saldo,0,0
CASH_IN,CASH_IN · nominal sedang,13,93540,25157806,0.004,10,0,1,1,0,2,1.37,saldo awal pengirim sangat ekstrem,1,0
TRANSFER,CASH_OUT · nominal besar,10,285742,52803,5.411,18,3,0,0,0,0,1.49,menguras hampir seluruh saldo,0,0
PAYMENT,PAYMENT · nominal kecil,14,10559,5357,1.971,18,1,0,0,0,0,1.63,saldo tujuan sangat ekstrem,0,0
CASH_IN,CASH_IN · nominal sedang,13,10000,24803168,0.0,11,0,1,1,0,2,1.93,saldo awal pengirim sangat ekstrem,1,0
PAYMENT,PAYMENT · nominal kecil,15,3094,152525,0.02,15,4,0,0,0,0,0.8,menguras hampir seluruh saldo,0,0
CASH_OUT,PAYMENT · nominal kecil,14,1467325,1467325,1.0,1,4,1,0,0,1,4.73,nominal transaksi sangat ekstrem,0,1
TRANSFER,CASH_OUT · nominal besar,14,2158342,20197,10.0,14,3,1,1,1,3,3.37,nominal transaksi sangat ekstrem,1,0
CASH_IN,CASH_IN · nominal sedang,9,83423,12317122,0.007,18,0,1,1,0,2,0.8,saldo awal pengirim sangat ekstrem,1,0
CASH_OUT,CASH_OUT · nominal besar,17,121336,0,0.0,11,2,1,1,0,2,1.13,saldo tujuan sangat ekstrem,1,0
CASH_IN,CASH_IN · nominal sedang,9,180887,178065,1.016,16,0,1,0,0,1,0.59,saldo tujuan tidak konsisten secara logika,0,0
TRANSFER,CASH_OUT · nominal besar,7,975019,157323,6.198,17,3,1,0,0,1,1.95,nominal transaksi sangat ekstrem,0,0
PAYMENT,PAYMENT · nominal kecil,2,8544,0,0.0,10,1,0,0,0,0,1.29,menguras hampir seluruh saldo,0,0
CASH_IN,CASH_IN · nominal sedang,6,467673,2458069,0.19,15,0,1,0,0,1,1.01,saldo tujuan tidak konsisten secara logika,0,0
TRANSFER,CASH_OUT · nominal besar,16,1422798,0,0.0,9,2,1,1,0,2,2.28,saldo tujuan sangat ekstrem,1,0
CASH_IN,CASH_OUT · nominal besar,9,84485,1061,10.0,12,3,1,0,0,1,2.45,menguras hampir seluruh saldo,0,0
CASH_IN,CASH_OUT · nominal besar,17,56407,8219,6.863,18,3,1,0,0,1,2.52,menguras hampir seluruh saldo,0,0
CASH_IN,CASH_IN · nominal sedang,15,51426,12809915,0.004,17,0,1,1,0,2,0.77,saldo awal pengirim sangat ekstrem,1,0
PAYMENT,CASH_OUT · nominal besar,6,22610,1900,10.0,16,3,1,0,0,1,2.23,menguras hampir seluruh saldo,0,0
CASH_OUT,CASH_OUT · nominal besar,2,252124,21950,10.0,17,3,1,0,0,1,1.63,menguras hampir seluruh saldo,0,0
CASH_IN,CASH_OUT · nominal besar,11,46495,136,10.0,20,3,1,0,0,1,2.86,menguras hampir seluruh saldo,0,0
CASH_OUT,PAYMENT · nominal kecil,17,489945,489945,1.0,14,4,1,0,0,1,2.92,nominal transaksi sangat ekstrem,0,1
CASH_IN,CASH_IN · nominal sedang,1,237882,19474660,0.012,16,0,1,1,0,2,0.87,saldo awal pengirim sangat ekstrem,1,0
CASH_IN,CASH_IN · nominal sedang,6,147108,288568,0.51,13,0,1,0,0,1,0.73,saldo tujuan sangat ekstrem,0,0
CASH_IN,CASH_IN · nominal sedang,16,251290,10195241,0.025,12,0,1,1,0,2,1.04,saldo awal pengirim sangat ekstrem,1,0
CASH_IN,CASH_IN · nominal sedang,14,77374,11042368,0.007,20,0,1,1,0,2,1.2,saldo awal pengirim sangat ekstrem,1,0
CASH_IN,CASH_IN · nominal sedang,11,82895,10505194,0.008,9,0,1,1,0,2,1.54,saldo awal pengirim sangat ekstrem,1,0
CASH_IN,CASH_IN · nominal sedang,12,47548,12200246,0.004,19,0,1,1,0,2,1.1,saldo awal pengirim sangat ekstrem,1,0
CASH_IN,CASH_IN · nominal sedang,14,7005,20176012,0.0,13,0,1,1,0,2,1.88,saldo awal pengirim sangat ekstrem,1,0
CASH_IN,CASH_OUT · nominal besar,1,83666,17678360,0.005,18,3,1,1,0,2,3.61,saldo awal pengirim sangat ekstrem,1,0
CASH_OUT,PAYMENT · nominal kecil,17,2107997,2107997,1.0,13,4,1,1,0,2,3.31,nominal transaksi sangat ekstrem,1,1
CASH_IN,CASH_IN · nominal sedang,8,70028,22599016,0.003,22,0,1,1,0,2,1.67,saldo awal pengirim sangat ekstrem,1,0
CASH_IN,CASH_OUT · nominal besar,1,228076,154,10.0,15,3,1,0,0,1,2.49,menguras hampir seluruh saldo,0,0
CASH_IN,CASH_IN · nominal sedang,8,7775,10635535,0.001,12,0,1,1,0,2,1.85,saldo awal pengirim sangat ekstrem,1,0
TRANSFER,CASH_OUT · nominal besar,1,2253013,0,0.0,11,2,1,1,1,3,3.31,saldo tujuan tidak konsisten secara logika,1,0
CASH_IN,CASH_IN · nominal sedang,7,14255,25977700,0.001,19,0,1,1,0,2,1.65,saldo awal pengirim sangat ekstrem,1,0
CASH_OUT,CASH_OUT · nominal besar,11,283225,101500,2.79,13,3,0,0,0,0,1.6,saldo tujuan sangat ekstrem,0,0
PAYMENT,PAYMENT · nominal kecil,10,16464,0,0.0,20,1,0,0,0,0,1.24,menguras hampir seluruh saldo,0,0
PAYMENT,PAYMENT · nominal kecil,7,5792,400738,0.014,22,4,0,0,0,0,1.62,menguras hampir seluruh saldo,0,0
CASH_IN,CASH_IN · nominal sedang,7,230275,25623028,0.009,10,0,1,1,0,2,1.45,saldo awal pengirim sangat ekstrem,1,0
PAYMENT,PAYMENT · nominal kecil,26,5368,124798,0.043,17,4,0,0,0,0,0.66,menguras hampir seluruh saldo,0,0
PAYMENT,PAYMENT · nominal kecil,10,10695,55507,0.193,19,4,0,0,0,0,0.92,menguras hampir seluruh saldo,0,0
CASH_OUT,CASH_OUT · nominal besar,8,52293,0,0.0,21,2,1,1,0,2,1.54,saldo tujuan sangat ekstrem,1,0
CASH_IN,CASH_IN · nominal sedang,22,78126,1639746,0.048,10,0,1,1,0,2,1.5,saldo tujuan sangat ekstrem,1,0
TRANSFER,PAYMENT · nominal kecil,14,15560,15560,1.0,0,4,1,0,1,2,4.2,saldo pengirim tidak konsisten secara logika,1,1
CASH_OUT,CASH_OUT · nominal besar,5,2988103,2988103,1.0,9,3,1,1,0,2,3.96,nominal transaksi sangat ekstrem,1,1
CASH_OUT,CASH_OUT · nominal besar,10,137494,0,0.0,19,2,0,0,0,0,0.92,menguras hampir seluruh saldo,0,0
CASH_IN,CASH_IN · nominal sedang,8,70311,25733052,0.003,15,0,1,1,0,2,0.67,saldo awal pengirim sangat ekstrem,1,0
CASH_IN,CASH_IN · nominal sedang,11,107680,239697,0.449,17,0,1,0,0,1,0.49,menguras hampir seluruh saldo,0,0
TRANSFER,CASH_OUT · nominal besar,14,647708,0,0.0,14,2,1,1,0,2,1.48,saldo tujuan sangat ekstrem,1,0
PAYMENT,PAYMENT · nominal kecil,1,6285,0,0.0,14,1,0,0,0,0,0.54,menguras hampir seluruh saldo,0,0
PAYMENT,PAYMENT · nominal kecil,7,3163,0,0.0,23,1,0,0,0,0,1.92,menguras hampir seluruh saldo,0,0
CASH_OUT,PAYMENT · nominal kecil,13,22350,104812,0.213,20,4,0,0,0,0,2.05,menguras hampir seluruh saldo,0,0
CASH_OUT,CASH_OUT · nominal besar,7,135057,108689,1.243,14,3,0,0,0,0,1.96,saldo tujuan sangat ekstrem,0,0
CASH_OUT,PAYMENT · nominal kecil,19,166881,166881,1.0,17,4,0,0,0,0,2.0,saldo pengirim tidak konsisten secara logika,0,1
CASH_IN,CASH_IN · nominal sedang,13,42172,8236090,0.005,19,0,1,0,0,1,1.13,saldo awal pengirim sangat ekstrem,0,0
CASH_IN,CASH_IN · nominal sedang,16,141511,10216347,0.014,20,0,1,1,0,2,1.31,saldo awal pengirim sangat ekstrem,1,0
CASH_OUT,PAYMENT · nominal kecil,20,37394,37394,1.0,20,4,0,0,0,0,2.29,saldo pengirim tidak konsisten secara logika,0,1
CASH_IN,CASH_OUT · nominal besar,6,2910,158,10.0,13,3,1,0,1,2,3.27,menguras hampir seluruh saldo,1,0
CASH_IN,CASH_IN · nominal sedang,11,136018,9748805,0.014,11,0,1,1,0,2,1.1,saldo awal pengirim sangat ekstrem,1,0
CASH_OUT,PAYMENT · nominal kecil,18,3038,3038,1.0,20,4,0,0,0,0,2.42,saldo pengirim tidak konsisten secara logika,0,1
CASH_IN,CASH_IN · nominal sedang,1,45499,13365583,0.003,19,0,1,1,0,2,1.13,saldo awal pengirim sangat ekstrem,1,0
CASH_IN,CASH_IN · nominal sedang,7,387170,2568792,0.151,10,0,1,1,0,2,1.59,saldo tujuan sangat ekstrem,1,0
CASH_OUT,CASH_OUT · nominal besar,16,10000000,10000000,1.0,10,3,1,1,0,2,4.24,nominal transaksi sangat ekstrem,1,1
CASH_OUT,PAYMENT · nominal kecil,11,1589764,1589764,1.0,22,4,1,0,0,1,3.81,nominal transaksi sangat ekstrem,0,1
CASH_OUT,CASH_OUT · nominal besar,17,165236,1426,10.0,11,3,1,0,0,1,1.4,menguras hampir seluruh saldo,0,0
PAYMENT,PAYMENT · nominal kecil,6,11458,91234,0.126,20,4,0,0,0,0,1.13,menguras hampir seluruh saldo,0,0
CASH_IN,CASH_IN · nominal sedang,6,337759,101407,3.331,14,0,1,0,0,1,1.11,saldo tujuan tidak konsisten secara logika,0,0
CASH_IN,CASH_OUT · nominal besar,1,81166,145,10.0,8,3,1,0,1,2,3.37,menguras hampir seluruh saldo,1,0
TRANSFER,CASH_IN · nominal sedang,7,10000000,37670040,0.265,16,0,1,1,1,3,4.31,saldo tujuan tidak konsisten secara logika,1,1
CASH_IN,CASH_IN · nominal sedang,8,112140,12479721,0.009,20,0,1,1,0,2,1.19,saldo awal pengirim sangat ekstrem,1,0
PAYMENT,PAYMENT · nominal kecil,23,24187,80429,0.301,16,4,0,0,0,0,0.69,menguras hampir seluruh saldo,0,0
PAYMENT,PAYMENT · nominal kecil,1,42735,151566,0.282,18,4,0,0,0,0,1.1,menguras hampir seluruh saldo,0,0
CASH_OUT,CASH_OUT · nominal besar,10,200505,0,0.0,18,2,1,0,0,1,0.75,saldo tujuan sangat ekstrem,0,0
CASH_OUT,CASH_OUT · nominal besar,7,100070,0,0.0,17,2,0,0,0,0,0.57,menguras hampir seluruh saldo,0,0
CASH_OUT,PAYMENT · nominal kecil,22,159095,159095,1.0,19,4,0,0,0,0,2.11,saldo pengirim tidak konsisten secara logika,0,1
PAYMENT,PAYMENT · nominal kecil,12,2527,96198,0.026,17,4,0,0,0,0,0.93,menguras hampir seluruh saldo,0,0
CASH_OUT,PAYMENT · nominal kecil,8,194180,194180,1.0,17,4,0,0,0,0,2.6,saldo pengirim tidak konsisten secara logika,0,1
CASH_OUT,CASH_OUT · nominal besar,6,174386,800,10.0,10,3,1,0,0,1,2.0,menguras hampir seluruh saldo,0,0
PAYMENT,PAYMENT · nominal kecil,2,602,141390,0.004,10,4,0,0,0,0,2.05,menguras hampir seluruh saldo,0,0
PAYMENT,PAYMENT · nominal kecil,8,1429,52028,0.027,20,4,0,0,0,0,1.54,menguras hampir seluruh saldo,0,0
CASH_IN,CASH_IN · nominal sedang,29,80772,11099824,0.007,16,0,1,1,0,2,0.52,saldo awal pengirim sangat ekstrem,1,0
TRANSFER,CASH_OUT · nominal besar,1,821920,106862,7.691,11,3,1,0,1,2,2.54,menguras hampir seluruh saldo,1,0
TRANSFER,PAYMENT · nominal kecil,22,22048,22048,1.0,14,4,1,0,0,1,2.27,saldo pengirim tidak konsisten secara logika,0,1
CASH_OUT,CASH_OUT · nominal besar,11,35833,0,0.0,19,2,1,1,0,2,1.31,saldo tujuan sangat ekstrem,1,0
CASH_IN,CASH_IN · nominal sedang,9,63401,19442070,0.003,20,0,1,1,0,2,1.26,saldo awal pengirim sangat ekstrem,1,0
TRANSFER,CASH_OUT · nominal besar,13,10000000,194656,10.0,17,3,1,1,1,3,3.85,nominal transaksi sangat ekstrem,1,0
PAYMENT,PAYMENT · nominal kecil,6,19764,8062,2.452,13,1,0,0,0,0,1.74,saldo tujuan sangat ekstrem,0,0
CASH_IN,CASH_IN · nominal sedang,8,251398,9826848,0.026,11,0,1,1,0,2,1.23,saldo awal pengirim sangat ekstrem,1,0
TRANSFER,CASH_OUT · nominal besar,15,460737,0,0.0,22,2,0,0,0,0,2.01,menguras hampir seluruh saldo,0,0
CASH_OUT,CASH_OUT · nominal besar,17,223430,38596,5.789,13,3,0,0,0,0,1.14,menguras hampir seluruh saldo,0,0
CASH_IN,CASH_IN · nominal sedang,7,360567,3474293,0.104,19,0,1,0,0,1,1.17,saldo tujuan tidak konsisten secara logika,0,0
CASH_OUT,CASH_OUT · nominal besar,9,140912,24827,5.676,14,3,1,0,0,1,2.07,menguras hampir seluruh saldo,0,0
TRANSFER,PAYMENT · nominal kecil,5,37134,37134,1.0,11,4,1,0,0,1,2.61,saldo pengirim tidak konsisten secara logika,0,1
TRANSFER,PAYMENT · nominal kecil,14,30847,30847,1.0,13,4,1,0,0,1,2.4,saldo pengirim tidak konsisten secara logika,0,1
CASH_OUT,PAYMENT · nominal kecil,10,103950,103950,1.0,0,4,0,0,0,0,4.01,saldo pengirim tidak konsisten secara logika,0,1
CASH_IN,CASH_IN · nominal sedang,17,253410,17505136,0.014,13,0,1,1,0,2,0.94,saldo awal pengirim sangat ekstrem,1,0
CASH_IN,CASH_OUT · nominal besar,1,72054,10128437,0.007,15,3,1,1,0,2,3.77,saldo awal pengirim sangat ekstrem,1,0
TRANSFER,PAYMENT · nominal kecil,30,15372,15372,1.0,11,4,1,0,0,1,2.41,saldo pengirim tidak konsisten secara logika,0,1
CASH_OUT,PAYMENT · nominal kecil,1,12098,1082240,0.011,10,4,1,0,1,2,2.73,menguras hampir seluruh saldo,1,0
CASH_OUT,PAYMENT · nominal kecil,31,814690,814690,1.0,18,4,1,0,0,1,2.81,nominal transaksi sangat ekstrem,0,1
CASH_IN,CASH_OUT · nominal besar,12,84245,5907,10.0,14,3,1,0,0,1,2.33,menguras hampir seluruh saldo,0,0
TRANSFER,CASH_OUT · nominal besar,6,739227,50313,10.0,20,3,1,1,0,2,2.24,saldo tujuan sangat ekstrem,1,0
PAYMENT,PAYMENT · nominal kecil,9,20188,0,0.0,12,1,0,0,0,0,1.01,menguras hampir seluruh saldo,0,0
CASH_IN,CASH_IN · nominal sedang,1,212810,11749284,0.018,16,0,1,1,0,2,0.7,saldo awal pengirim sangat ekstrem,1,0
TRANSFER,CASH_OUT · nominal besar,17,2635528,0,0.0,19,2,1,1,0,2,2.18,nominal transaksi sangat ekstrem,1,0
TRANSFER,CASH_OUT · nominal besar,15,2414267,15964,10.0,9,3,1,1,1,3,2.8,nominal transaksi sangat ekstrem,1,0
TRANSFER,CASH_IN · nominal sedang,5,10000000,11812161,0.847,22,0,1,1,1,3,4.55,saldo tujuan tidak konsisten secara logika,1,1
CASH_OUT,CASH_OUT · nominal besar,12,266486,35125,7.587,13,3,0,0,0,0,1.15,menguras hampir seluruh saldo,0,0
DEBIT,CASH_OUT · nominal besar,1,7428,0,0.0,8,2,1,0,1,2,3.09,menguras hampir seluruh saldo,1,0
CASH_OUT,CASH_OUT · nominal besar,2,68025,0,0.0,19,2,0,0,0,0,1.03,menguras hampir seluruh saldo,0,0
CASH_OUT,PAYMENT · nominal kecil,31,8117,8117,1.0,19,4,0,0,0,0,1.75,saldo pengirim tidak konsisten secara logika,0,1
TRANSFER,CASH_OUT · nominal besar,1,13531,0,0.0,13,2,1,0,1,2,2.78,saldo tujuan sangat ekstrem,1,0
CASH_IN,CASH_IN · nominal sedang,8,333882,206727,1.615,10,0,1,0,0,1,2.35,saldo pengirim tidak konsisten secara logika,0,0
CASH_IN,CASH_IN · nominal sedang,7,25039,15666676,0.002,12,0,1,1,0,2,1.3,saldo awal pengirim sangat ekstrem,1,0
CASH_OUT,CASH_OUT · nominal besar,7,141234,0,0.0,11,2,1,1,0,2,2.35,saldo tujuan sangat ekstrem,1,0
TRANSFER,CASH_OUT · nominal besar,16,2548942,0,0.0,12,2,1,1,1,3,3.04,saldo tujuan sangat ekstrem,1,0
CASH_IN,CASH_IN · nominal sedang,15,189878,4770639,0.04,11,0,1,0,0,1,1.15,saldo awal pengirim sangat ekstrem,0,0
DEBIT,PAYMENT · nominal kecil,9,392,1265,0.31,19,4,1,0,1,2,3.13,saldo tujuan sangat ekstrem,1,0
PAYMENT,PAYMENT · nominal kecil,16,987,0,0.0,20,1,0,0,0,0,1.71,menguras hampir seluruh saldo,0,0
CASH_IN,CASH_IN · nominal sedang,16,450934,5951152,0.076,23,0,1,1,0,2,2.11,saldo tujuan sangat ekstrem,1,0
CASH_IN,CASH_OUT · nominal besar,10,272617,9576,10.0,9,3,1,1,0,2,3.01,saldo tujuan sangat ekstrem,1,0
PAYMENT,PAYMENT · nominal kecil,10,12889,51611,0.25,15,4,0,0,0,0,0.5,menguras hampir seluruh saldo,0,0
PAYMENT,PAYMENT · nominal kecil,2,2068,150161,0.014,13,4,0,0,0,0,1.14,menguras hampir seluruh saldo,0,0
CASH_OUT,CASH_OUT · nominal besar,8,277800,65245,4.258,12,3,1,1,0,2,1.76,saldo tujuan sangat ekstrem,1,0
DEBIT,PAYMENT · nominal kecil,25,6710,274853,0.024,12,4,0,0,0,0,2.31,menguras hampir seluruh saldo,0,0
CASH_OUT,PAYMENT · nominal kecil,5,570649,570649,1.0,11,4,1,0,0,1,2.78,nominal transaksi sangat ekstrem,0,1
CASH_OUT,PAYMENT · nominal kecil,7,11482,29991,0.383,18,4,0,0,0,0,1.95,menguras hampir seluruh saldo,0,0
TRANSFER,PAYMENT · nominal kecil,4,239474,239474,1.0,5,4,1,0,1,2,3.94,saldo tujuan tidak konsisten secara logika,1,1
CASH_IN,CASH_IN · nominal sedang,7,149279,17044786,0.009,12,0,1,1,0,2,0.97,saldo awal pengirim sangat ekstrem,1,0
CASH_IN,CASH_IN · nominal sedang,25,181454,11928512,0.015,9,0,1,1,0,2,1.57,saldo awal pengirim sangat ekstrem,1,0
CASH_OUT,CASH_OUT · nominal besar,14,352328,0,0.0,18,2,0,0,0,0,0.85,menguras hampir seluruh saldo,0,0
TRANSFER,CASH_OUT · nominal besar,10,2376033,20534,10.0,10,3,1,1,0,2,2.4,nominal transaksi sangat ekstrem,1,0
CASH_IN,CASH_IN · nominal sedang,16,182721,10492544,0.017,18,0,1,1,0,2,0.84,saldo awal pengirim sangat ekstrem,1,0
TRANSFER,PAYMENT · nominal kecil,21,422649,422649,1.0,10,4,1,0,1,2,3.59,saldo tujuan tidak konsisten secara logika,1,1
CASH_OUT,CASH_OUT · nominal besar,17,42438,0,0.0,10,2,0,0,0,0,1.48,menguras hampir seluruh saldo,0,0
CASH_OUT,CASH_OUT · nominal besar,12,646390,6157,10.0,23,3,1,0,0,1,2.28,menguras hampir seluruh saldo,0,0
PAYMENT,PAYMENT · nominal kecil,2,5458,33,10.0,9,1,1,0,0,1,3.09,menguras hampir seluruh saldo,0,0
TRANSFER,CASH_OUT · nominal besar,1,1839425,325324,5.654,9,3,1,0,1,2,3.53,nominal transaksi sangat ekstrem,1,0
PAYMENT,PAYMENT · nominal kecil,8,751,18020,0.042,21,4,0,0,0,0,1.96,menguras hampir seluruh saldo,0,0
TRANSFER,CASH_OUT · nominal besar,16,511553,0,0.0,12,2,0,0,0,0,1.52,menguras hampir seluruh saldo,0,0
CASH_OUT,CASH_OUT · nominal besar,8,252724,20618,10.0,14,3,1,0,0,1,1.6,menguras hampir seluruh saldo,0,0
PAYMENT,PAYMENT · nominal kecil,13,34873,0,0.0,18,1,0,0,0,0,1.13,menguras hampir seluruh saldo,0,0
PAYMENT,PAYMENT · nominal kecil,11,20554,0,0.0,13,1,0,0,0,0,0.85,menguras hampir seluruh saldo,0,0
CASH_OUT,CASH_OUT · nominal besar,17,326829,42754,7.644,21,3,0,0,0,0,1.7,menguras hampir seluruh saldo,0,0
CASH_IN,CASH_IN · nominal sedang,11,132611,75498,1.756,17,0,1,0,0,1,1.97,saldo tujuan sangat ekstrem,0,0
CASH_OUT,CASH_OUT · nominal besar,6,94876,0,0.0,12,2,0,0,0,0,0.88,menguras hampir seluruh saldo,0,0
CASH_IN,CASH_IN · nominal sedang,17,25974,16578874,0.002,17,0,1,1,0,2,1.09,saldo awal pengirim sangat ekstrem,1,0
PAYMENT,PAYMENT · nominal kecil,13,5392,0,0.0,13,1,0,0,0,0,0.72,menguras hampir seluruh saldo,0,0
CASH_OUT,PAYMENT · nominal kecil,17,540914,540914,1.0,20,4,1,0,0,1,2.98,nominal transaksi sangat ekstrem,0,1
CASH_OUT,PAYMENT · nominal kecil,11,3210028,3210028,1.0,2,4,1,1,1,3,4.68,nominal transaksi sangat ekstrem,1,1
CASH_OUT,CASH_OUT · nominal besar,12,281130,10489,10.0,12,3,1,0,0,1,1.35,menguras hampir seluruh saldo,0,0
CASH_OUT,CASH_OUT · nominal besar,24,317971,0,0.0,22,2,0,0,0,0,1.64,menguras hampir seluruh saldo,0,0
CASH_IN,CASH_IN · nominal sedang,8,173817,11715982,0.015,19,0,1,1,0,2,1.03,saldo awal pengirim sangat ekstrem,1,0
CASH_OUT,PAYMENT · nominal kecil,30,1293596,1293596,1.0,22,4,1,0,0,1,3.34,nominal transaksi sangat ekstrem,0,1
TRANSFER,PAYMENT · nominal kecil,1,43092,43092,1.0,8,4,1,0,1,2,2.99,saldo pengirim tidak konsisten secara logika,1,1
CASH_IN,CASH_IN · nominal sedang,1,130270,73507,1.772,13,0,1,1,0,2,0.97,saldo tujuan sangat ekstrem,1,0
CASH_IN,CASH_OUT · nominal besar,2,112828,1867522,0.06,21,3,1,1,0,2,4.18,saldo tujuan tidak konsisten secara logika,1,0
TRANSFER,PAYMENT · nominal kecil,19,79717,79717,1.0,0,4,1,0,1,2,4.46,saldo pengirim tidak konsisten secara logika,1,1
CASH_OUT,CASH_OUT · nominal besar,15,112157,11594,9.674,10,3,1,0,0,1,1.54,menguras hampir seluruh saldo,0,0
CASH_IN,CASH_IN · nominal sedang,26,169683,11046251,0.015,8,0,1,1,0,2,1.78,saldo awal pengirim sangat ekstrem,1,0
CASH_OUT,PAYMENT · nominal kecil,21,534471,534471,1.0,21,4,1,0,0,1,2.88,nominal transaksi sangat ekstrem,0,1
CASH_IN,CASH_OUT · nominal besar,1,221439,10392,10.0,13,3,1,1,0,2,2.71,saldo tujuan sangat ekstrem,1,0
CASH_OUT,CASH_OUT · nominal besar,13,277194,0,0.0,13,2,0,0,0,0,0.71,menguras hampir seluruh saldo,0,0
CASH_IN,CASH_IN · nominal sedang,2,214252,50855,4.213,14,0,1,0,0,1,1.24,saldo tujuan tidak konsisten secara logika,0,0
CASH_IN,CASH_IN · nominal sedang,11,169287,16523317,0.01,17,0,1,1,0,2,0.72,saldo awal pengirim sangat ekstrem,1,0
CASH_OUT,CASH_OUT · nominal besar,13,309221,0,0.0,17,2,1,0,0,1,2.2,menguras hampir seluruh saldo,0,0
TRANSFER,CASH_OUT · nominal besar,15,5027886,310298,10.0,9,3,1,1,0,2,2.99,nominal transaksi sangat ekstrem,1,0
CASH_OUT,PAYMENT · nominal kecil,31,501426,501426,1.0,4,4,1,0,0,1,3.66,nominal transaksi sangat ekstrem,0,1
CASH_IN,CASH_IN · nominal sedang,2,230973,22993458,0.01,16,0,1,1,0,2,0.91,saldo awal pengirim sangat ekstrem,1,0
CASH_OUT,CASH_OUT · nominal besar,12,12018,0,0.0,16,2,0,0,0,0,1.57,menguras hampir seluruh saldo,0,0
CASH_IN,CASH_IN · nominal sedang,14,95634,11362238,0.008,19,0,1,1,0,2,0.99,saldo awal pengirim sangat ekstrem,1,0
CASH_IN,CASH_IN · nominal sedang,12,45473,675774,0.067,12,0,1,0,0,1,0.98,menguras hampir seluruh saldo,0,0
CASH_IN,CASH_IN · nominal sedang,6,50864,19262340,0.003,10,0,1,1,0,2,1.42,saldo awal pengirim sangat ekstrem,1,0
CASH_IN,CASH_IN · nominal sedang,7,239255,975235,0.245,18,0,1,0,0,1,0.84,saldo tujuan tidak konsisten secara logika,0,0
CASH_OUT,CASH_OUT · nominal besar,17,166526,0,0.0,10,2,1,1,0,2,1.34,saldo tujuan sangat ekstrem,1,0
CASH_OUT,CASH_OUT · nominal besar,11,172634,0,0.0,13,2,0,0,0,0,0.64,menguras hampir seluruh saldo,0,0
PAYMENT,PAYMENT · nominal kecil,16,1252,0,0.0,18,1,0,0,0,0,1.35,menguras hampir seluruh saldo,0,0
CASH_IN,CASH_IN · nominal sedang,6,84777,62410,1.358,16,0,1,0,0,1,1.94,saldo tujuan sangat ekstrem,0,0
CASH_OUT,CASH_OUT · nominal besar,14,226572,0,0.0,12,2,0,0,0,0,0.86,menguras hampir seluruh saldo,0,0
CASH_IN,CASH_IN · nominal sedang,6,296322,1206188,0.246,15,0,1,0,0,1,0.64,saldo tujuan tidak konsisten secara logika,0,0
DEBIT,CASH_OUT · nominal besar,2,7649,70,10.0,0,3,1,0,1,2,4.39,menguras hampir seluruh saldo,1,0
PAYMENT,PAYMENT · nominal kecil,7,4134,269,10.0,23,1,1,0,0,1,3.34,menguras hampir seluruh saldo,0,0
PAYMENT,PAYMENT · nominal kecil,17,17331,128367,0.135,16,4,0,0,0,0,0.58,menguras hampir seluruh saldo,0,0
CASH_IN,CASH_IN · nominal sedang,11,160532,24581964,0.007,15,0,1,1,0,2,0.68,saldo awal pengirim sangat ekstrem,1,0
PAYMENT,PAYMENT · nominal kecil,12,32260,0,0.0,18,1,0,0,0,0,1.1,menguras hampir seluruh saldo,0,0
CASH_IN,CASH_IN · nominal sedang,1,137313,9763323,0.014,8,0,1,1,0,2,1.77,saldo awal pengirim sangat ekstrem,1,0
TRANSFER,CASH_IN · nominal sedang,31,1312694,1312694,1.0,20,0,1,0,1,2,3.83,saldo tujuan tidak konsisten secara logika,1,1
TRANSFER,CASH_OUT · nominal besar,1,504643,4593,10.0,20,3,1,0,0,1,1.97,menguras hampir seluruh saldo,0,0
CASH_OUT,CASH_OUT · nominal besar,6,97298,32910,2.957,22,3,0,0,0,0,2.26,saldo awal pengirim sangat ekstrem,0,0
CASH_OUT,CASH_OUT · nominal besar,1,458144,0,0.0,8,2,1,0,0,1,2.81,saldo tujuan tidak konsisten secara logika,0,0
TRANSFER,PAYMENT · nominal kecil,9,71323,71323,1.0,3,4,1,0,1,2,3.9,saldo pengirim tidak konsisten secara logika,1,1
CASH_OUT,CASH_OUT · nominal besar,8,298448,0,0.0,17,2,0,0,0,0,0.64,menguras hampir seluruh saldo,0,0
PAYMENT,PAYMENT · nominal kecil,1,3984,80382,0.05,10,4,0,0,0,0,1.45,menguras hampir seluruh saldo,0,0
TRANSFER,PAYMENT · nominal kecil,26,232186,232186,1.0,2,4,1,0,1,2,4.4,saldo tujuan tidak konsisten secara logika,1,1
CASH_IN,CASH_IN · nominal sedang,11,199378,125844,1.584,15,0,1,0,0,1,0.59,saldo tujuan tidak konsisten secara logika,0,0
PAYMENT,PAYMENT · nominal kecil,13,7799,0,0.0,16,1,0,0,0,0,0.45,menguras hampir seluruh saldo,0,0
TRANSFER,CASH_IN · nominal sedang,29,6250439,6250439,1.0,2,0,1,1,1,3,5.14,saldo tujuan tidak konsisten secara logika,1,1
CASH_IN,CASH_IN · nominal sedang,11,127705,10413117,0.012,15,0,1,1,0,2,0.63,saldo awal pengirim sangat ekstrem,1,0
TRANSFER,CASH_OUT · nominal besar,7,3786814,0,0.0,20,2,1,1,0,2,2.46,nominal transaksi sangat ekstrem,1,0
CASH_IN,CASH_OUT · nominal besar,2,9246,980,9.435,15,3,1,1,0,2,2.76,saldo tujuan sangat ekstrem,1,0
TRANSFER,PAYMENT · nominal kecil,26,93253,93253,1.0,1,4,1,0,1,2,4.32,saldo pengirim tidak konsisten secara logika,1,1
PAYMENT,PAYMENT · nominal kecil,7,2882,0,0.0,13,1,0,0,0,0,0.92,menguras hampir seluruh saldo,0,0
TRANSFER,CASH_OUT · nominal besar,17,2660049,185228,10.0,15,3,1,1,0,2,2.2,nominal transaksi sangat ekstrem,1,0
PAYMENT,PAYMENT · nominal kecil,9,8340,186552,0.045,15,4,0,0,0,0,0.51,menguras hampir seluruh saldo,0,0
CASH_OUT,CASH_OUT · nominal besar,13,190631,0,0.0,23,2,0,0,0,0,1.81,menguras hampir seluruh saldo,0,0
CASH_OUT,PAYMENT · nominal kecil,31,263402,263402,1.0,7,4,0,0,0,0,3.29,saldo pengirim tidak konsisten secara logika,0,1
TRANSFER,PAYMENT · nominal kecil,14,171201,171201,1.0,8,4,1,0,1,2,3.43,saldo pengirim tidak konsisten secara logika,1,1
CASH_IN,CASH_IN · nominal sedang,16,520981,9178994,0.057,20,0,1,1,0,2,1.68,saldo tujuan sangat ekstrem,1,0
TRANSFER,CASH_IN · nominal sedang,4,3607918,3607918,1.0,16,0,1,1,1,3,3.94,saldo tujuan tidak konsisten secara logika,1,1
CASH_OUT,CASH_OUT · nominal besar,11,304476,0,0.0,9,2,0,0,0,0,1.56,menguras hampir seluruh saldo,0,0
CASH_IN,CASH_IN · nominal sedang,15,302145,18909252,0.016,16,0,1,1,0,2,0.89,saldo awal pengirim sangat ekstrem,1,0
TRANSFER,CASH_IN · nominal sedang,26,1289142,1289142,1.0,19,0,1,0,1,2,3.77,saldo tujuan tidak konsisten secara logika,1,1
PAYMENT,PAYMENT · nominal kecil,23,25834,23540,1.097,21,4,0,0,0,0,2.12,saldo pengirim tidak konsisten secara logika,0,0
CASH_OUT,CASH_OUT · nominal besar,2,316581,0,0.0,15,2,1,0,0,1,0.61,saldo tujuan sangat ekstrem,0,0
CASH_OUT,CASH_OUT · nominal besar,1,359241,0,0.0,6,2,1,1,0,2,3.26,saldo tujuan tidak konsisten secara logika,1,0
CASH_OUT,CASH_OUT · nominal besar,15,181549,10746,10.0,11,3,1,0,0,1,1.34,menguras hampir seluruh saldo,0,0
TRANSFER,CASH_OUT · nominal besar,17,1951381,0,0.0,0,2,1,0,1,2,4.01,nominal transaksi sangat ekstrem,1,0
PAYMENT,PAYMENT · nominal kecil,8,5853,0,0.0,1,1,0,0,0,0,3.34,menguras hampir seluruh saldo,0,0
CASH_OUT,CASH_OUT · nominal besar,2,272483,56176,4.851,11,3,0,0,0,0,1.67,menguras hampir seluruh saldo,0,0
CASH_IN,CASH_IN · nominal sedang,10,74817,12418690,0.006,10,0,1,1,0,2,1.41,saldo awal pengirim sangat ekstrem,1,0
TRANSFER,CASH_OUT · nominal besar,16,157428,42671,3.689,20,3,0,0,0,0,2.02,menguras hampir seluruh saldo,0,0
TRANSFER,CASH_OUT · nominal besar,9,818683,35979,10.0,13,3,1,0,1,2,2.89,menguras hampir seluruh saldo,1,0
PAYMENT,PAYMENT · nominal kecil,17,14161,152550,0.093,17,4,0,0,0,0,0.62,menguras hampir seluruh saldo,0,0
TRANSFER,PAYMENT · nominal kecil,10,120385,120385,1.0,18,4,1,0,0,1,2.86,saldo pengirim tidak konsisten secara logika,0,1
TRANSFER,PAYMENT · nominal kecil,1,41594,20608,2.018,19,1,1,0,1,2,3.19,saldo tujuan sangat ekstrem,1,0
PAYMENT,PAYMENT · nominal kecil,13,6104,0,0.0,16,1,0,0,0,0,0.48,menguras hampir seluruh saldo,0,0
DEBIT,PAYMENT · nominal kecil,16,1483,505057,0.003,11,4,1,0,1,2,2.6,menguras hampir seluruh saldo,1,0
CASH_OUT,CASH_OUT · nominal besar,13,60480,0,0.0,16,2,0,0,0,0,0.67,menguras hampir seluruh saldo,0,0
CASH_IN,CASH_IN · nominal sedang,2,166714,11929473,0.014,22,0,1,1,0,2,1.66,saldo awal pengirim sangat ekstrem,1,0
CASH_OUT,CASH_OUT · nominal besar,17,301171,146191,2.06,18,3,1,0,0,1,2.11,saldo tujuan sangat ekstrem,0,0
TRANSFER,CASH_OUT · nominal besar,8,693766,0,0.0,11,2,1,1,0,2,1.78,saldo tujuan sangat ekstrem,1,0
CASH_IN,CASH_IN · nominal sedang,6,117770,33256,3.541,11,0,1,0,0,1,2.32,menguras hampir seluruh saldo,0,0
CASH_IN,CASH_IN · nominal sedang,15,252700,165190,1.53,16,0,1,0,0,1,0.67,saldo tujuan tidak konsisten secara logika,0,0
TRANSFER,PAYMENT · nominal kecil,22,199940,199940,1.0,22,4,1,0,1,2,3.36,saldo tujuan tidak konsisten secara logika,1,1
TRANSFER,CASH_IN · nominal sedang,19,1307156,1307156,1.0,2,0,1,0,1,2,4.79,saldo tujuan tidak konsisten secara logika,1,1
PAYMENT,PAYMENT · nominal kecil,13,29526,0,0.0,17,1,0,0,0,0,0.94,menguras hampir seluruh saldo,0,0
CASH_IN,CASH_IN · nominal sedang,10,460759,4215290,0.109,13,0,1,0,0,1,1.11,saldo tujuan tidak konsisten secara logika,0,0
CASH_IN,CASH_IN · nominal sedang,17,11587,20289280,0.001,21,0,1,1,0,2,1.98,saldo awal pengirim sangat ekstrem,1,0
TRANSFER,CASH_OUT · nominal besar,6,1495765,22284,10.0,9,3,1,1,1,3,3.28,saldo tujuan sangat ekstrem,1,0
TRANSFER,CASH_IN · nominal sedang,31,1232698,1232698,1.0,3,0,1,0,1,2,4.64,saldo tujuan tidak konsisten secara logika,1,1
TRANSFER,CASH_OUT · nominal besar,13,2111561,0,0.0,19,2,1,1,0,2,2.09,nominal transaksi sangat ekstrem,1,0
TRANSFER,CASH_IN · nominal sedang,10,1179162,1179162,1.0,4,0,1,0,1,2,4.49,saldo tujuan tidak konsisten secara logika,1,1
CASH_OUT,CASH_OUT · nominal besar,16,118731,0,0.0,14,2,1,0,0,1,0.56,saldo tujuan sangat ekstrem,0,0
CASH_IN,CASH_IN · nominal sedang,2,98544,11916320,0.008,19,0,1,1,0,2,1.09,saldo awal pengirim sangat ekstrem,1,0
CASH_OUT,CASH_OUT · nominal besar,17,18863,800,10.0,17,3,1,0,0,1,1.66,menguras hampir seluruh saldo,0,0
CASH_OUT,PAYMENT · nominal kecil,2,214976,214976,1.0,9,4,1,0,0,1,3.3,saldo pengirim tidak konsisten secara logika,0,1
CASH_OUT,PAYMENT · nominal kecil,23,266547,266547,1.0,9,4,0,0,0,0,2.67,saldo pengirim tidak konsisten secara logika,0,1
CASH_OUT,CASH_OUT · nominal besar,13,280798,182809,1.536,15,3,0,0,0,0,2.04,saldo tujuan sangat ekstrem,0,0
CASH_OUT,CASH_OUT · nominal besar,16,521281,116096,4.49,14,3,1,1,0,2,1.73,saldo tujuan sangat ekstrem,1,0
CASH_OUT,PAYMENT · nominal kecil,11,32733,32733,1.0,15,4,0,0,0,0,1.38,saldo pengirim tidak konsisten secara logika,0,1
CASH_IN,CASH_IN · nominal sedang,8,186261,1718374,0.108,11,0,1,1,0,2,1.27,saldo tujuan sangat ekstrem,1,0
CASH_IN,CASH_IN · nominal sedang,15,449070,6813412,0.066,10,0,1,0,0,1,1.57,saldo awal pengirim sangat ekstrem,0,0
CASH_OUT,CASH_OUT · nominal besar,15,556044,2555,10.0,10,3,1,0,0,1,1.78,menguras hampir seluruh saldo,0,0
CASH_IN,CASH_IN · nominal sedang,1,58626,18868994,0.003,14,0,1,1,0,2,0.73,saldo awal pengirim sangat ekstrem,1,0
CASH_OUT,PAYMENT · nominal kecil,10,1638865,1638865,1.0,15,4,1,0,0,1,3.12,nominal transaksi sangat ekstrem,0,1
CASH_OUT,PAYMENT · nominal kecil,17,65398,862888,0.076,17,4,1,0,0,1,1.67,menguras hampir seluruh saldo,0,0
CASH_OUT,CASH_OUT · nominal besar,2,164529,0,0.0,10,2,0,0,0,0,1.28,menguras hampir seluruh saldo,0,0
PAYMENT,PAYMENT · nominal kecil,14,19246,155371,0.124,19,4,0,0,0,0,1.0,menguras hampir seluruh saldo,0,0
CASH_IN,CASH_OUT · nominal besar,1,161870,3751104,0.043,15,3,1,0,0,1,3.56,saldo awal pengirim sangat ekstrem,0,0
TRANSFER,PAYMENT · nominal kecil,12,98897,98897,1.0,15,4,1,0,1,2,2.73,saldo pengirim tidak konsisten secara logika,1,1
CASH_OUT,CASH_OUT · nominal besar,10,3379010,3379010,1.0,4,3,1,1,0,2,4.54,nominal transaksi sangat ekstrem,1,1
CASH_IN,CASH_IN · nominal sedang,15,272666,874656,0.312,22,0,1,0,0,1,1.67,saldo tujuan tidak konsisten secara logika,0,0
CASH_OUT,CASH_OUT · nominal besar,2,290658,10880,10.0,10,3,1,0,0,1,1.76,menguras hampir seluruh saldo,0,0
CASH_OUT,CASH_OUT · nominal besar,16,297126,28830,10.0,14,3,1,0,0,1,1.13,menguras hampir seluruh saldo,0,0
CASH_IN,CASH_OUT · nominal besar,9,214269,30596,7.003,10,3,1,0,0,1,2.8,menguras hampir seluruh saldo,0,0
TRANSFER,PAYMENT · nominal kecil,16,112321,220259,0.51,17,4,0,0,0,0,2.48,menguras hampir seluruh saldo,0,0
CASH_OUT,PAYMENT · nominal kecil,27,299794,490124,0.612,18,4,1,0,0,1,2.84,menguras hampir seluruh saldo,0,0
CASH_OUT,PAYMENT · nominal kecil,5,99808,99808,1.0,12,4,0,0,0,0,2.28,saldo pengirim tidak konsisten secara logika,0,1
TRANSFER,CASH_OUT · nominal besar,15,322316,0,0.0,19,2,0,0,0,0,1.46,menguras hampir seluruh saldo,0,0
CASH_IN,CASH_IN · nominal sedang,13,433820,11476051,0.038,23,0,1,1,0,2,2.05,saldo awal pengirim sangat ekstrem,1,0
TRANSFER,CASH_OUT · nominal besar,2,2628157,0,0.0,18,2,1,1,0,2,2.13,nominal transaksi sangat ekstrem,1,0
TRANSFER,PAYMENT · nominal kecil,19,541487,541487,1.0,12,4,1,0,1,2,3.57,saldo tujuan tidak konsisten secara logika,1,1
TRANSFER,CASH_OUT · nominal besar,2,461894,11150,10.0,19,3,1,0,0,1,2.12,menguras hampir seluruh saldo,0,0
PAYMENT,PAYMENT · nominal kecil,15,16598,0,0.0,20,1,0,0,0,0,1.24,menguras hampir seluruh saldo,0,0
PAYMENT,PAYMENT · nominal kecil,17,3513,163,10.0,18,1,1,0,0,1,2.88,menguras hampir seluruh saldo,0,0
TRANSFER,PAYMENT · nominal kecil,25,98533,98533,1.0,12,4,1,0,1,2,2.84,saldo pengirim tidak konsisten secara logika,1,1
CASH_OUT,CASH_OUT · nominal besar,11,126611,0,0.0,19,2,1,1,0,2,0.98,saldo tujuan sangat ekstrem,1,0
CASH_IN,CASH_IN · nominal sedang,10,247538,12751211,0.019,21,0,1,1,0,2,1.5,saldo awal pengirim sangat ekstrem,1,0
TRANSFER,PAYMENT · nominal kecil,27,228752,228752,1.0,20,4,1,0,1,2,3.24,saldo tujuan tidak konsisten secara logika,1,1
CASH_OUT,CASH_OUT · nominal besar,13,477850,55457,8.617,18,3,0,0,0,0,1.25,menguras hampir seluruh saldo,0,0
TRANSFER,PAYMENT · nominal kecil,2,378204,378204,1.0,7,4,1,0,1,2,3.85,saldo tujuan tidak konsisten secara logika,1,1
CASH_IN,CASH_OUT · nominal besar,1,485614,5584,10.0,17,3,1,0,0,1,2.69,menguras hampir seluruh saldo,0,0
CASH_OUT,PAYMENT · nominal kecil,19,239096,239096,1.0,14,4,0,0,0,0,2.51,saldo pengirim tidak konsisten secara logika,0,1
TRANSFER,CASH_OUT · nominal besar,12,2386205,0,0.0,18,2,1,1,0,2,2.05,nominal transaksi sangat ekstrem,1,0
TRANSFER,CASH_IN · nominal sedang,27,1517772,1517772,1.0,23,0,1,1,1,3,4.11,saldo tujuan tidak konsisten secara logika,1,1
PAYMENT,PAYMENT · nominal kecil,17,11460,19441,0.589,21,4,0,0,0,0,1.37,menguras hampir seluruh saldo,0,0
CASH_OUT,CASH_OUT · nominal besar,16,48711,40276,1.209,9,2,1,1,0,2,2.84,saldo tujuan sangat ekstrem,1,0
TRANSFER,PAYMENT · nominal kecil,30,181545,181545,1.0,3,4,1,0,1,2,4.16,saldo pengirim tidak konsisten secara logika,1,1
TRANSFER,CASH_IN · nominal sedang,29,880661,880661,1.0,20,0,1,0,1,2,3.75,saldo tujuan tidak konsisten secara logika,1,1
TRANSFER,CASH_IN · nominal sedang,14,4895344,4895344,1.0,7,0,1,1,1,3,4.47,saldo tujuan tidak konsisten secara logika,1,1
CASH_IN,CASH_IN · nominal sedang,1,469047,6148746,0.076,15,0,1,0,0,1,0.98,saldo tujuan tidak konsisten secara logika,0,0
TRANSFER,CASH_OUT · nominal besar,12,51422,432,10.0,0,3,1,0,1,2,3.86,menguras hampir seluruh saldo,1,0
CASH_OUT,PAYMENT · nominal kecil,7,71085,104942,0.677,9,4,0,0,0,0,2.65,menguras hampir seluruh saldo,0,0
CASH_OUT,PAYMENT · nominal kecil,30,337288,337288,1.0,7,4,0,0,0,0,3.25,saldo pengirim tidak konsisten secara logika,0,1
TRANSFER,CASH_IN · nominal sedang,19,10000000,14339822,0.697,8,0,1,1,1,3,4.61,saldo tujuan tidak konsisten secara logika,1,1
TRANSFER,PAYMENT · nominal kecil,30,372703,372703,1.0,16,4,1,0,1,2,3.3,saldo tujuan tidak konsisten secara logika,1,1
CASH_IN,CASH_IN · nominal sedang,9,11677,29650086,0.0,10,0,1,1,0,2,1.94,saldo awal pengirim sangat ekstrem,1,0
TRANSFER,CASH_OUT · nominal besar,26,202439,11260,10.0,14,3,1,1,0,2,1.79,saldo tujuan sangat ekstrem,1,0
CASH_OUT,CASH_OUT · nominal besar,1,304043,0,0.0,12,2,1,0,0,1,2.12,menguras hampir seluruh saldo,0,0
CASH_IN,CASH_IN · nominal sedang,13,210082,814732,0.258,22,0,1,0,0,1,1.64,saldo tujuan tidak konsisten secara logika,0,0
PAYMENT,PAYMENT · nominal kecil,1,1845,46591,0.04,16,4,0,0,0,0,1.03,menguras hampir seluruh saldo,0,0
TRANSFER,CASH_OUT · nominal besar,6,734288,0,0.0,13,2,0,0,0,0,1.53,nominal transaksi sangat ekstrem,0,0
CASH_OUT,PAYMENT · nominal kecil,24,2720,2720,1.0,5,4,0,0,0,0,3.35,saldo pengirim tidak konsisten secara logika,0,1
PAYMENT,PAYMENT · nominal kecil,1,15059,223994,0.067,10,4,0,0,0,0,1.4,menguras hampir seluruh saldo,0,0
PAYMENT,PAYMENT · nominal kecil,10,4436,696,6.373,11,1,0,0,0,0,2.23,menguras hampir seluruh saldo,0,0
TRANSFER,CASH_IN · nominal sedang,2,2023920,2023920,1.0,8,0,1,1,1,3,4.14,saldo tujuan tidak konsisten secara logika,1,1
CASH_OUT,CASH_OUT · nominal besar,17,71217,374,10.0,19,3,1,0,0,1,1.56,menguras hampir seluruh saldo,0,0
CASH_OUT,CASH_OUT · nominal besar,14,351187,51328,6.842,19,3,0,0,0,0,1.34,menguras hampir seluruh saldo,0,0
TRANSFER,CASH_OUT · nominal besar,8,2201759,104108,10.0,12,3,1,1,0,2,2.52,nominal transaksi sangat ekstrem,1,0
TRANSFER,PAYMENT · nominal kecil,17,350017,350017,1.0,15,4,1,0,1,2,3.27,saldo tujuan tidak konsisten secara logika,1,1
CASH_IN,CASH_IN · nominal sedang,1,159061,6267347,0.025,19,0,1,1,0,2,1.11,saldo tujuan sangat ekstrem,1,0
PAYMENT,PAYMENT · nominal kecil,12,740,0,0.0,9,1,0,0,0,0,2.07,menguras hampir seluruh saldo,0,0
CASH_OUT,PAYMENT · nominal kecil,23,1571566,1571566,1.0,21,4,1,0,0,1,3.34,nominal transaksi sangat ekstrem,0,1
CASH_IN,CASH_IN · nominal sedang,2,9782,12458921,0.001,21,0,1,1,0,2,2.07,saldo awal pengirim sangat ekstrem,1,0
TRANSFER,CASH_IN · nominal sedang,10,6029388,6029388,1.0,15,0,1,1,1,3,4.1,saldo tujuan tidak konsisten secara logika,1,1
TRANSFER,PAYMENT · nominal kecil,28,82536,82536,1.0,10,4,1,0,1,2,2.95,saldo pengirim tidak konsisten secara logika,1,1
CASH_OUT,CASH_OUT · nominal besar,14,296914,278952,1.064,20,3,0,0,0,0,2.52,saldo tujuan sangat ekstrem,0,0
CASH_OUT,PAYMENT · nominal kecil,6,433349,433349,1.0,17,4,1,0,0,1,3.02,nominal transaksi sangat ekstrem,0,1
CASH_OUT,CASH_OUT · nominal besar,15,134171,0,0.0,18,2,1,1,0,2,0.81,saldo tujuan sangat ekstrem,1,0
CASH_IN,CASH_IN · nominal sedang,13,269122,79964,3.366,11,0,1,0,0,1,2.33,saldo pengirim tidak konsisten secara logika,0,0
PAYMENT,PAYMENT · nominal kecil,8,8266,117643,0.07,21,4,0,0,0,0,1.35,menguras hampir seluruh saldo,0,0
CASH_OUT,CASH_OUT · nominal besar,12,1654055,1654055,1.0,3,3,1,0,0,1,4.53,nominal transaksi sangat ekstrem,0,1
CASH_OUT,PAYMENT · nominal kecil,21,462441,462441,1.0,17,4,1,0,0,1,2.81,nominal transaksi sangat ekstrem,0,1
PAYMENT,PAYMENT · nominal kecil,17,6191,34913,0.177,17,4,0,0,0,0,0.63,menguras hampir seluruh saldo,0,0
TRANSFER,CASH_OUT · nominal besar,9,348812,10033,10.0,14,3,1,0,0,1,1.77,saldo tujuan sangat ekstrem,0,0
CASH_IN,CASH_IN · nominal sedang,9,132484,3858019,0.034,10,0,1,0,0,1,1.37,saldo tujuan sangat ekstrem,0,0
TRANSFER,PAYMENT · nominal kecil,26,277583,277583,1.0,4,4,1,0,1,2,4.14,saldo tujuan tidak konsisten secara logika,1,1
CASH_IN,CASH_IN · nominal sedang,17,48715,95237,0.512,13,0,1,1,0,2,1.02,saldo tujuan sangat ekstrem,1,0
PAYMENT,PAYMENT · nominal kecil,17,11295,20405,0.554,13,4,0,0,0,0,0.79,menguras hampir seluruh saldo,0,0
TRANSFER,CASH_IN · nominal sedang,10,1052669,1052669,1.0,1,0,1,0,1,2,4.91,saldo tujuan tidak konsisten secara logika,1,1
CASH_OUT,CASH_OUT · nominal besar,6,146815,0,0.0,13,2,0,0,0,0,0.68,menguras hampir seluruh saldo,0,0
CASH_IN,CASH_IN · nominal sedang,6,3608,9926865,0.0,16,0,1,1,0,2,2.14,saldo awal pengirim sangat ekstrem,1,0
CASH_IN,CASH_OUT · nominal besar,1,53594,15815945,0.003,16,3,1,1,0,2,3.69,saldo awal pengirim sangat ekstrem,1,0
TRANSFER,PAYMENT · nominal kecil,1,13152,8847,1.487,18,1,0,0,0,0,2.19,saldo pengirim tidak konsisten secara logika,0,0
CASH_OUT,CASH_OUT · nominal besar,16,103233,0,0.0,11,2,0,0,0,0,1.08,menguras hampir seluruh saldo,0,0
CASH_OUT,CASH_OUT · nominal besar,8,100142,90424,1.107,11,3,0,0,0,0,2.33,saldo pengirim tidak konsisten secara logika,0,0
TRANSFER,CASH_IN · nominal sedang,19,7782452,7782452,1.0,14,0,1,1,1,3,4.2,saldo tujuan tidak konsisten secara logika,1,1
TRANSFER,PAYMENT · nominal kecil,12,64319,64319,1.0,7,4,1,0,1,2,3.24,saldo pengirim tidak konsisten secara logika,1,1
PAYMENT,PAYMENT · nominal kecil,17,2812,93267,0.03,0,4,0,0,0,0,3.69,menguras hampir seluruh saldo,0,0
PAYMENT,PAYMENT · nominal kecil,13,16661,0,0.0,12,1,0,0,0,0,0.95,menguras hampir seluruh saldo,0,0
CASH_OUT,PAYMENT · nominal kecil,7,489715,489715,1.0,2,4,1,0,0,1,4.27,nominal transaksi sangat ekstrem,0,1
DEBIT,PAYMENT · nominal kecil,17,3155,41300,0.076,20,4,1,1,0,2,2.79,saldo tujuan sangat ekstrem,1,0
CASH_IN,CASH_IN · nominal sedang,8,224180,11910313,0.019,19,0,1,1,0,2,1.17,saldo awal pengirim sangat ekstrem,1,0
CASH_IN,CASH_OUT · nominal besar,1,50728,14789878,0.003,10,3,1,1,0,2,3.78,saldo awal pengirim sangat ekstrem,1,0
CASH_IN,CASH_IN · nominal sedang,8,7584,27786936,0.0,18,0,1,1,0,2,1.86,saldo awal pengirim sangat ekstrem,1,0
CASH_OUT,CASH_OUT · nominal besar,13,2081052,2081052,1.0,22,3,1,1,0,2,3.96,nominal transaksi sangat ekstrem,1,1
CASH_OUT,CASH_OUT · nominal besar,1,2701905,2701905,1.0,16,3,1,1,0,2,3.6,nominal transaksi sangat ekstrem,1,1
CASH_IN,CASH_IN · nominal sedang,7,287548,10486936,0.027,11,0,1,1,0,2,1.31,saldo awal pengirim sangat ekstrem,1,0
CASH_IN,CASH_OUT · nominal besar,9,133129,5220,10.0,17,3,1,0,0,1,2.42,menguras hampir seluruh saldo,0,0
CASH_OUT,CASH_OUT · nominal besar,9,110483,0,0.0,16,2,0,0,0,0,0.44,saldo tujuan sangat ekstrem,0,0
PAYMENT,PAYMENT · nominal kecil,8,7380,0,0.0,20,1,0,0,0,0,1.17,menguras hampir seluruh saldo,0,0
CASH_IN,CASH_IN · nominal sedang,16,289114,5069564,0.057,20,0,1,0,0,1,1.3,saldo awal pengirim sangat ekstrem,0,0
CASH_IN,CASH_IN · nominal sedang,2,308510,9643776,0.032,12,0,1,1,0,2,1.1,saldo awal pengirim sangat ekstrem,1,0
CASH_OUT,PAYMENT · nominal kecil,8,342675,342675,1.0,15,4,0,0,0,0,2.78,saldo pengirim tidak konsisten secara logika,0,1
PAYMENT,PAYMENT · nominal kecil,1,2092,0,0.0,10,1,0,0,0,0,1.52,menguras hampir seluruh saldo,0,0
CASH_OUT,PAYMENT · nominal kecil,30,353091,353091,1.0,9,4,0,0,0,0,3.14,saldo pengirim tidak konsisten secara logika,0,1
CASH_OUT,PAYMENT · nominal kecil,6,2873536,2873536,1.0,20,4,1,1,0,2,3.57,nominal transaksi sangat ekstrem,1,1
CASH_OUT,CASH_OUT · nominal besar,6,270485,0,0.0,21,2,0,0,0,0,1.39,menguras hampir seluruh saldo,0,0
TRANSFER,PAYMENT · nominal kecil,5,427405,427405,1.0,2,4,1,0,1,2,4.6,saldo tujuan tidak konsisten secara logika,1,1
CASH_IN,CASH_IN · nominal sedang,12,208581,5823162,0.036,13,0,1,1,0,2,0.97,saldo tujuan sangat ekstrem,1,0
CASH_IN,CASH_OUT · nominal besar,17,254442,9089,10.0,16,3,1,1,0,2,2.68,saldo tujuan sangat ekstrem,1,0
PAYMENT,PAYMENT · nominal kecil,12,45226,0,0.0,17,1,0,0,0,0,1.15,menguras hampir seluruh saldo,0,0
CASH_OUT,CASH_OUT · nominal besar,9,112220,0,0.0,12,2,0,0,0,0,0.85,menguras hampir seluruh saldo,0,0
TRANSFER,CASH_OUT · nominal besar,13,1782384,0,0.0,17,2,1,0,1,2,2.91,nominal transaksi sangat ekstrem,1,0
PAYMENT,CASH_OUT · nominal besar,9,7203,188,10.0,18,3,1,0,0,1,2.79,menguras hampir seluruh saldo,0,0
CASH_IN,CASH_IN · nominal sedang,15,525699,16740736,0.031,18,0,1,1,0,2,1.29,saldo awal pengirim sangat ekstrem,1,0
CASH_OUT,CASH_OUT · nominal besar,11,328887,0,0.0,12,2,1,1,0,2,1.02,saldo tujuan sangat ekstrem,1,0
CASH_OUT,CASH_OUT · nominal besar,6,38273,0,0.0,12,2,0,0,0,0,1.17,menguras hampir seluruh saldo,0,0
CASH_OUT,CASH_OUT · nominal besar,23,98398,0,0.0,10,2,0,0,0,0,1.3,menguras hampir seluruh saldo,0,0
TRANSFER,CASH_IN · nominal sedang,4,2498370,2498370,1.0,11,0,1,1,1,3,3.96,saldo tujuan tidak konsisten secara logika,1,1
TRANSFER,PAYMENT · nominal kecil,23,74437,74437,1.0,15,4,1,0,1,2,2.62,saldo pengirim tidak konsisten secara logika,1,1
CASH_IN,CASH_IN · nominal sedang,16,284759,63352,4.495,14,0,1,0,0,1,1.32,saldo tujuan tidak konsisten secara logika,0,0
CASH_IN,CASH_IN · nominal sedang,8,133601,10322960,0.013,20,0,1,1,0,2,1.19,saldo awal pengirim sangat ekstrem,1,0
CASH_OUT,PAYMENT · nominal kecil,6,829012,829012,1.0,7,4,1,0,0,1,3.4,nominal transaksi sangat ekstrem,0,1
CASH_OUT,PAYMENT · nominal kecil,16,1397690,1397690,1.0,2,4,1,0,1,2,4.36,nominal transaksi sangat ekstrem,1,1
PAYMENT,CASH_OUT · nominal besar,12,45075,118,10.0,0,3,1,0,1,2,4.12,menguras hampir seluruh saldo,1,0
CASH_IN,CASH_IN · nominal sedang,11,282613,465260,0.607,16,0,1,0,0,1,0.64,saldo tujuan tidak konsisten secara logika,0,0
PAYMENT,PAYMENT · nominal kecil,9,9174,44591,0.206,17,4,0,0,0,0,0.57,menguras hampir seluruh saldo,0,0
CASH_OUT,PAYMENT · nominal kecil,29,799124,799124,1.0,23,4,1,0,0,1,3.77,saldo tujuan sangat ekstrem,0,1
CASH_IN,CASH_IN · nominal sedang,14,254426,1191999,0.213,12,0,1,1,0,2,1.13,saldo tujuan sangat ekstrem,1,0
CASH_OUT,PAYMENT · nominal kecil,20,36997,36997,1.0,17,4,0,0,0,0,2.17,saldo pengirim tidak konsisten secara logika,0,1
TRANSFER,CASH_IN · nominal sedang,23,834204,834204,1.0,3,0,1,0,1,2,4.58,saldo tujuan tidak konsisten secara logika,1,1
CASH_OUT,CASH_OUT · nominal besar,10,38712,0,0.0,12,2,0,0,0,0,1.17,menguras hampir seluruh saldo,0,0
CASH_IN,CASH_IN · nominal sedang,11,136210,1799148,0.076,16,0,1,0,0,1,0.34,menguras hampir seluruh saldo,0,0
CASH_OUT,PAYMENT · nominal kecil,22,27484,27484,1.0,17,4,0,0,0,0,1.86,saldo pengirim tidak konsisten secara logika,0,1
CASH_IN,CASH_IN · nominal sedang,17,195902,11315294,0.017,10,0,1,1,0,2,1.38,saldo awal pengirim sangat ekstrem,1,0
TRANSFER,CASH_OUT · nominal besar,1,1307732,9167,10.0,8,3,1,0,1,2,3.77,menguras hampir seluruh saldo,1,0
TRANSFER,CASH_OUT · nominal besar,16,2056000,0,0.0,11,2,1,1,0,2,2.14,nominal transaksi sangat ekstrem,1,0
CASH_OUT,PAYMENT · nominal kecil,15,174567,174567,1.0,17,4,0,0,0,0,2.64,saldo pengirim tidak konsisten secara logika,0,1
CASH_IN,CASH_IN · nominal sedang,16,175646,8234398,0.021,11,0,1,0,0,1,1.18,saldo awal pengirim sangat ekstrem,0,0
PAYMENT,PAYMENT · nominal kecil,10,10850,11230,0.966,15,4,0,0,0,0,0.61,saldo pengirim tidak konsisten secara logika,0,0
CASH_OUT,CASH_OUT · nominal besar,7,551525,3045,10.0,9,3,1,0,0,1,2.23,menguras hampir seluruh saldo,0,0
CASH_OUT,PAYMENT · nominal kecil,10,63944,63944,1.0,23,4,0,0,0,0,2.98,saldo tujuan sangat ekstrem,0,1
CASH_OUT,CASH_OUT · nominal besar,10,63632,728,10.0,20,3,1,0,0,1,1.68,menguras hampir seluruh saldo,0,0
TRANSFER,PAYMENT · nominal kecil,23,22824,22824,1.0,0,4,1,0,1,2,4.25,saldo pengirim tidak konsisten secara logika,1,1
PAYMENT,PAYMENT · nominal kecil,8,28876,269435,0.107,11,4,0,0,0,0,1.32,menguras hampir seluruh saldo,0,0
TRANSFER,CASH_OUT · nominal besar,2,1554696,55723,10.0,10,3,1,0,1,2,3.29,nominal transaksi sangat ekstrem,1,0
CASH_IN,CASH_IN · nominal sedang,1,67680,9738425,0.007,10,0,1,1,0,2,1.4,saldo awal pengirim sangat ekstrem,1,0
CASH_IN,CASH_OUT · nominal besar,14,439323,1994,10.0,17,3,1,0,0,1,2.71,menguras hampir seluruh saldo,0,0
CASH_IN,CASH_IN · nominal sedang,6,45856,56435,0.813,15,0,1,0,0,1,0.75,menguras hampir seluruh saldo,0,0
CASH_IN,CASH_OUT · nominal besar,16,201544,117,10.0,17,3,1,0,0,1,2.59,menguras hampir seluruh saldo,0,0
TRANSFER,CASH_OUT · nominal besar,6,963204,0,0.0,23,2,1,1,0,2,2.39,saldo tujuan sangat ekstrem,1,0
TRANSFER,PAYMENT · nominal kecil,4,64345,64345,1.0,13,4,1,0,0,1,2.63,saldo pengirim tidak konsisten secara logika,0,1
CASH_IN,CASH_OUT · nominal besar,16,538026,117,10.0,12,3,1,0,0,1,2.79,menguras hampir seluruh saldo,0,0
TRANSFER,CASH_OUT · nominal besar,7,917241,0,0.0,13,2,1,0,0,1,1.62,nominal transaksi sangat ekstrem,0,0
PAYMENT,PAYMENT · nominal kecil,9,1378,2205,0.625,17,4,0,0,0,0,1.37,menguras hampir seluruh saldo,0,0
TRANSFER,CASH_OUT · nominal besar,14,2096353,157,10.0,11,3,1,1,0,2,2.32,nominal transaksi sangat ekstrem,1,0
PAYMENT,PAYMENT · nominal kecil,1,38404,0,0.0,19,1,0,0,0,0,1.31,menguras hampir seluruh saldo,0,0
TRANSFER,CASH_OUT · nominal besar,9,480639,19637,10.0,17,3,1,1,0,2,1.89,saldo tujuan sangat ekstrem,1,0
CASH_IN,CASH_IN · nominal sedang,6,84067,9429596,0.009,19,0,1,1,0,2,1.14,saldo tujuan sangat ekstrem,1,0
TRANSFER,CASH_OUT · nominal besar,15,2004625,0,0.0,15,2,1,1,0,2,1.88,nominal transaksi sangat ekstrem,1,0
TRANSFER,CASH_OUT · nominal besar,15,4492260,30077,10.0,10,3,1,1,0,2,2.83,nominal transaksi sangat ekstrem,1,0
PAYMENT,PAYMENT · nominal kecil,7,22752,60155,0.378,9,4,0,0,0,0,1.65,menguras hampir seluruh saldo,0,0
CASH_IN,CASH_OUT · nominal besar,10,269490,10420,10.0,15,3,1,0,0,1,2.65,menguras hampir seluruh saldo,0,0
CASH_OUT,PAYMENT · nominal kecil,1,318657,790743,0.403,9,4,1,1,0,2,3.45,saldo tujuan sangat ekstrem,1,0
CASH_IN,CASH_OUT · nominal besar,1,260371,180,10.0,9,3,1,0,0,1,3.08,menguras hampir seluruh saldo,0,0
CASH_IN,CASH_IN · nominal sedang,8,355485,9605467,0.037,10,0,1,1,0,2,1.5,saldo awal pengirim sangat ekstrem,1,0
TRANSFER,CASH_OUT · nominal besar,10,586736,0,0.0,15,2,0,0,0,0,1.36,nominal transaksi sangat ekstrem,0,0
PAYMENT,PAYMENT · nominal kecil,13,8489,55175,0.154,22,4,0,0,0,0,1.56,menguras hampir seluruh saldo,0,0
CASH_OUT,CASH_OUT · nominal besar,28,83684,10448,8.01,19,3,0,0,0,0,1.29,menguras hampir seluruh saldo,0,0
CASH_OUT,PAYMENT · nominal kecil,13,2321634,2321634,1.0,17,4,1,1,0,2,3.32,nominal transaksi sangat ekstrem,1,1
CASH_OUT,CASH_OUT · nominal besar,15,70423,10999,6.403,13,3,0,0,0,0,1.6,menguras hampir seluruh saldo,0,0
CASH_IN,CASH_IN · nominal sedang,1,222324,82061,2.709,17,0,1,0,0,1,0.94,saldo tujuan tidak konsisten secara logika,0,0
PAYMENT,PAYMENT · nominal kecil,11,4639,0,0.0,22,1,0,0,0,0,1.65,menguras hampir seluruh saldo,0,0
CASH_IN,CASH_IN · nominal sedang,2,141863,12108462,0.012,16,0,1,1,0,2,0.56,saldo awal pengirim sangat ekstrem,1,0
TRANSFER,CASH_OUT · nominal besar,11,166248,0,0.0,14,2,0,0,0,0,1.17,menguras hampir seluruh saldo,0,0
CASH_OUT,PAYMENT · nominal kecil,7,172511,172511,1.0,5,4,0,0,0,0,3.53,saldo pengirim tidak konsisten secara logika,0,1
CASH_OUT,CASH_OUT · nominal besar,7,123768,98678,1.254,12,3,0,0,0,0,2.24,saldo tujuan sangat ekstrem,0,0
CASH_IN,CASH_OUT · nominal besar,15,387891,33446,10.0,12,3,1,0,0,1,2.77,menguras hampir seluruh saldo,0,0
CASH_OUT,CASH_OUT · nominal besar,17,41483,0,0.0,12,2,0,0,0,0,1.14,menguras hampir seluruh saldo,0,0
CASH_OUT,CASH_OUT · nominal besar,11,99506,14360,6.929,18,3,0,0,0,0,1.06,menguras hampir seluruh saldo,0,0
CASH_IN,CASH_IN · nominal sedang,9,33662,8553773,0.004,15,0,1,0,0,1,0.84,saldo awal pengirim sangat ekstrem,0,0
CASH_OUT,CASH_OUT · nominal besar,12,33367,0,0.0,12,2,1,1,0,2,1.28,saldo tujuan sangat ekstrem,1,0
PAYMENT,PAYMENT · nominal kecil,6,7897,84010,0.094,20,4,0,0,0,0,1.13,menguras hampir seluruh saldo,0,0
CASH_IN,CASH_IN · nominal sedang,6,11361,15093318,0.001,10,0,1,1,0,2,1.92,saldo awal pengirim sangat ekstrem,1,0
CASH_OUT,CASH_OUT · nominal besar,6,191134,0,0.0,15,2,1,0,0,1,2.03,saldo tujuan sangat ekstrem,0,0
CASH_OUT,CASH_OUT · nominal besar,9,10788,0,0.0,21,2,0,0,0,0,2.07,menguras hampir seluruh saldo,0,0
CASH_OUT,PAYMENT · nominal kecil,29,107733,107733,1.0,14,4,0,0,0,0,2.39,saldo pengirim tidak konsisten secara logika,0,1
PAYMENT,PAYMENT · nominal kecil,7,1020,46843,0.022,21,4,0,0,0,0,1.83,menguras hampir seluruh saldo,0,0
CASH_OUT,PAYMENT · nominal kecil,9,1697656,1697656,1.0,0,4,1,0,1,2,4.77,nominal transaksi sangat ekstrem,1,1
TRANSFER,CASH_OUT · nominal besar,15,7092286,0,0.0,19,2,1,1,0,2,2.68,nominal transaksi sangat ekstrem,1,0
CASH_IN,CASH_IN · nominal sedang,7,566056,315007,1.797,15,0,1,0,0,1,1.07,saldo tujuan tidak konsisten secara logika,0,0
TRANSFER,CASH_OUT · nominal besar,15,2991752,88865,10.0,16,3,1,1,0,2,2.41,nominal transaksi sangat ekstrem,1,0
CASH_IN,CASH_IN · nominal sedang,8,2699,10654543,0.0,15,0,1,1,0,2,2.3,saldo awal pengirim sangat ekstrem,1,0
CASH_OUT,CASH_OUT · nominal besar,17,5658124,5658124,1.0,4,3,1,1,0,2,4.66,nominal transaksi sangat ekstrem,1,1
CASH_OUT,CASH_OUT · nominal besar,11,145361,16235,8.954,19,3,1,0,0,1,1.33,menguras hampir seluruh saldo,0,0
CASH_OUT,CASH_OUT · nominal besar,7,209482,79286,2.642,15,3,0,0,0,0,1.54,saldo tujuan sangat ekstrem,0,0
TRANSFER,CASH_OUT · nominal besar,2,1206373,0,0.0,13,2,1,0,0,1,1.76,saldo tujuan sangat ekstrem,0,0
CASH_OUT,PAYMENT · nominal kecil,7,204951,204951,1.0,22,4,0,0,0,0,3.1,saldo pengirim tidak konsisten secara logika,0,1
CASH_OUT,CASH_OUT · nominal besar,16,116079,805,10.0,22,3,1,0,0,1,2.02,menguras hampir seluruh saldo,0,0
TRANSFER,PAYMENT · nominal kecil,21,25617,25617,1.0,11,4,1,0,0,1,2.51,saldo pengirim tidak konsisten secara logika,0,1
CASH_IN,CASH_IN · nominal sedang,11,2326,15501383,0.0,13,0,1,1,0,2,2.47,saldo awal pengirim sangat ekstrem,1,0
CASH_OUT,CASH_OUT · nominal besar,17,143622,27160,5.288,19,3,1,1,0,2,1.66,saldo tujuan sangat ekstrem,1,0
CASH_OUT,PAYMENT · nominal kecil,4,886588,886588,1.0,21,4,1,0,0,1,3.07,nominal transaksi sangat ekstrem,0,1
CASH_OUT,CASH_OUT · nominal besar,14,172202,0,0.0,16,2,0,0,0,0,0.36,menguras hampir seluruh saldo,0,0
CASH_OUT,CASH_OUT · nominal besar,17,5838803,5838803,1.0,17,3,1,1,0,2,3.9,nominal transaksi sangat ekstrem,1,1
CASH_OUT,PAYMENT · nominal kecil,18,526071,526071,1.0,23,4,1,0,0,1,3.49,nominal transaksi sangat ekstrem,0,1
CASH_IN,CASH_OUT · nominal besar,15,5894,595,9.905,11,3,1,0,1,2,3.1,menguras hampir seluruh saldo,1,0
CASH_OUT,PAYMENT · nominal kecil,1,11308,11308,1.0,9,4,1,0,1,2,2.91,saldo tujuan tidak konsisten secara logika,1,1
TRANSFER,CASH_OUT · nominal besar,13,3059514,0,0.0,19,2,1,1,0,2,2.25,nominal transaksi sangat ekstrem,1,0
CASH_OUT,CASH_OUT · nominal besar,19,2600970,2600970,1.0,21,3,1,1,0,2,3.91,nominal transaksi sangat ekstrem,1,1
PAYMENT,PAYMENT · nominal kecil,7,6402,21474,0.298,12,4,0,0,0,0,0.99,menguras hampir seluruh saldo,0,0
CASH_IN,CASH_IN · nominal sedang,8,6755,23546510,0.0,11,0,1,1,0,2,2.06,saldo awal pengirim sangat ekstrem,1,0
PAYMENT,PAYMENT · nominal kecil,7,15906,35446,0.449,11,4,0,0,0,0,1.19,menguras hampir seluruh saldo,0,0
CASH_IN,CASH_IN · nominal sedang,15,76419,30817164,0.002,11,0,1,1,0,2,1.26,saldo awal pengirim sangat ekstrem,1,0
CASH_OUT,PAYMENT · nominal kecil,7,677563,677563,1.0,4,4,1,0,0,1,4.24,saldo tujuan sangat ekstrem,0,1
DEBIT,PAYMENT · nominal kecil,12,3085,10928,0.282,16,4,0,0,0,0,2.25,menguras hampir seluruh saldo,0,0
TRANSFER,CASH_OUT · nominal besar,2,416920,0,0.0,19,2,0,0,0,0,1.51,menguras hampir seluruh saldo,0,0
PAYMENT,PAYMENT · nominal kecil,10,2273,0,0.0,14,1,0,0,0,0,0.92,menguras hampir seluruh saldo,0,0
CASH_OUT,PAYMENT · nominal kecil,14,62319,62319,1.0,8,4,0,0,0,0,2.88,saldo pengirim tidak konsisten secara logika,0,1
TRANSFER,CASH_OUT · nominal besar,14,4251929,0,0.0,16,2,1,1,0,2,2.29,saldo tujuan sangat ekstrem,1,0
CASH_OUT,CASH_OUT · nominal besar,16,178858,19309,9.263,10,3,1,0,0,1,1.48,menguras hampir seluruh saldo,0,0
TRANSFER,PAYMENT · nominal kecil,19,239096,239096,1.0,14,4,1,0,1,2,3.11,saldo tujuan tidak konsisten secara logika,1,1
PAYMENT,PAYMENT · nominal kecil,25,12925,16426,0.787,19,4,0,0,0,0,0.98,menguras hampir seluruh saldo,0,0
TRANSFER,CASH_IN · nominal sedang,31,10000000,35674548,0.28,21,0,1,1,1,3,4.5,saldo tujuan tidak konsisten secara logika,1,1
CASH_IN,CASH_IN · nominal sedang,1,168031,25321236,0.007,17,0,1,1,0,2,0.77,saldo awal pengirim sangat ekstrem,1,0
CASH_IN,CASH_IN · nominal sedang,13,151408,10027626,0.015,13,0,1,1,0,2,0.76,saldo awal pengirim sangat ekstrem,1,0
PAYMENT,PAYMENT · nominal kecil,15,17065,0,0.0,13,1,0,0,0,0,0.79,menguras hampir seluruh saldo,0,0
CASH_IN,CASH_IN · nominal sedang,21,93338,22363,4.174,16,0,1,1,0,2,1.36,saldo tujuan sangat ekstrem,1,0
CASH_OUT,PAYMENT · nominal kecil,24,3712,3712,1.0,18,4,0,0,0,0,2.07,saldo pengirim tidak konsisten secara logika,0,1
CASH_OUT,PAYMENT · nominal kecil,11,1290,2048,0.63,19,4,0,0,0,0,1.91,menguras hampir seluruh saldo,0,0
CASH_OUT,PAYMENT · nominal kecil,17,179728,397607,0.452,14,4,1,1,0,2,2.89,saldo tujuan sangat ekstrem,1,0
PAYMENT,PAYMENT · nominal kecil,8,14958,0,0.0,15,1,0,0,0,0,0.54,menguras hampir seluruh saldo,0,0
TRANSFER,CASH_IN · nominal sedang,15,4677359,4677359,1.0,4,0,1,1,1,3,4.8,saldo tujuan tidak konsisten secara logika,1,1
CASH_IN,CASH_IN · nominal sedang,12,6245,184458,0.034,21,0,1,0,0,1,2.22,menguras hampir seluruh saldo,0,0
CASH_IN,CASH_IN · nominal sedang,21,172462,8621286,0.02,15,0,1,0,0,1,0.69,saldo awal pengirim sangat ekstrem,0,0
CASH_OUT,CASH_OUT · nominal besar,8,367542,51562,7.128,10,3,1,0,0,1,2.28,menguras hampir seluruh saldo,0,0
CASH_OUT,CASH_OUT · nominal besar,15,196691,0,0.0,12,2,0,0,0,0,0.86,menguras hampir seluruh saldo,0,0
TRANSFER,PAYMENT · nominal kecil,11,12855,12855,1.0,9,4,1,0,1,2,2.63,saldo pengirim tidak konsisten secara logika,1,1
CASH_IN,CASH_IN · nominal sedang,17,197617,2708557,0.073,15,0,1,0,0,1,0.46,saldo tujuan tidak konsisten secara logika,0,0
DEBIT,PAYMENT · nominal kecil,1,3040,152809,0.02,1,4,1,0,1,2,4.68,saldo tujuan tidak konsisten secara logika,1,0
CASH_OUT,CASH_OUT · nominal besar,16,729904,40252,10.0,11,3,1,1,0,2,2.18,saldo tujuan sangat ekstrem,1,0
TRANSFER,PAYMENT · nominal kecil,16,362673,362673,1.0,7,4,1,0,1,2,3.83,saldo tujuan tidak konsisten secara logika,1,1
TRANSFER,CASH_OUT · nominal besar,8,1090051,205084,5.315,19,3,1,0,1,2,3.25,nominal transaksi sangat ekstrem,1,0
CASH_OUT,CASH_OUT · nominal besar,6,157484,0,0.0,0,2,0,0,0,0,3.56,menguras hampir seluruh saldo,0,0
CASH_IN,CASH_IN · nominal sedang,11,21306,10108425,0.002,11,0,1,1,0,2,1.48,saldo awal pengirim sangat ekstrem,1,0
TRANSFER,CASH_OUT · nominal besar,2,61572,0,0.0,19,2,1,0,0,1,2.42,menguras hampir seluruh saldo,0,0
CASH_IN,CASH_IN · nominal sedang,15,225352,10148065,0.022,10,0,1,1,0,2,1.42,saldo awal pengirim sangat ekstrem,1,0
CASH_OUT,PAYMENT · nominal kecil,1,192114,211595,0.908,19,4,0,0,0,0,2.19,menguras hampir seluruh saldo,0,0
CASH_IN,CASH_IN · nominal sedang,8,41773,102430,0.408,16,0,1,1,0,2,0.93,saldo tujuan sangat ekstrem,1,0
CASH_OUT,PAYMENT · nominal kecil,14,378528,378528,1.0,12,4,0,0,0,0,2.94,saldo pengirim tidak konsisten secara logika,0,1
CASH_OUT,CASH_OUT · nominal besar,1,45208,0,0.0,17,2,0,0,0,0,0.95,menguras hampir seluruh saldo,0,0
TRANSFER,CASH_OUT · nominal besar,15,497920,0,0.0,10,2,0,0,0,0,1.79,menguras hampir seluruh saldo,0,0
CASH_IN,CASH_IN · nominal sedang,16,115262,10181665,0.011,20,0,1,1,0,2,1.18,saldo awal pengirim sangat ekstrem,1,0
PAYMENT,PAYMENT · nominal kecil,1,3801,438902,0.009,8,4,1,0,0,1,1.9,menguras hampir seluruh saldo,0,0
CASH_OUT,CASH_OUT · nominal besar,10,234439,0,0.0,19,2,1,1,0,2,1.01,saldo tujuan sangat ekstrem,1,0
TRANSFER,CASH_OUT · nominal besar,13,2448370,0,0.0,23,2,1,1,0,2,2.67,nominal transaksi sangat ekstrem,1,0
CASH_IN,CASH_IN · nominal sedang,10,205354,22552988,0.009,9,0,1,1,0,2,1.65,saldo awal pengirim sangat ekstrem,1,0
CASH_IN,CASH_IN · nominal sedang,12,192368,415525,0.463,19,0,1,0,0,1,0.95,saldo tujuan tidak konsisten secara logika,0,0
CASH_OUT,CASH_OUT · nominal besar,9,198925,0,0.0,14,2,1,0,0,1,0.53,saldo tujuan sangat ekstrem,0,0
PAYMENT,PAYMENT · nominal kecil,6,34079,0,0.0,9,1,0,0,0,0,1.72,menguras hampir seluruh saldo,0,0
CASH_IN,CASH_IN · nominal sedang,7,191950,10899108,0.018,17,0,1,1,0,2,0.72,saldo awal pengirim sangat ekstrem,1,0
TRANSFER,PAYMENT · nominal kecil,7,238236,346437,0.688,20,4,0,0,0,0,2.88,menguras hampir seluruh saldo,0,0
CASH_IN,PAYMENT · nominal kecil,6,18958,16299660,0.001,16,4,1,1,0,2,3.85,saldo awal pengirim sangat ekstrem,1,0
PAYMENT,PAYMENT · nominal kecil,16,7192,0,0.0,19,1,0,0,0,0,0.96,menguras hampir seluruh saldo,0,0
PAYMENT,PAYMENT · nominal kecil,12,13958,0,0.0,11,1,0,0,0,0,1.11,menguras hampir seluruh saldo,0,0
CASH_OUT,CASH_OUT · nominal besar,28,236250,29755,7.94,8,3,0,0,0,0,1.8,menguras hampir seluruh saldo,0,0
TRANSFER,CASH_OUT · nominal besar,1,1087861,21617,10.0,18,3,1,0,1,2,3.42,menguras hampir seluruh saldo,1,0
CASH_IN,CASH_IN · nominal sedang,12,215790,1778141,0.121,14,0,1,0,0,1,0.57,saldo tujuan tidak konsisten secara logika,0,0
TRANSFER,PAYMENT · nominal kecil,20,63441,63441,1.0,16,4,1,0,1,2,2.56,saldo pengirim tidak konsisten secara logika,1,1
CASH_IN,CASH_OUT · nominal besar,15,318554,0,0.0,15,2,1,1,0,2,2.76,saldo tujuan sangat ekstrem,1,0
TRANSFER,PAYMENT · nominal kecil,18,116490,116490,1.0,12,4,1,0,1,2,2.91,saldo pengirim tidak konsisten secara logika,1,1
CASH_OUT,PAYMENT · nominal kecil,20,87168,87168,1.0,18,4,0,0,0,0,2.36,saldo pengirim tidak konsisten secara logika,0,1
CASH_OUT,CASH_OUT · nominal besar,11,402997,0,0.0,16,2,0,0,0,0,0.67,menguras hampir seluruh saldo,0,0
CASH_OUT,CASH_OUT · nominal besar,1,250473,0,0.0,15,2,1,0,0,1,2.07,menguras hampir seluruh saldo,0,0
CASH_IN,CASH_IN · nominal sedang,1,453075,63479,7.137,12,0,1,0,0,1,2.19,menguras hampir seluruh saldo,0,0
CASH_IN,CASH_IN · nominal sedang,13,377585,21756804,0.017,21,0,1,1,0,2,1.63,saldo awal pengirim sangat ekstrem,1,0
CASH_IN,CASH_IN · nominal sedang,7,72372,2765524,0.026,20,0,1,0,0,1,1.15,saldo awal pengirim sangat ekstrem,0,0
PAYMENT,PAYMENT · nominal kecil,13,22091,0,0.0,19,1,0,0,0,0,1.11,menguras hampir seluruh saldo,0,0
CASH_OUT,PAYMENT · nominal kecil,31,194521,194521,1.0,19,4,1,0,0,1,2.95,saldo tujuan sangat ekstrem,0,1
TRANSFER,PAYMENT · nominal kecil,10,75709,75709,1.0,20,4,1,0,1,2,2.82,saldo pengirim tidak konsisten secara logika,1,1
CASH_IN,CASH_IN · nominal sedang,8,175313,100965,1.736,9,0,1,0,0,1,1.57,saldo tujuan tidak konsisten secara logika,0,0
CASH_OUT,CASH_OUT · nominal besar,1,184940,0,0.0,16,2,0,0,0,0,0.61,menguras hampir seluruh saldo,0,0
CASH_OUT,PAYMENT · nominal kecil,30,512923,512923,1.0,7,4,1,0,0,1,3.51,nominal transaksi sangat ekstrem,0,1
TRANSFER,CASH_OUT · nominal besar,17,85389,32714,2.61,16,3,0,0,0,0,1.95,saldo awal pengirim sangat ekstrem,0,0
CASH_OUT,PAYMENT · nominal kecil,14,17451,286490,0.061,11,4,0,0,0,0,1.99,menguras hampir seluruh saldo,0,0
CASH_IN,CASH_OUT · nominal besar,1,264519,16113,10.0,12,3,1,0,0,1,2.72,menguras hampir seluruh saldo,0,0
PAYMENT,PAYMENT · nominal kecil,1,1220,159791,0.008,1,4,0,0,0,0,3.59,menguras hampir seluruh saldo,0,0
CASH_OUT,CASH_OUT · nominal besar,12,337108,0,0.0,19,2,0,0,0,0,1.02,menguras hampir seluruh saldo,0,0
CASH_IN,CASH_IN · nominal sedang,7,290290,15615488,0.019,14,0,1,1,0,2,0.91,saldo awal pengirim sangat ekstrem,1,0
CASH_IN,CASH_OUT · nominal besar,1,42483,0,0.0,17,2,1,0,0,1,2.58,saldo tujuan tidak konsisten secara logika,0,0
PAYMENT,PAYMENT · nominal kecil,13,46014,206670,0.223,9,4,0,0,0,0,1.81,menguras hampir seluruh saldo,0,0
PAYMENT,CASH_OUT · nominal besar,21,7312,439,10.0,15,3,1,0,0,1,2.67,menguras hampir seluruh saldo,0,0
PAYMENT,PAYMENT · nominal kecil,1,10240,0,0.0,12,1,0,0,0,0,0.87,menguras hampir seluruh saldo,0,0
CASH_OUT,CASH_OUT · nominal besar,12,51993,0,0.0,9,2,0,0,0,0,1.64,menguras hampir seluruh saldo,0,0
CASH_OUT,PAYMENT · nominal kecil,30,751854,751854,1.0,21,4,1,0,0,1,3.15,nominal transaksi sangat ekstrem,0,1
CASH_IN,CASH_IN · nominal sedang,11,513838,19987380,0.026,10,0,1,1,0,2,1.66,saldo awal pengirim sangat ekstrem,1,0
CASH_OUT,CASH_OUT · nominal besar,8,281047,40141,7.001,10,3,0,0,0,0,1.61,menguras hampir seluruh saldo,0,0
DEBIT,PAYMENT · nominal kecil,15,5340,10032,0.532,10,4,0,0,0,0,2.27,menguras hampir seluruh saldo,0,0
CASH_IN,CASH_IN · nominal sedang,12,695422,3311624,0.21,18,0,1,1,0,2,1.35,saldo tujuan tidak konsisten secara logika,1,0
CASH_IN,CASH_IN · nominal sedang,15,79046,10852888,0.007,10,0,1,1,0,2,1.33,saldo awal pengirim sangat ekstrem,1,0
TRANSFER,PAYMENT · nominal kecil,19,278578,278578,1.0,22,4,1,0,1,2,3.5,saldo tujuan tidak konsisten secara logika,1,1
CASH_IN,CASH_IN · nominal sedang,10,23551,11586183,0.002,23,0,1,1,0,2,2.07,saldo awal pengirim sangat ekstrem,1,0
TRANSFER,CASH_OUT · nominal besar,2,255630,0,0.0,18,2,0,0,0,0,1.3,menguras hampir seluruh saldo,0,0
CASH_IN,CASH_IN · nominal sedang,11,47039,3933212,0.012,17,0,1,0,0,1,0.73,saldo awal pengirim sangat ekstrem,0,0
CASH_OUT,CASH_OUT · nominal besar,7,73690,716,10.0,18,3,1,0,0,1,1.47,menguras hampir seluruh saldo,0,0
TRANSFER,CASH_OUT · nominal besar,12,29979434,0,0.0,12,2,1,1,0,2,3.41,nominal transaksi sangat ekstrem,1,0
CASH_IN,CASH_IN · nominal sedang,7,64027,17657888,0.004,19,0,1,1,0,2,1.16,saldo awal pengirim sangat ekstrem,1,0
CASH_OUT,CASH_OUT · nominal besar,11,243008,227032,1.07,12,3,0,0,0,0,2.24,saldo pengirim tidak konsisten secara logika,0,0
CASH_IN,CASH_IN · nominal sedang,6,98965,241522,0.41,13,0,1,0,0,1,0.61,menguras hampir seluruh saldo,0,0
CASH_OUT,CASH_OUT · nominal besar,13,112196,0,0.0,12,2,1,1,0,2,0.93,saldo tujuan sangat ekstrem,1,0
CASH_IN,CASH_IN · nominal sedang,16,348884,17603312,0.02,19,0,1,1,0,2,1.35,saldo awal pengirim sangat ekstrem,1,0
CASH_OUT,CASH_OUT · nominal besar,10,23483,0,0.0,20,2,0,0,0,0,1.58,menguras hampir seluruh saldo,0,0
CASH_OUT,CASH_OUT · nominal besar,11,241721,769,10.0,19,3,1,0,0,1,1.71,saldo tujuan sangat ekstrem,0,0
TRANSFER,CASH_OUT · nominal besar,6,1416881,287,10.0,15,3,1,0,0,1,2.02,menguras hampir seluruh saldo,0,0
TRANSFER,CASH_IN · nominal sedang,4,10000000,18931608,0.528,14,0,1,1,1,3,4.3,saldo tujuan tidak konsisten secara logika,1,1
TRANSFER,CASH_IN · nominal sedang,12,5494863,5494863,1.0,2,0,1,1,1,3,5.11,saldo tujuan tidak konsisten secara logika,1,1
CASH_IN,PAYMENT · nominal kecil,15,770,6,10.0,18,1,1,0,1,2,3.58,menguras hampir seluruh saldo,1,0
PAYMENT,PAYMENT · nominal kecil,15,6750,12647,0.534,14,4,0,0,0,0,0.69,menguras hampir seluruh saldo,0,0
CASH_IN,CASH_IN · nominal sedang,14,168654,15291159,0.011,22,0,1,1,0,2,1.67,saldo awal pengirim sangat ekstrem,1,0
CASH_OUT,CASH_OUT · nominal besar,14,83630,8036,10.0,17,3,1,1,0,2,1.58,saldo tujuan sangat ekstrem,1,0
TRANSFER,CASH_IN · nominal sedang,2,5032484,5032484,1.0,18,0,1,1,1,3,4.09,saldo tujuan tidak konsisten secara logika,1,1
PAYMENT,PAYMENT · nominal kecil,4,961,40161,0.024,22,4,0,0,0,0,2.02,menguras hampir seluruh saldo,0,0
CASH_OUT,CASH_OUT · nominal besar,11,444540,41438,10.0,16,3,1,0,0,1,1.53,saldo tujuan sangat ekstrem,0,0
PAYMENT,PAYMENT · nominal kecil,1,4417,0,0.0,9,1,0,0,0,0,1.56,menguras hampir seluruh saldo,0,0
CASH_OUT,CASH_OUT · nominal besar,1,371465,8037,10.0,15,3,1,0,0,1,1.12,menguras hampir seluruh saldo,0,0
CASH_OUT,CASH_OUT · nominal besar,15,62656,0,0.0,16,2,0,0,0,0,0.64,menguras hampir seluruh saldo,0,0
CASH_IN,CASH_IN · nominal sedang,12,190346,15431072,0.012,20,0,1,1,0,2,1.25,saldo awal pengirim sangat ekstrem,1,0
CASH_OUT,PAYMENT · nominal kecil,18,1232014,1232014,1.0,2,4,1,0,1,2,4.32,nominal transaksi sangat ekstrem,1,1
CASH_IN,CASH_IN · nominal sedang,8,92341,11837285,0.008,14,0,1,1,0,2,0.57,saldo awal pengirim sangat ekstrem,1,0
CASH_IN,CASH_IN · nominal sedang,8,94947,9898537,0.01,21,0,1,1,0,2,1.4,saldo awal pengirim sangat ekstrem,1,0
PAYMENT,PAYMENT · nominal kecil,5,19659,0,0.0,0,1,0,0,0,0,3.59,menguras hampir seluruh saldo,0,0
CASH_IN,CASH_IN · nominal sedang,1,14154,843396,0.017,18,0,1,0,0,1,1.41,menguras hampir seluruh saldo,0,0
TRANSFER,CASH_IN · nominal sedang,31,834495,834495,1.0,6,0,1,0,1,2,4.18,saldo tujuan tidak konsisten secara logika,1,1
CASH_OUT,CASH_OUT · nominal besar,18,4892226,4892226,1.0,19,3,1,1,0,2,3.88,nominal transaksi sangat ekstrem,1,1
TRANSFER,CASH_OUT · nominal besar,10,2357109,138738,10.0,14,3,1,1,0,2,2.17,nominal transaksi sangat ekstrem,1,0
TRANSFER,CASH_OUT · nominal besar,25,1533251,0,0.0,22,2,1,0,0,1,2.33,nominal transaksi sangat ekstrem,0,0
CASH_IN,CASH_IN · nominal sedang,9,90973,11880,7.658,15,0,1,1,0,2,2.15,saldo tujuan sangat ekstrem,1,0
PAYMENT,PAYMENT · nominal kecil,8,8408,0,0.0,20,1,0,0,0,0,1.17,menguras hampir seluruh saldo,0,0
CASH_IN,CASH_IN · nominal sedang,13,391741,14488536,0.027,11,0,1,1,0,2,1.38,saldo awal pengirim sangat ekstrem,1,0
TRANSFER,CASH_IN · nominal sedang,14,2137134,2137134,1.0,16,0,1,1,1,3,3.8,saldo tujuan tidak konsisten secara logika,1,1
CASH_IN,CASH_IN · nominal sedang,1,336055,313794,1.071,14,0,1,0,0,1,0.81,saldo pengirim tidak konsisten secara logika,0,0
TRANSFER,CASH_OUT · nominal besar,13,10000000,677708,10.0,16,3,1,1,1,3,4.05,nominal transaksi sangat ekstrem,1,0
CASH_IN,CASH_IN · nominal sedang,13,31026,12680747,0.002,10,0,1,1,0,2,1.53,saldo awal pengirim sangat ekstrem,1,0
CASH_IN,CASH_IN · nominal sedang,16,119747,21867754,0.005,20,0,1,1,0,2,1.23,saldo awal pengirim sangat ekstrem,1,0
TRANSFER,CASH_OUT · nominal besar,13,31008870,0,0.0,12,2,1,1,0,2,3.44,nominal transaksi sangat ekstrem,1,0
CASH_OUT,CASH_OUT · nominal besar,10,7263,0,0.0,12,2,0,0,0,0,2.03,menguras hampir seluruh saldo,0,0
TRANSFER,CASH_OUT · nominal besar,10,3882512,29571,10.0,10,3,1,1,0,2,2.62,nominal transaksi sangat ekstrem,1,0
PAYMENT,PAYMENT · nominal kecil,18,4231,0,0.0,18,1,0,0,0,0,0.85,menguras hampir seluruh saldo,0,0
TRANSFER,CASH_OUT · nominal besar,1,1209718,20754,10.0,9,3,1,0,1,2,3.69,saldo tujuan tidak konsisten secara logika,1,0
CASH_IN,CASH_IN · nominal sedang,17,284317,16574226,0.017,18,0,1,1,0,2,1.11,saldo awal pengirim sangat ekstrem,1,0
CASH_IN,CASH_IN · nominal sedang,12,70046,11086691,0.006,14,0,1,1,0,2,0.62,saldo awal pengirim sangat ekstrem,1,0
CASH_OUT,CASH_OUT · nominal besar,14,17329,148,10.0,9,3,1,0,0,1,2.59,menguras hampir seluruh saldo,0,0
CASH_IN,CASH_IN · nominal sedang,13,206323,16082064,0.013,13,0,1,1,0,2,0.85,saldo awal pengirim sangat ekstrem,1,0
CASH_OUT,CASH_OUT · nominal besar,2,22051,1365,10.0,17,3,1,0,0,1,1.69,menguras hampir seluruh saldo,0,0
PAYMENT,PAYMENT · nominal kecil,1,55729,140937,0.395,11,4,0,0,0,0,1.5,menguras hampir seluruh saldo,0,0
CASH_IN,CASH_IN · nominal sedang,7,101886,9684873,0.011,21,0,1,1,0,2,1.4,saldo awal pengirim sangat ekstrem,1,0
TRANSFER,CASH_IN · nominal sedang,27,2433009,2433009,1.0,5,0,1,1,1,3,4.51,saldo tujuan tidak konsisten secara logika,1,1
PAYMENT,PAYMENT · nominal kecil,29,19535,49074,0.398,9,4,0,0,0,0,1.63,menguras hampir seluruh saldo,0,0
CASH_IN,CASH_IN · nominal sedang,15,116646,23451748,0.005,19,0,1,1,0,2,1.04,saldo awal pengirim sangat ekstrem,1,0
CASH_OUT,PAYMENT · nominal kecil,10,39450,146095,0.27,12,4,0,0,0,0,1.63,menguras hampir seluruh saldo,0,0
CASH_OUT,CASH_OUT · nominal besar,1,148653,0,0.0,15,2,0,0,0,0,0.36,menguras hampir seluruh saldo,0,0
CASH_OUT,CASH_OUT · nominal besar,6,62556,0,0.0,10,2,1,1,0,2,2.77,saldo tujuan tidak konsisten secara logika,1,0
PAYMENT,PAYMENT · nominal kecil,15,26643,24517,1.087,14,4,0,0,0,0,1.74,saldo pengirim tidak konsisten secara logika,0,0
CASH_OUT,CASH_OUT · nominal besar,15,88446,0,0.0,14,2,0,0,0,0,0.55,menguras hampir seluruh saldo,0,0
CASH_OUT,CASH_OUT · nominal besar,11,110016,0,0.0,22,2,0,0,0,0,1.62,menguras hampir seluruh saldo,0,0
CASH_OUT,CASH_OUT · nominal besar,1,398478,0,0.0,9,2,1,1,0,2,2.88,saldo tujuan tidak konsisten secara logika,1,0
TRANSFER,CASH_OUT · nominal besar,6,3527811,11207,10.0,11,3,1,1,0,2,2.51,nominal transaksi sangat ekstrem,1,0
TRANSFER,CASH_OUT · nominal besar,7,486443,6195,10.0,16,3,1,0,0,1,1.61,menguras hampir seluruh saldo,0,0
TRANSFER,CASH_OUT · nominal besar,14,4260942,1042,10.0,16,3,1,1,0,2,2.36,nominal transaksi sangat ekstrem,1,0
CASH_OUT,CASH_OUT · nominal besar,17,49876,11063,4.508,13,3,0,0,0,0,1.86,menguras hampir seluruh saldo,0,0
CASH_OUT,PAYMENT · nominal kecil,12,757423,757423,1.0,6,4,1,0,0,1,3.91,nominal transaksi sangat ekstrem,0,1
CASH_OUT,PAYMENT · nominal kecil,17,2178304,2178304,1.0,19,4,1,1,0,2,3.37,nominal transaksi sangat ekstrem,1,1
CASH_IN,CASH_IN · nominal sedang,9,112656,10241711,0.011,15,0,1,1,0,2,0.48,saldo awal pengirim sangat ekstrem,1,0
CASH_IN,CASH_IN · nominal sedang,9,386212,21362386,0.018,12,0,1,1,0,2,1.26,saldo awal pengirim sangat ekstrem,1,0
CASH_IN,PAYMENT · nominal kecil,13,502,8278948,0.0,0,4,1,0,1,2,4.77,saldo awal pengirim sangat ekstrem,1,0
CASH_OUT,PAYMENT · nominal kecil,16,5724,161795,0.035,13,4,0,0,0,0,1.76,menguras hampir seluruh saldo,0,0
TRANSFER,PAYMENT · nominal kecil,18,396757,396757,1.0,15,4,1,0,1,2,3.33,saldo tujuan tidak konsisten secara logika,1,1
CASH_IN,CASH_IN · nominal sedang,11,98474,18108248,0.005,14,0,1,1,0,2,0.63,saldo awal pengirim sangat ekstrem,1,0
CASH_OUT,CASH_OUT · nominal besar,29,263122,5023,10.0,15,3,1,0,0,1,0.99,menguras hampir seluruh saldo,0,0
CASH_OUT,CASH_OUT · nominal besar,11,235663,0,0.0,11,2,1,0,0,1,1.13,saldo tujuan sangat ekstrem,0,0
CASH_OUT,CASH_OUT · nominal besar,12,155231,9465,10.0,9,3,1,0,0,1,2.1,menguras hampir seluruh saldo,0,0
TRANSFER,PAYMENT · nominal kecil,14,170038,170038,1.0,0,4,1,0,1,2,4.65,saldo pengirim tidak konsisten secara logika,1,1
CASH_IN,CASH_IN · nominal sedang,1,253600,1926596,0.132,10,0,1,0,0,1,1.36,saldo tujuan tidak konsisten secara logika,0,0
CASH_IN,CASH_IN · nominal sedang,6,47985,19211904,0.002,21,0,1,1,0,2,1.53,saldo awal pengirim sangat ekstrem,1,0
CASH_IN,CASH_IN · nominal sedang,10,117681,24701066,0.005,19,0,1,1,0,2,1.12,saldo awal pengirim sangat ekstrem,1,0
PAYMENT,PAYMENT · nominal kecil,7,32994,0,0.0,14,1,0,0,0,0,0.95,menguras hampir seluruh saldo,0,0
CASH_OUT,CASH_OUT · nominal besar,6,276980,0,0.0,12,2,0,0,0,0,0.9,menguras hampir seluruh saldo,0,0
CASH_OUT,CASH_OUT · nominal besar,31,3547010,3547010,1.0,6,3,1,1,0,2,4.25,nominal transaksi sangat ekstrem,1,1
CASH_IN,CASH_IN · nominal sedang,2,285980,12513685,0.023,17,0,1,1,0,2,0.87,saldo awal pengirim sangat ekstrem,1,0
CASH_IN,CASH_IN · nominal sedang,8,43317,798371,0.054,12,0,1,0,0,1,2.1,menguras hampir seluruh saldo,0,0
CASH_OUT,PAYMENT · nominal kecil,7,115268,310206,0.372,13,4,0,0,0,0,2.54,menguras hampir seluruh saldo,0,0
CASH_OUT,CASH_OUT · nominal besar,16,197393,109775,1.798,19,3,0,0,0,0,2.16,saldo tujuan sangat ekstrem,0,0
CASH_OUT,PAYMENT · nominal kecil,26,662105,662105,1.0,21,4,1,0,0,1,3.33,nominal transaksi sangat ekstrem,0,1
TRANSFER,CASH_OUT · nominal besar,14,3125262,0,0.0,9,2,1,1,0,2,2.56,nominal transaksi sangat ekstrem,1,0
TRANSFER,CASH_IN · nominal sedang,24,6324300,6324300,1.0,10,0,1,1,1,3,4.3,saldo tujuan tidak konsisten secara logika,1,1
TRANSFER,PAYMENT · nominal kecil,10,182667,182667,1.0,11,4,1,0,1,2,3.16,saldo pengirim tidak konsisten secara logika,1,1
CASH_IN,CASH_IN · nominal sedang,7,160484,49639,3.233,12,0,1,0,0,1,1.28,saldo tujuan sangat ekstrem,0,0
TRANSFER,PAYMENT · nominal kecil,13,199870,199870,1.0,15,4,1,0,1,2,3.02,saldo tujuan tidak konsisten secara logika,1,1
CASH_IN,CASH_IN · nominal sedang,16,283298,4423584,0.064,20,0,1,0,0,1,1.3,saldo awal pengirim sangat ekstrem,0,0
TRANSFER,CASH_OUT · nominal besar,17,1120305,9681,10.0,10,3,1,1,0,2,2.43,saldo tujuan sangat ekstrem,1,0
TRANSFER,PAYMENT · nominal kecil,31,92736,92736,1.0,15,4,1,0,1,2,2.7,saldo pengirim tidak konsisten secara logika,1,1
PAYMENT,PAYMENT · nominal kecil,2,1072,97342,0.011,16,4,0,0,0,0,1.3,menguras hampir seluruh saldo,0,0
CASH_OUT,CASH_OUT · nominal besar,9,309505,0,0.0,9,2,0,0,0,0,1.55,menguras hampir seluruh saldo,0,0
PAYMENT,PAYMENT · nominal kecil,29,20548,160479,0.128,15,4,0,0,0,0,0.65,menguras hampir seluruh saldo,0,0
CASH_OUT,CASH_OUT · nominal besar,17,1500582,1500582,1.0,2,3,1,1,1,3,4.74,saldo tujuan sangat ekstrem,1,1
PAYMENT,PAYMENT · nominal kecil,7,4302,21034,0.205,15,4,0,0,0,0,0.69,menguras hampir seluruh saldo,0,0
TRANSFER,PAYMENT · nominal kecil,24,30790,30790,1.0,16,4,1,0,0,1,2.33,saldo pengirim tidak konsisten secara logika,0,1
CASH_OUT,PAYMENT · nominal kecil,17,10441,37039,0.282,19,4,0,0,0,0,2.12,menguras hampir seluruh saldo,0,0
CASH_OUT,CASH_OUT · nominal besar,2,311582,48733,6.394,18,3,0,0,0,0,1.15,menguras hampir seluruh saldo,0,0
CASH_OUT,CASH_OUT · nominal besar,2,47646,0,0.0,17,2,0,0,0,0,0.86,menguras hampir seluruh saldo,0,0
CASH_IN,CASH_IN · nominal sedang,11,11376,27539234,0.0,12,0,1,1,0,2,1.7,saldo awal pengirim sangat ekstrem,1,0
PAYMENT,PAYMENT · nominal kecil,9,7952,68365,0.116,19,4,0,0,0,0,0.93,menguras hampir seluruh saldo,0,0
CASH_IN,CASH_IN · nominal sedang,6,260915,13327628,0.02,17,0,1,1,0,2,0.93,saldo awal pengirim sangat ekstrem,1,0
CASH_IN,CASH_IN · nominal sedang,29,280443,5589424,0.05,9,0,1,0,0,1,1.64,saldo awal pengirim sangat ekstrem,0,0
CASH_IN,CASH_IN · nominal sedang,15,27922,19716870,0.001,14,0,1,1,0,2,1.05,saldo awal pengirim sangat ekstrem,1,0
PAYMENT,PAYMENT · nominal kecil,12,5271,40701,0.13,12,4,0,0,0,0,1.0,menguras hampir seluruh saldo,0,0
TRANSFER,CASH_OUT · nominal besar,2,607816,69730,8.717,16,3,1,0,1,2,2.98,menguras hampir seluruh saldo,1,0
TRANSFER,PAYMENT · nominal kecil,31,249366,249366,1.0,12,4,1,0,1,2,3.22,saldo tujuan tidak konsisten secara logika,1,1
CASH_IN,CASH_IN · nominal sedang,13,178928,11405784,0.016,18,0,1,1,0,2,0.84,saldo awal pengirim sangat ekstrem,1,0
CASH_OUT,CASH_OUT · nominal besar,15,218183,0,0.0,22,2,0,0,0,0,1.59,menguras hampir seluruh saldo,0,0
CASH_OUT,PAYMENT · nominal kecil,12,106655,106655,1.0,21,4,0,0,0,0,2.49,saldo pengirim tidak konsisten secara logika,0,1
CASH_OUT,CASH_OUT · nominal besar,17,281719,0,0.0,19,2,0,0,0,0,0.98,menguras hampir seluruh saldo,0,0
CASH_OUT,CASH_OUT · nominal besar,12,230922,0,0.0,14,2,0,0,0,0,0.5,menguras hampir seluruh saldo,0,0
CASH_IN,CASH_IN · nominal sedang,9,413272,10236261,0.04,19,0,1,1,0,2,1.28,saldo awal pengirim sangat ekstrem,1,0
TRANSFER,PAYMENT · nominal kecil,19,207801,207801,1.0,5,4,1,0,1,2,3.89,saldo tujuan tidak konsisten secara logika,1,1
TRANSFER,CASH_IN · nominal sedang,29,2254417,2254417,1.0,8,0,1,1,1,3,4.17,saldo tujuan tidak konsisten secara logika,1,1
CASH_OUT,CASH_OUT · nominal besar,7,316024,0,0.0,18,2,0,0,0,0,0.82,menguras hampir seluruh saldo,0,0
PAYMENT,PAYMENT · nominal kecil,15,8924,0,0.0,13,1,0,0,0,0,0.67,menguras hampir seluruh saldo,0,0
CASH_IN,CASH_IN · nominal sedang,13,326053,3314603,0.098,10,0,1,0,0,1,1.47,saldo tujuan tidak konsisten secara logika,0,0
PAYMENT,PAYMENT · nominal kecil,10,19110,43241,0.442,19,4,0,0,0,0,1.0,menguras hampir seluruh saldo,0,0
TRANSFER,CASH_OUT · nominal besar,13,3214944,0,0.0,13,2,1,1,0,2,2.19,nominal transaksi sangat ekstrem,1,0
CASH_IN,CASH_IN · nominal sedang,13,88437,13338526,0.007,14,0,1,1,0,2,0.67,saldo awal pengirim sangat ekstrem,1,0
CASH_OUT,CASH_OUT · nominal besar,6,101228,16939,5.976,20,3,0,0,0,0,1.46,menguras hampir seluruh saldo,0,0
TRANSFER,CASH_OUT · nominal besar,1,1687128,0,0.0,23,2,1,0,1,2,3.3,nominal transaksi sangat ekstrem,1,0
TRANSFER,CASH_OUT · nominal besar,17,316654,4438,10.0,19,3,1,0,0,1,1.62,menguras hampir seluruh saldo,0,0
CASH_OUT,CASH_OUT · nominal besar,6,91964,44145,2.083,19,3,0,0,0,0,2.07,saldo awal pengirim sangat ekstrem,0,0
CASH_IN,CASH_IN · nominal sedang,11,45793,2248596,0.02,20,0,1,0,0,1,1.25,menguras hampir seluruh saldo,0,0
CASH_IN,CASH_IN · nominal sedang,10,461597,17146034,0.027,18,0,1,1,0,2,1.22,saldo awal pengirim sangat ekstrem,1,0
CASH_OUT,CASH_OUT · nominal besar,1,118823,25378,4.682,13,3,0,0,0,0,1.25,menguras hampir seluruh saldo,0,0
CASH_IN,CASH_OUT · nominal besar,11,148448,3229,10.0,19,3,1,1,0,2,2.71,saldo tujuan sangat ekstrem,1,0
CASH_IN,CASH_IN · nominal sedang,12,6011,15771231,0.0,18,0,1,1,0,2,2.02,saldo awal pengirim sangat ekstrem,1,0
CASH_IN,CASH_IN · nominal sedang,11,213884,19115144,0.011,13,0,1,1,0,2,0.89,saldo awal pengirim sangat ekstrem,1,0
PAYMENT,PAYMENT · nominal kecil,17,9544,0,0.0,15,1,0,0,0,0,0.43,menguras hampir seluruh saldo,0,0
CASH_IN,CASH_IN · nominal sedang,14,321963,16009670,0.02,12,0,1,1,0,2,1.17,saldo awal pengirim sangat ekstrem,1,0
PAYMENT,PAYMENT · nominal kecil,7,44157,0,0.0,15,1,0,0,0,0,1.06,menguras hampir seluruh saldo,0,0
TRANSFER,CASH_IN · nominal sedang,30,561028,561028,1.0,0,0,1,0,1,2,4.99,saldo tujuan tidak konsisten secara logika,1,1
PAYMENT,PAYMENT · nominal kecil,16,22722,41545,0.547,12,4,0,0,0,0,1.06,menguras hampir seluruh saldo,0,0
PAYMENT,PAYMENT · nominal kecil,13,24588,246010,0.1,21,4,0,0,0,0,1.45,menguras hampir seluruh saldo,0,0
DEBIT,CASH_OUT · nominal besar,12,9406,0,0.0,14,2,0,0,0,0,2.11,menguras hampir seluruh saldo,0,0
CASH_IN,CASH_IN · nominal sedang,8,1042,19837812,0.0,12,0,1,1,0,2,3.02,saldo awal pengirim sangat ekstrem,1,0
TRANSFER,CASH_IN · nominal sedang,18,10000000,19585040,0.511,17,0,1,1,1,3,3.62,saldo tujuan tidak konsisten secara logika,1,1
CASH_OUT,PAYMENT · nominal kecil,14,269188,269188,1.0,13,4,0,0,0,0,2.28,saldo pengirim tidak konsisten secara logika,0,1
CASH_OUT,CASH_OUT · nominal besar,15,289098,0,0.0,13,2,0,0,0,0,0.74,menguras hampir seluruh saldo,0,0
CASH_OUT,PAYMENT · nominal kecil,5,204675,204675,1.0,11,4,0,0,0,0,2.68,saldo pengirim tidak konsisten secara logika,0,1
PAYMENT,PAYMENT · nominal kecil,25,3719,32410,0.115,13,4,0,0,0,0,0.92,menguras hampir seluruh saldo,0,0
CASH_IN,CASH_IN · nominal sedang,6,694841,1205148,0.577,20,0,1,1,0,2,1.62,saldo tujuan tidak konsisten secara logika,1,0
CASH_IN,CASH_OUT · nominal besar,2,61185,13057110,0.005,15,3,1,1,0,2,3.72,saldo awal pengirim sangat ekstrem,1,0
CASH_OUT,CASH_OUT · nominal besar,9,23006,10958,2.099,11,3,0,0,0,0,2.27,saldo pengirim tidak konsisten secara logika,0,0
TRANSFER,CASH_OUT · nominal besar,12,3701345,0,0.0,16,2,1,1,0,2,2.2,nominal transaksi sangat ekstrem,1,0
CASH_IN,CASH_IN · nominal sedang,2,411631,18814778,0.022,9,0,1,1,0,2,1.9,saldo tujuan sangat ekstrem,1,0
CASH_OUT,PAYMENT · nominal kecil,19,2720648,2720648,1.0,14,4,1,1,0,2,3.58,nominal transaksi sangat ekstrem,1,1
PAYMENT,PAYMENT · nominal kecil,7,8779,791701,0.011,19,4,1,0,0,1,1.01,menguras hampir seluruh saldo,0,0
PAYMENT,PAYMENT · nominal kecil,16,24093,0,0.0,19,1,0,0,0,0,1.14,menguras hampir seluruh saldo,0,0
TRANSFER,CASH_OUT · nominal besar,6,658465,0,0.0,11,2,1,0,0,1,2.75,nominal transaksi sangat ekstrem,0,0
PAYMENT,CASH_OUT · nominal besar,12,108518,350,10.0,0,3,1,0,1,2,4.02,menguras hampir seluruh saldo,1,0
TRANSFER,CASH_IN · nominal sedang,1,272709,76067,3.585,1,0,1,0,1,2,4.17,menguras hampir seluruh saldo,1,0
CASH_OUT,CASH_OUT · nominal besar,3,1093155,1093155,1.0,4,3,1,0,0,1,4.31,nominal transaksi sangat ekstrem,0,1
CASH_IN,CASH_IN · nominal sedang,7,307853,15905069,0.019,16,0,1,1,0,2,0.85,saldo awal pengirim sangat ekstrem,1,0
TRANSFER,CASH_OUT · nominal besar,29,2354099,90645,10.0,15,3,1,1,0,2,2.43,nominal transaksi sangat ekstrem,1,0
CASH_IN,CASH_IN · nominal sedang,2,60500,18829894,0.003,17,0,1,1,0,2,0.76,saldo awal pengirim sangat ekstrem,1,0
CASH_OUT,CASH_OUT · nominal besar,11,255868,132712,1.928,19,3,0,0,0,0,1.99,saldo tujuan sangat ekstrem,0,0
TRANSFER,PAYMENT · nominal kecil,2,268642,268642,1.0,5,4,1,0,1,2,3.98,saldo tujuan tidak konsisten secara logika,1,1
TRANSFER,PAYMENT · nominal kecil,10,114890,114890,1.0,11,4,1,0,1,2,2.97,saldo pengirim tidak konsisten secara logika,1,1
PAYMENT,PAYMENT · nominal kecil,13,5804,0,0.0,20,1,0,0,0,0,1.19,menguras hampir seluruh saldo,0,0
CASH_OUT,PAYMENT · nominal kecil,16,34024,30394,1.119,20,4,0,0,0,0,2.37,saldo pengirim tidak konsisten secara logika,0,0
CASH_IN,CASH_IN · nominal sedang,7,254588,6946883,0.037,22,0,1,0,0,1,1.71,saldo awal pengirim sangat ekstrem,0,0
PAYMENT,PAYMENT · nominal kecil,25,1889,74332,0.025,16,4,0,0,0,0,1.02,menguras hampir seluruh saldo,0,0
TRANSFER,CASH_IN · nominal sedang,25,985128,985128,1.0,11,0,1,0,1,2,3.75,saldo tujuan tidak konsisten secara logika,1,1
CASH_OUT,CASH_OUT · nominal besar,15,17322,0,0.0,17,2,0,0,0,0,1.38,menguras hampir seluruh saldo,0,0
CASH_OUT,CASH_OUT · nominal besar,12,114090,21028,5.426,19,3,1,0,0,1,1.58,saldo tujuan sangat ekstrem,0,0
TRANSFER,PAYMENT · nominal kecil,4,114339,114339,1.0,15,4,1,0,1,2,2.78,saldo pengirim tidak konsisten secara logika,1,1
CASH_OUT,PAYMENT · nominal kecil,23,127448,127448,1.0,9,4,0,0,0,0,2.94,saldo pengirim tidak konsisten secara logika,0,1
TRANSFER,CASH_OUT · nominal besar,14,15077112,0,0.0,14,2,1,1,0,2,3.02,saldo tujuan sangat ekstrem,1,0
PAYMENT,PAYMENT · nominal kecil,8,10746,28495,0.377,18,4,0,0,0,0,0.75,menguras hampir seluruh saldo,0,0
PAYMENT,PAYMENT · nominal kecil,8,3364,0,0.0,22,1,0,0,0,0,1.7,menguras hampir seluruh saldo,0,0
TRANSFER,PAYMENT · nominal kecil,25,221108,221108,1.0,15,4,1,0,1,2,3.06,saldo tujuan tidak konsisten secara logika,1,1
CASH_OUT,CASH_OUT · nominal besar,14,3972969,3972969,1.0,3,3,1,1,0,2,4.67,nominal transaksi sangat ekstrem,1,1
CASH_IN,CASH_IN · nominal sedang,16,135024,21306,6.337,10,0,1,1,0,2,2.18,saldo tujuan sangat ekstrem,1,0
PAYMENT,PAYMENT · nominal kecil,10,9613,0,0.0,19,1,0,0,0,0,0.96,menguras hampir seluruh saldo,0,0
TRANSFER,CASH_OUT · nominal besar,8,879369,100468,8.753,14,3,1,0,0,1,2.04,menguras hampir seluruh saldo,0,0
CASH_OUT,CASH_OUT · nominal besar,9,30857,25581,1.206,20,3,0,0,0,0,2.48,saldo pengirim tidak konsisten secara logika,0,0
PAYMENT,PAYMENT · nominal kecil,16,7212,2011,3.586,11,1,0,0,0,0,1.83,menguras hampir seluruh saldo,0,0
CASH_OUT,PAYMENT · nominal kecil,3,854551,854551,1.0,7,4,1,0,0,1,3.69,nominal transaksi sangat ekstrem,0,1
CASH_IN,CASH_IN · nominal sedang,7,41896,1484197,0.028,13,0,1,0,0,1,0.9,menguras hampir seluruh saldo,0,0
CASH_OUT,PAYMENT · nominal kecil,22,713405,713405,1.0,10,4,1,0,0,1,2.97,nominal transaksi sangat ekstrem,0,1
CASH_IN,CASH_IN · nominal sedang,10,128072,5070890,0.025,17,0,1,0,0,1,0.54,saldo awal pengirim sangat ekstrem,0,0
CASH_IN,CASH_IN · nominal sedang,9,112168,7550809,0.015,17,0,1,0,0,1,0.62,saldo awal pengirim sangat ekstrem,0,0
TRANSFER,CASH_OUT · nominal besar,10,1796888,31187,10.0,9,3,1,0,1,2,2.71,nominal transaksi sangat ekstrem,1,0
CASH_OUT,CASH_OUT · nominal besar,10,349818,0,0.0,23,2,1,1,0,2,1.91,saldo tujuan sangat ekstrem,1,0
CASH_OUT,CASH_OUT · nominal besar,22,2656973,2656973,1.0,5,3,1,1,0,2,4.33,nominal transaksi sangat ekstrem,1,1
PAYMENT,CASH_OUT · nominal besar,8,10600,161,10.0,11,3,1,0,0,1,2.74,menguras hampir seluruh saldo,0,0
PAYMENT,PAYMENT · nominal kecil,8,9931,0,0.0,13,1,0,0,0,0,0.68,menguras hampir seluruh saldo,0,0
CASH_OUT,CASH_OUT · nominal besar,9,414530,31215,10.0,16,3,1,0,0,1,1.42,menguras hampir seluruh saldo,0,0
CASH_OUT,PAYMENT · nominal kecil,24,4530,4530,1.0,6,4,0,0,0,0,2.99,saldo pengirim tidak konsisten secara logika,0,1
PAYMENT,PAYMENT · nominal kecil,2,3275,249776,0.013,11,4,0,0,0,0,1.31,menguras hampir seluruh saldo,0,0
CASH_OUT,CASH_OUT · nominal besar,10,115894,19235,6.025,11,3,0,0,0,0,1.26,menguras hampir seluruh saldo,0,0
CASH_OUT,CASH_OUT · nominal besar,25,234892,0,0.0,9,2,0,0,0,0,1.53,menguras hampir seluruh saldo,0,0
TRANSFER,CASH_IN · nominal sedang,6,1159010,1159010,1.0,13,0,1,0,1,2,3.69,saldo tujuan tidak konsisten secara logika,1,1
TRANSFER,CASH_OUT · nominal besar,10,539821,20703,10.0,9,3,1,0,0,1,2.07,menguras hampir seluruh saldo,0,0
TRANSFER,CASH_IN · nominal sedang,7,2498838,2498838,1.0,13,0,1,1,1,3,3.87,saldo tujuan tidak konsisten secara logika,1,1
CASH_OUT,CASH_OUT · nominal besar,6,68487,0,0.0,21,2,0,0,0,0,1.43,menguras hampir seluruh saldo,0,0
CASH_OUT,CASH_OUT · nominal besar,16,114813,21098,5.442,12,3,0,0,0,0,1.37,menguras hampir seluruh saldo,0,0
CASH_OUT,PAYMENT · nominal kecil,1,923,32515,0.028,13,4,1,1,1,3,3.54,saldo tujuan tidak konsisten secara logika,1,0
TRANSFER,CASH_OUT · nominal besar,12,3271221,0,0.0,18,2,1,1,0,2,2.21,nominal transaksi sangat ekstrem,1,0
CASH_IN,CASH_IN · nominal sedang,10,84356,6275649,0.013,14,0,1,0,0,1,0.61,saldo awal pengirim sangat ekstrem,0,0
CASH_IN,CASH_IN · nominal sedang,11,73404,11939273,0.006,17,0,1,1,0,2,0.71,saldo awal pengirim sangat ekstrem,1,0
TRANSFER,PAYMENT · nominal kecil,1,48375,48375,1.0,13,4,1,0,0,1,2.54,saldo pengirim tidak konsisten secara logika,0,1
CASH_OUT,CASH_OUT · nominal besar,6,192314,0,0.0,12,2,0,0,0,0,0.84,menguras hampir seluruh saldo,0,0
CASH_OUT,PAYMENT · nominal kecil,3,174923,174923,1.0,17,4,0,0,0,0,2.02,saldo pengirim tidak konsisten secara logika,0,1
TRANSFER,CASH_OUT · nominal besar,15,141787,0,0.0,20,2,1,1,0,2,1.59,saldo tujuan sangat ekstrem,1,0
CASH_OUT,CASH_OUT · nominal besar,16,152587,30583,4.989,15,3,0,0,0,0,1.59,menguras hampir seluruh saldo,0,0
CASH_OUT,PAYMENT · nominal kecil,12,113044,243244,0.465,12,4,0,0,0,0,2.5,menguras hampir seluruh saldo,0,0
TRANSFER,CASH_IN · nominal sedang,25,1158373,1158373,1.0,6,0,1,0,1,2,4.24,saldo tujuan tidak konsisten secara logika,1,1
TRANSFER,CASH_IN · nominal sedang,29,10000000,19295454,0.518,5,0,1,1,1,3,4.91,saldo tujuan tidak konsisten secara logika,1,1
PAYMENT,PAYMENT · nominal kecil,20,6444,77931,0.083,10,4,0,0,0,0,1.38,menguras hampir seluruh saldo,0,0
CASH_IN,CASH_IN · nominal sedang,29,75752,1347326,0.056,19,0,1,1,0,2,1.13,saldo tujuan sangat ekstrem,1,0
PAYMENT,CASH_OUT · nominal besar,10,12039,973,10.0,15,3,1,0,0,1,2.46,menguras hampir seluruh saldo,0,0
CASH_IN,CASH_IN · nominal sedang,9,157728,11041926,0.014,19,0,1,1,0,2,1.05,saldo awal pengirim sangat ekstrem,1,0
CASH_OUT,CASH_OUT · nominal besar,28,5388834,5388834,1.0,21,3,1,1,0,2,4.06,nominal transaksi sangat ekstrem,1,1
PAYMENT,PAYMENT · nominal kecil,8,14932,0,0.0,20,1,0,0,0,0,1.22,menguras hampir seluruh saldo,0,0
PAYMENT,PAYMENT · nominal kecil,1,14951,15470,0.966,14,4,0,0,0,0,0.71,saldo pengirim tidak konsisten secara logika,0,0
CASH_OUT,CASH_OUT · nominal besar,9,226041,100426,2.251,12,3,1,1,0,2,2.12,saldo tujuan sangat ekstrem,1,0
CASH_IN,CASH_IN · nominal sedang,17,503205,11477749,0.044,15,0,1,1,0,2,1.19,saldo awal pengirim sangat ekstrem,1,0
CASH_IN,CASH_IN · nominal sedang,15,339626,14850186,0.023,11,0,1,1,0,2,1.32,saldo awal pengirim sangat ekstrem,1,0
PAYMENT,PAYMENT · nominal kecil,6,52163,0,0.0,13,1,0,0,0,0,1.27,menguras hampir seluruh saldo,0,0
TRANSFER,CASH_IN · nominal sedang,24,2517188,2517188,1.0,7,0,1,1,1,3,4.29,saldo tujuan tidak konsisten secara logika,1,1
CASH_OUT,PAYMENT · nominal kecil,31,444766,444766,1.0,2,4,1,0,0,1,3.98,nominal transaksi sangat ekstrem,0,1
CASH_IN,CASH_IN · nominal sedang,10,96418,9814803,0.01,20,0,1,1,0,2,1.22,saldo awal pengirim sangat ekstrem,1,0
CASH_IN,CASH_IN · nominal sedang,16,1058,21092420,0.0,18,0,1,1,0,2,2.95,saldo awal pengirim sangat ekstrem,1,0
CASH_IN,CASH_IN · nominal sedang,15,134658,24550730,0.005,11,0,1,1,0,2,1.2,saldo awal pengirim sangat ekstrem,1,0
TRANSFER,CASH_IN · nominal sedang,31,10000000,57316256,0.174,10,0,1,1,1,3,4.49,saldo tujuan tidak konsisten secara logika,1,1
CASH_IN,CASH_IN · nominal sedang,11,92738,17186850,0.005,11,0,1,1,0,2,1.14,saldo awal pengirim sangat ekstrem,1,0
CASH_OUT,CASH_OUT · nominal besar,15,130225,0,0.0,20,2,1,1,0,2,1.22,saldo tujuan sangat ekstrem,1,0
PAYMENT,PAYMENT · nominal kecil,9,1041,0,0.0,14,1,0,0,0,0,1.32,menguras hampir seluruh saldo,0,0
CASH_OUT,CASH_OUT · nominal besar,13,67714,0,0.0,13,2,0,0,0,0,0.79,menguras hampir seluruh saldo,0,0
CASH_OUT,PAYMENT · nominal kecil,25,111765,111765,1.0,15,4,1,0,0,1,2.62,saldo tujuan sangat ekstrem,0,1
CASH_IN,CASH_IN · nominal sedang,17,304573,19795806,0.015,16,0,1,1,0,2,0.87,saldo awal pengirim sangat ekstrem,1,0
PAYMENT,PAYMENT · nominal kecil,4,6977,39671,0.176,0,4,0,0,0,0,3.63,menguras hampir seluruh saldo,0,0
CASH_IN,CASH_IN · nominal sedang,1,47972,16669777,0.003,14,0,1,1,0,2,0.83,saldo awal pengirim sangat ekstrem,1,0
TRANSFER,PAYMENT · nominal kecil,15,7360,7360,1.0,20,4,1,0,1,2,2.33,saldo pengirim tidak konsisten secara logika,1,1
CASH_OUT,CASH_OUT · nominal besar,17,25657,0,0.0,13,2,0,0,0,0,1.29,menguras hampir seluruh saldo,0,0
TRANSFER,CASH_IN · nominal sedang,24,730678,730678,1.0,8,0,1,0,1,2,3.94,saldo tujuan tidak konsisten secara logika,1,1
PAYMENT,PAYMENT · nominal kecil,25,2485,9188,0.27,19,4,0,0,0,0,1.24,menguras hampir seluruh saldo,0,0
CASH_IN,CASH_IN · nominal sedang,7,252338,12168845,0.021,10,0,1,1,0,2,1.48,saldo awal pengirim sangat ekstrem,1,0
CASH_IN,CASH_IN · nominal sedang,13,4717,11888857,0.0,9,0,1,1,0,2,2.47,saldo awal pengirim sangat ekstrem,1,0
CASH_OUT,CASH_OUT · nominal besar,16,30578,0,0.0,13,2,1,1,0,2,1.24,saldo tujuan sangat ekstrem,1,0
CASH_IN,CASH_IN · nominal sedang,1,108277,11702930,0.009,16,0,1,1,0,2,0.54,saldo awal pengirim sangat ekstrem,1,0
CASH_OUT,CASH_OUT · nominal besar,14,285234,0,0.0,16,2,0,0,0,0,0.53,menguras hampir seluruh saldo,0,0
TRANSFER,PAYMENT · nominal kecil,12,9409,55195,0.17,20,4,0,0,0,0,2.11,menguras hampir seluruh saldo,0,0
TRANSFER,PAYMENT · nominal kecil,25,164297,164297,1.0,13,4,1,0,1,2,2.99,saldo pengirim tidak konsisten secara logika,1,1
CASH_OUT,PAYMENT · nominal kecil,5,219490,219490,1.0,10,4,0,0,0,0,2.46,saldo pengirim tidak konsisten secara logika,0,1
TRANSFER,CASH_OUT · nominal besar,2,1735087,156347,10.0,9,3,1,0,1,2,3.6,nominal transaksi sangat ekstrem,1,0
CASH_IN,CASH_OUT · nominal besar,7,239192,3067,10.0,19,3,1,0,0,1,2.63,menguras hampir seluruh saldo,0,0
CASH_OUT,PAYMENT · nominal kecil,15,116940,116940,1.0,9,4,0,0,0,0,2.84,saldo pengirim tidak konsisten secara logika,0,1
TRANSFER,PAYMENT · nominal kecil,19,100841,100841,1.0,7,4,1,0,1,2,3.37,saldo pengirim tidak konsisten secara logika,1,1
PAYMENT,PAYMENT · nominal kecil,12,1364,0,0.0,15,1,0,0,0,0,1.14,menguras hampir seluruh saldo,0,0
CASH_OUT,CASH_OUT · nominal besar,15,73307,0,0.0,20,2,0,0,0,0,1.25,menguras hampir seluruh saldo,0,0
CASH_OUT,PAYMENT · nominal kecil,15,977806,977806,1.0,13,4,1,0,0,1,2.91,nominal transaksi sangat ekstrem,0,1
TRANSFER,CASH_IN · nominal sedang,14,723916,723916,1.0,23,0,1,0,1,2,3.98,saldo tujuan tidak konsisten secara logika,1,1
PAYMENT,PAYMENT · nominal kecil,11,2254,0,0.0,13,1,0,0,0,0,1.02,menguras hampir seluruh saldo,0,0
TRANSFER,CASH_OUT · nominal besar,2,143866,0,0.0,23,2,0,0,0,0,2.09,menguras hampir seluruh saldo,0,0
CASH_OUT,CASH_OUT · nominal besar,22,3283696,3283696,1.0,16,3,1,1,0,2,3.67,nominal transaksi sangat ekstrem,1,1
PAYMENT,PAYMENT · nominal kecil,20,2089,290705,0.007,2,4,0,0,0,0,3.29,menguras hampir seluruh saldo,0,0
CASH_OUT,PAYMENT · nominal kecil,14,1340264,1340264,1.0,4,4,1,0,0,1,4.3,nominal transaksi sangat ekstrem,0,1
TRANSFER,CASH_IN · nominal sedang,9,7482670,7482670,1.0,8,0,1,1,1,3,4.51,saldo tujuan tidak konsisten secara logika,1,1
CASH_OUT,PAYMENT · nominal kecil,10,5092,7800,0.653,10,4,1,0,1,2,3.17,saldo tujuan sangat ekstrem,1,0
CASH_IN,CASH_IN · nominal sedang,1,219060,28380,7.719,12,0,1,0,0,1,2.21,menguras hampir seluruh saldo,0,0
PAYMENT,PAYMENT · nominal kecil,16,33992,15984,2.127,18,1,0,0,0,0,1.95,saldo tujuan sangat ekstrem,0,0
CASH_OUT,PAYMENT · nominal kecil,11,38646,246719,0.157,12,4,0,0,0,0,2.22,menguras hampir seluruh saldo,0,0
CASH_IN,CASH_IN · nominal sedang,7,222602,23797366,0.009,10,0,1,1,0,2,1.49,saldo awal pengirim sangat ekstrem,1,0
CASH_OUT,CASH_OUT · nominal besar,11,87713,23754,3.693,19,3,0,0,0,0,1.66,menguras hampir seluruh saldo,0,0
CASH_OUT,CASH_OUT · nominal besar,16,140790,0,0.0,12,2,1,1,0,2,0.91,saldo tujuan sangat ekstrem,1,0
CASH_OUT,CASH_OUT · nominal besar,21,2985840,2985840,1.0,12,3,1,1,0,2,3.73,nominal transaksi sangat ekstrem,1,1
TRANSFER,CASH_OUT · nominal besar,10,2342607,119362,10.0,9,3,1,1,1,3,2.82,nominal transaksi sangat ekstrem,1,0
CASH_OUT,CASH_OUT · nominal besar,6,468811,21389,10.0,18,3,1,0,0,1,1.54,menguras hampir seluruh saldo,0,0
CASH_OUT,CASH_OUT · nominal besar,8,302833,301426,1.005,15,2,1,1,0,2,3.45,saldo tujuan sangat ekstrem,1,0
CASH_OUT,CASH_OUT · nominal besar,14,19568,0,0.0,20,2,0,0,0,0,1.67,menguras hampir seluruh saldo,0,0
CASH_IN,CASH_IN · nominal sedang,2,187693,17974560,0.01,13,0,1,1,0,2,0.88,saldo awal pengirim sangat ekstrem,1,0
CASH_IN,CASH_IN · nominal sedang,9,88335,12053413,0.007,12,0,1,1,0,2,0.99,saldo awal pengirim sangat ekstrem,1,0
PAYMENT,PAYMENT · nominal kecil,29,19073,35852,0.532,20,4,0,0,0,0,1.2,menguras hampir seluruh saldo,0,0
PAYMENT,PAYMENT · nominal kecil,8,17974,0,0.0,17,1,0,0,0,0,0.73,menguras hampir seluruh saldo,0,0
CASH_OUT,CASH_OUT · nominal besar,11,36949,0,0.0,14,2,1,0,0,1,1.0,saldo tujuan sangat ekstrem,0,0
CASH_OUT,CASH_OUT · nominal besar,2,510455,479553,1.064,9,3,1,1,0,2,2.84,saldo tujuan sangat ekstrem,1,0
CASH_IN,CASH_IN · nominal sedang,7,184842,14256245,0.013,17,0,1,1,0,2,0.72,saldo awal pengirim sangat ekstrem,1,0
CASH_OUT,CASH_OUT · nominal besar,1,213325,32438,6.576,18,3,0,0,0,0,1.23,menguras hampir seluruh saldo,0,0
TRANSFER,PAYMENT · nominal kecil,4,24412,24412,1.0,11,4,1,0,0,1,2.5,saldo pengirim tidak konsisten secara logika,0,1
CASH_OUT,CASH_OUT · nominal besar,17,117589,71,10.0,15,3,1,1,0,2,1.73,saldo tujuan sangat ekstrem,1,0
CASH_OUT,CASH_OUT · nominal besar,12,268778,11774,10.0,21,3,1,0,0,1,1.76,menguras hampir seluruh saldo,0,0
CASH_OUT,CASH_OUT · nominal besar,6,12189,0,0.0,18,2,1,1,0,2,2.44,saldo tujuan sangat ekstrem,1,0
CASH_IN,CASH_IN · nominal sedang,1,271993,5154524,0.053,12,0,1,0,0,1,1.04,saldo awal pengirim sangat ekstrem,0,0
CASH_OUT,PAYMENT · nominal kecil,6,190737,190737,1.0,12,4,0,0,0,0,2.8,saldo pengirim tidak konsisten secara logika,0,1
CASH_IN,CASH_IN · nominal sedang,10,286394,230994,1.24,12,0,1,0,0,1,1.02,saldo tujuan tidak konsisten secara logika,0,0
PAYMENT,PAYMENT · nominal kecil,8,12346,22323,0.553,11,4,0,0,0,0,1.18,menguras hampir seluruh saldo,0,0
TRANSFER,CASH_OUT · nominal besar,1,1917530,5396,10.0,17,3,1,0,1,2,3.41,nominal transaksi sangat ekstrem,1,0
TRANSFER,CASH_IN · nominal sedang,25,353874,353874,1.0,10,0,1,0,0,1,2.71,saldo tujuan tidak konsisten secara logika,0,1
CASH_OUT,CASH_OUT · nominal besar,8,25182,2720,9.258,13,3,1,1,0,2,1.84,saldo tujuan sangat ekstrem,1,0
CASH_IN,CASH_IN · nominal sedang,13,76645,9896935,0.008,17,0,1,1,0,2,0.69,saldo awal pengirim sangat ekstrem,1,0
CASH_IN,CASH_IN · nominal sedang,2,120784,11511286,0.01,20,0,1,1,0,2,1.19,saldo awal pengirim sangat ekstrem,1,0
CASH_OUT,CASH_OUT · nominal besar,16,104352,51935,2.009,20,3,0,0,0,0,2.41,saldo tujuan sangat ekstrem,0,0
PAYMENT,PAYMENT · nominal kecil,17,8210,143581,0.057,13,4,0,0,0,0,0.76,menguras hampir seluruh saldo,0,0
PAYMENT,PAYMENT · nominal kecil,1,13437,0,0.0,18,1,0,0,0,0,0.8,menguras hampir seluruh saldo,0,0
CASH_IN,CASH_IN · nominal sedang,9,73466,14057657,0.005,17,0,1,1,0,2,0.82,saldo awal pengirim sangat ekstrem,1,0
TRANSFER,CASH_IN · nominal sedang,13,4262592,4262592,1.0,18,0,1,1,1,3,4.04,saldo tujuan tidak konsisten secara logika,1,1
TRANSFER,CASH_IN · nominal sedang,13,716273,716273,1.0,8,0,1,0,1,2,3.94,saldo tujuan tidak konsisten secara logika,1,1
TRANSFER,PAYMENT · nominal kecil,14,84312,84312,1.0,17,4,1,0,1,2,2.68,saldo pengirim tidak konsisten secara logika,1,1
PAYMENT,PAYMENT · nominal kecil,16,6071,269009,0.023,20,4,0,0,0,0,1.18,menguras hampir seluruh saldo,0,0
CASH_IN,CASH_IN · nominal sedang,22,222338,2911430,0.076,18,0,1,0,0,1,0.95,saldo tujuan sangat ekstrem,0,0
CASH_OUT,PAYMENT · nominal kecil,24,2472250,2472250,1.0,12,4,1,1,0,2,3.53,nominal transaksi sangat ekstrem,1,1
PAYMENT,PAYMENT · nominal kecil,7,7644,159952,0.048,13,4,0,0,0,0,0.77,menguras hampir seluruh saldo,0,0
PAYMENT,PAYMENT · nominal kecil,8,35446,0,0.0,10,1,0,0,0,0,1.54,menguras hampir seluruh saldo,0,0
CASH_IN,CASH_IN · nominal sedang,12,112614,22899794,0.005,20,0,1,1,0,2,1.26,saldo awal pengirim sangat ekstrem,1,0
CASH_IN,CASH_IN · nominal sedang,12,114307,521238,0.219,11,0,1,0,0,1,1.03,menguras hampir seluruh saldo,0,0
CASH_IN,CASH_IN · nominal sedang,1,294022,13297503,0.022,14,0,1,1,0,2,0.85,saldo awal pengirim sangat ekstrem,1,0
TRANSFER,PAYMENT · nominal kecil,24,112959,112959,1.0,13,4,1,0,1,2,2.84,saldo pengirim tidak konsisten secara logika,1,1
CASH_OUT,PAYMENT · nominal kecil,9,62625,92387,0.678,14,4,0,0,0,0,1.97,menguras hampir seluruh saldo,0,0
TRANSFER,CASH_OUT · nominal besar,4,1049199,5356,10.0,0,3,1,0,1,2,4.0,menguras hampir seluruh saldo,1,0
CASH_IN,CASH_IN · nominal sedang,13,187491,20378488,0.009,19,0,1,1,0,2,1.08,saldo awal pengirim sangat ekstrem,1,0
PAYMENT,PAYMENT · nominal kecil,4,19943,0,0.0,22,1,0,0,0,0,1.69,menguras hampir seluruh saldo,0,0
CASH_IN,CASH_OUT · nominal besar,1,186880,10526539,0.018,13,3,1,1,0,2,3.9,saldo awal pengirim sangat ekstrem,1,0
CASH_IN,CASH_IN · nominal sedang,15,49037,1773045,0.028,20,0,1,1,0,2,1.35,saldo tujuan sangat ekstrem,1,0
TRANSFER,CASH_OUT · nominal besar,14,165954,12040,10.0,20,3,1,0,0,1,1.82,menguras hampir seluruh saldo,0,0
TRANSFER,PAYMENT · nominal kecil,9,296699,296699,1.0,20,4,1,0,1,2,3.35,saldo tujuan tidak konsisten secara logika,1,1
PAYMENT,PAYMENT · nominal kecil,6,14556,35721,0.407,20,4,0,0,0,0,1.16,menguras hampir seluruh saldo,0,0
CASH_IN,CASH_IN · nominal sedang,9,67650,7744484,0.009,20,0,1,0,0,1,1.2,saldo awal pengirim sangat ekstrem,0,0
CASH_OUT,PAYMENT · nominal kecil,1,19472,19472,1.0,12,4,0,0,0,0,1.51,saldo pengirim tidak konsisten secara logika,0,1
TRANSFER,PAYMENT · nominal kecil,3,89014,89014,1.0,12,4,1,0,0,1,2.8,saldo pengirim tidak konsisten secara logika,0,1
CASH_IN,CASH_IN · nominal sedang,14,84169,18956816,0.004,16,0,1,1,0,2,0.74,saldo awal pengirim sangat ekstrem,1,0
PAYMENT,PAYMENT · nominal kecil,7,8776,100686,0.087,22,4,0,0,0,0,1.56,menguras hampir seluruh saldo,0,0
PAYMENT,PAYMENT · nominal kecil,1,5582,0,0.0,18,1,0,0,0,0,0.79,menguras hampir seluruh saldo,0,0
CASH_OUT,CASH_OUT · nominal besar,16,255898,37669,6.793,11,3,1,1,0,2,2.31,saldo tujuan sangat ekstrem,1,0
CASH_IN,CASH_OUT · nominal besar,17,288997,181,10.0,20,3,1,1,0,2,3.05,saldo tujuan sangat ekstrem,1,0
TRANSFER,CASH_OUT · nominal besar,11,788987,0,0.0,13,2,0,0,0,0,1.57,nominal transaksi sangat ekstrem,0,0
PAYMENT,PAYMENT · nominal kecil,7,12181,40675,0.299,22,4,0,0,0,0,1.57,menguras hampir seluruh saldo,0,0
TRANSFER,CASH_IN · nominal sedang,26,6961359,6961359,1.0,21,0,1,1,1,3,4.36,saldo tujuan tidak konsisten secara logika,1,1
TRANSFER,CASH_OUT · nominal besar,16,3517744,12385,10.0,15,3,1,1,0,2,2.41,nominal transaksi sangat ekstrem,1,0
TRANSFER,PAYMENT · nominal kecil,30,344886,344886,1.0,16,4,1,0,1,2,3.26,saldo tujuan tidak konsisten secara logika,1,1
CASH_OUT,CASH_OUT · nominal besar,16,156863,91394,1.716,15,3,1,0,0,1,2.75,saldo awal pengirim sangat ekstrem,0,0
TRANSFER,CASH_IN · nominal sedang,18,9585040,19585040,0.489,17,0,1,1,1,3,3.6,saldo tujuan tidak konsisten secara logika,1,1
TRANSFER,CASH_OUT · nominal besar,1,456681,0,0.0,17,2,0,0,0,0,1.34,menguras hampir seluruh saldo,0,0
PAYMENT,PAYMENT · nominal kecil,10,8340,48573,0.172,12,4,0,0,0,0,0.95,menguras hampir seluruh saldo,0,0
TRANSFER,CASH_OUT · nominal besar,1,25585,865,10.0,21,3,1,0,1,2,2.75,menguras hampir seluruh saldo,1,0
CASH_IN,CASH_IN · nominal sedang,8,70575,11538,6.117,22,0,1,0,0,1,2.3,menguras hampir seluruh saldo,0,0
CASH_IN,CASH_IN · nominal sedang,12,46738,12245960,0.004,20,0,1,1,0,2,1.3,saldo awal pengirim sangat ekstrem,1,0
CASH_OUT,PAYMENT · nominal kecil,27,10000000,10000000,1.0,22,4,1,1,0,2,4.36,nominal transaksi sangat ekstrem,1,1
PAYMENT,PAYMENT · nominal kecil,2,12271,16996,0.722,20,4,0,0,0,0,1.17,menguras hampir seluruh saldo,0,0
CASH_OUT,CASH_OUT · nominal besar,11,143138,0,0.0,11,2,1,0,0,1,1.83,menguras hampir seluruh saldo,0,0
CASH_IN,CASH_IN · nominal sedang,13,167552,9716567,0.017,10,0,1,1,0,2,1.38,saldo awal pengirim sangat ekstrem,1,0
CASH_OUT,CASH_OUT · nominal besar,17,146162,58705,2.49,9,3,0,0,0,0,2.15,saldo tujuan sangat ekstrem,0,0
TRANSFER,PAYMENT · nominal kecil,28,120583,120583,1.0,10,4,1,0,1,2,3.08,saldo pengirim tidak konsisten secara logika,1,1
PAYMENT,PAYMENT · nominal kecil,7,7784,0,0.0,16,1,0,0,0,0,0.45,menguras hampir seluruh saldo,0,0
TRANSFER,CASH_IN · nominal sedang,17,4559922,4559922,1.0,7,0,1,1,1,3,4.45,saldo tujuan tidak konsisten secara logika,1,1
PAYMENT,PAYMENT · nominal kecil,6,10137,0,0.0,12,1,0,0,0,0,0.87,menguras hampir seluruh saldo,0,0
CASH_IN,CASH_IN · nominal sedang,13,89453,17324750,0.005,20,0,1,1,0,2,1.22,saldo awal pengirim sangat ekstrem,1,0
CASH_OUT,CASH_OUT · nominal besar,10,82184,30679,2.679,15,3,1,1,0,2,1.93,saldo tujuan sangat ekstrem,1,0
CASH_OUT,CASH_OUT · nominal besar,8,120487,50079,2.406,12,3,0,0,0,0,2.17,saldo tujuan sangat ekstrem,0,0
CASH_OUT,CASH_OUT · nominal besar,6,128346,0,0.0,16,2,0,0,0,0,0.41,menguras hampir seluruh saldo,0,0
CASH_OUT,PAYMENT · nominal kecil,12,332040,352163,0.943,11,4,0,0,0,0,2.53,saldo pengirim tidak konsisten secara logika,0,0
TRANSFER,CASH_OUT · nominal besar,2,31956,0,0.0,14,2,1,1,0,2,1.53,saldo tujuan sangat ekstrem,1,0
TRANSFER,CASH_IN · nominal sedang,29,4886423,4886423,1.0,13,0,1,1,1,3,4.07,saldo tujuan tidak konsisten secara logika,1,1
CASH_IN,CASH_IN · nominal sedang,6,476902,6509618,0.073,11,0,1,0,0,1,1.43,saldo tujuan tidak konsisten secara logika,0,0
CASH_IN,CASH_IN · nominal sedang,8,157536,1781554,0.088,14,0,1,0,0,1,0.5,saldo tujuan tidak konsisten secara logika,0,0
CASH_OUT,PAYMENT · nominal kecil,24,357883,357883,1.0,8,4,0,0,0,0,3.35,saldo pengirim tidak konsisten secara logika,0,1
TRANSFER,CASH_IN · nominal sedang,2,1448630,1448630,1.0,9,0,1,1,1,3,3.97,saldo tujuan tidak konsisten secara logika,1,1
CASH_IN,CASH_IN · nominal sedang,17,77689,11422373,0.007,9,0,1,1,0,2,1.57,saldo awal pengirim sangat ekstrem,1,0
TRANSFER,PAYMENT · nominal kecil,1,181,181,1.0,1,4,1,0,1,2,4.45,saldo pengirim tidak konsisten secara logika,1,1
TRANSFER,CASH_OUT · nominal besar,16,205639,0,0.0,14,2,1,1,0,2,1.23,saldo tujuan sangat ekstrem,1,0
CASH_IN,CASH_IN · nominal sedang,2,18605,102312,0.182,10,0,1,1,0,2,1.8,saldo tujuan sangat ekstrem,1,0
CASH_OUT,CASH_OUT · nominal besar,15,90743,0,0.0,19,2,0,0,0,0,0.96,menguras hampir seluruh saldo,0,0
TRANSFER,CASH_OUT · nominal besar,15,2403719,0,0.0,11,2,1,1,0,2,2.21,nominal transaksi sangat ekstrem,1,0
CASH_OUT,CASH_OUT · nominal besar,10,87626,13244,6.616,16,3,0,0,0,0,0.91,menguras hampir seluruh saldo,0,0
TRANSFER,CASH_OUT · nominal besar,10,969249,0,0.0,13,2,1,1,0,2,1.69,saldo tujuan sangat ekstrem,1,0
PAYMENT,PAYMENT · nominal kecil,1,6560,30604,0.214,10,4,0,0,0,0,1.39,menguras hampir seluruh saldo,0,0
PAYMENT,PAYMENT · nominal kecil,6,3710,0,0.0,20,1,0,0,0,0,1.26,menguras hampir seluruh saldo,0,0
CASH_OUT,CASH_OUT · nominal besar,7,116843,41566,2.811,15,3,0,0,0,0,1.62,saldo awal pengirim sangat ekstrem,0,0
CASH_OUT,CASH_OUT · nominal besar,8,329526,90349,3.647,14,3,1,1,0,2,1.78,saldo tujuan sangat ekstrem,1,0
CASH_OUT,CASH_OUT · nominal besar,10,641055,41067,10.0,16,3,1,0,0,1,1.27,menguras hampir seluruh saldo,0,0
CASH_OUT,CASH_OUT · nominal besar,1,199984,0,0.0,20,2,0,0,0,0,1.15,menguras hampir seluruh saldo,0,0
CASH_IN,CASH_IN · nominal sedang,7,99827,24321378,0.004,21,0,1,1,0,2,1.45,saldo awal pengirim sangat ekstrem,1,0
CASH_IN,CASH_IN · nominal sedang,8,130459,3881550,0.034,9,0,1,0,0,1,1.5,saldo awal pengirim sangat ekstrem,0,0
TRANSFER,CASH_IN · nominal sedang,12,642365,642365,1.0,7,0,1,0,1,2,4.03,saldo tujuan tidak konsisten secara logika,1,1
PAYMENT,PAYMENT · nominal kecil,1,23249,1676065,0.014,14,4,1,0,0,1,0.94,menguras hampir seluruh saldo,0,0
TRANSFER,PAYMENT · nominal kecil,14,82648,82648,1.0,3,4,1,0,1,2,3.93,saldo pengirim tidak konsisten secara logika,1,1
TRANSFER,CASH_OUT · nominal besar,13,34594408,0,0.0,10,2,1,1,0,2,3.63,nominal transaksi sangat ekstrem,1,0
CASH_OUT,CASH_OUT · nominal besar,25,1298921,1298921,1.0,9,3,1,0,0,1,3.79,nominal transaksi sangat ekstrem,0,1
CASH_OUT,CASH_OUT · nominal besar,14,341494,144,10.0,13,3,1,0,0,1,1.34,menguras hampir seluruh saldo,0,0
PAYMENT,PAYMENT · nominal kecil,8,14336,0,0.0,14,1,0,0,0,0,0.6,menguras hampir seluruh saldo,0,0
CASH_OUT,CASH_OUT · nominal besar,13,263216,0,0.0,9,2,0,0,0,0,1.53,menguras hampir seluruh saldo,0,0
TRANSFER,PAYMENT · nominal kecil,24,131051,131051,1.0,5,4,1,0,1,2,3.74,saldo pengirim tidak konsisten secara logika,1,1
CASH_OUT,PAYMENT · nominal kecil,9,2913787,2913787,1.0,11,4,1,1,0,2,3.58,nominal transaksi sangat ekstrem,1,1
CASH_IN,CASH_IN · nominal sedang,13,53242,4674715,0.011,20,0,1,0,0,1,1.22,saldo awal pengirim sangat ekstrem,0,0
CASH_IN,CASH_IN · nominal sedang,17,19784,2829540,0.007,19,0,1,1,0,2,1.49,saldo tujuan sangat ekstrem,1,0
CASH_OUT,PAYMENT · nominal kecil,16,118463,118463,1.0,15,4,0,0,0,0,2.34,saldo pengirim tidak konsisten secara logika,0,1
CASH_OUT,CASH_OUT · nominal besar,12,196845,0,0.0,19,2,1,1,0,2,0.99,saldo tujuan sangat ekstrem,1,0
CASH_OUT,CASH_OUT · nominal besar,16,95606,49889,1.916,17,3,0,0,0,0,1.86,saldo awal pengirim sangat ekstrem,0,0
CASH_OUT,CASH_OUT · nominal besar,8,204404,21341,9.578,17,3,1,0,0,1,1.3,menguras hampir seluruh saldo,0,0
PAYMENT,PAYMENT · nominal kecil,2,11874,30493,0.389,12,4,0,0,0,0,0.96,menguras hampir seluruh saldo,0,0
CASH_OUT,CASH_OUT · nominal besar,17,274767,0,0.0,13,2,0,0,0,0,0.71,menguras hampir seluruh saldo,0,0
CASH_IN,CASH_IN · nominal sedang,15,112721,155870,0.723,18,0,1,0,0,1,0.74,saldo tujuan tidak konsisten secara logika,0,0
CASH_OUT,PAYMENT · nominal kecil,27,513610,513610,1.0,20,4,1,0,0,1,3.19,nominal transaksi sangat ekstrem,0,1
CASH_IN,CASH_IN · nominal sedang,16,56034,2376041,0.024,19,0,1,1,0,2,1.13,saldo tujuan sangat ekstrem,1,0
PAYMENT,PAYMENT · nominal kecil,9,11964,123460,0.097,20,4,0,0,0,0,1.14,menguras hampir seluruh saldo,0,0
CASH_IN,CASH_OUT · nominal besar,11,256811,1052,10.0,15,3,1,0,0,1,2.67,menguras hampir seluruh saldo,0,0
TRANSFER,PAYMENT · nominal kecil,16,385567,385567,1.0,15,4,1,0,1,2,3.32,saldo tujuan tidak konsisten secara logika,1,1
TRANSFER,CASH_IN · nominal sedang,8,856387,856387,1.0,19,0,1,0,1,2,3.69,saldo tujuan tidak konsisten secara logika,1,1
PAYMENT,PAYMENT · nominal kecil,8,27622,229756,0.12,17,4,0,0,0,0,0.84,menguras hampir seluruh saldo,0,0
TRANSFER,CASH_OUT · nominal besar,8,134907,0,0.0,18,2,0,0,0,0,1.27,menguras hampir seluruh saldo,0,0
TRANSFER,PAYMENT · nominal kecil,23,108755,108755,1.0,13,4,1,0,1,2,2.82,saldo pengirim tidak konsisten secara logika,1,1
CASH_OUT,PAYMENT · nominal kecil,11,52795,52795,1.0,10,4,0,0,0,0,2.34,saldo pengirim tidak konsisten secara logika,0,1
CASH_IN,CASH_IN · nominal sedang,17,105802,10058130,0.011,20,0,1,1,0,2,1.22,saldo awal pengirim sangat ekstrem,1,0
CASH_OUT,PAYMENT · nominal kecil,13,25996,125662,0.207,18,4,1,1,0,2,2.52,saldo tujuan sangat ekstrem,1,0
TRANSFER,CASH_OUT · nominal besar,15,3147230,269357,10.0,17,3,1,1,1,3,2.62,nominal transaksi sangat ekstrem,1,0
CASH_IN,CASH_IN · nominal sedang,12,4070,11499741,0.0,19,0,1,1,0,2,2.25,saldo awal pengirim sangat ekstrem,1,0
TRANSFER,CASH_OUT · nominal besar,15,11065,0,0.0,22,2,0,0,0,0,2.45,menguras hampir seluruh saldo,0,0
CASH_OUT,CASH_OUT · nominal besar,13,21385,0,0.0,16,2,0,0,0,0,1.21,menguras hampir seluruh saldo,0,0
TRANSFER,CASH_IN · nominal sedang,10,1231310,1231310,1.0,10,0,1,0,1,2,3.86,saldo tujuan tidak konsisten secara logika,1,1
CASH_OUT,CASH_OUT · nominal besar,8,97733,0,0.0,10,2,0,0,0,0,1.3,menguras hampir seluruh saldo,0,0
PAYMENT,PAYMENT · nominal kecil,11,1391,0,0.0,21,1,0,0,0,0,1.74,menguras hampir seluruh saldo,0,0
CASH_OUT,CASH_OUT · nominal besar,6,328877,0,0.0,12,2,0,0,0,0,0.95,menguras hampir seluruh saldo,0,0
CASH_IN,CASH_IN · nominal sedang,9,416756,1852017,0.225,12,0,1,0,0,1,1.16,saldo tujuan tidak konsisten secara logika,0,0
TRANSFER,PAYMENT · nominal kecil,15,118499,118499,1.0,8,4,1,0,1,2,3.3,saldo pengirim tidak konsisten secara logika,1,1
PAYMENT,CASH_OUT · nominal besar,12,60791,1263,10.0,0,3,1,0,1,2,4.03,menguras hampir seluruh saldo,1,0
CASH_OUT,CASH_OUT · nominal besar,2,35193,4617,7.622,0,3,0,0,0,0,3.73,menguras hampir seluruh saldo,0,0
CASH_IN,CASH_IN · nominal sedang,24,7218,2749592,0.003,12,0,1,0,0,1,1.84,saldo awal pengirim sangat ekstrem,0,0
PAYMENT,PAYMENT · nominal kecil,23,10724,0,0.0,16,1,0,0,0,0,0.47,menguras hampir seluruh saldo,0,0
TRANSFER,PAYMENT · nominal kecil,11,196562,196562,1.0,21,4,1,0,1,2,3.26,saldo tujuan tidak konsisten secara logika,1,1
PAYMENT,PAYMENT · nominal kecil,16,18959,300598,0.063,11,4,0,0,0,0,1.23,menguras hampir seluruh saldo,0,0
TRANSFER,CASH_OUT · nominal besar,11,157991,0,0.0,18,2,0,0,0,0,1.29,menguras hampir seluruh saldo,0,0
CASH_IN,CASH_IN · nominal sedang,13,106785,2922100,0.037,22,0,1,0,0,1,1.57,saldo awal pengirim sangat ekstrem,0,0
CASH_OUT,CASH_OUT · nominal besar,12,154669,15121,10.0,17,3,1,0,0,1,1.2,menguras hampir seluruh saldo,0,0
CASH_OUT,PAYMENT · nominal kecil,16,7466,7466,1.0,14,4,0,0,0,0,1.31,saldo pengirim tidak konsisten secara logika,0,1
CASH_OUT,CASH_OUT · nominal besar,2,321868,0,0.0,21,2,0,0,0,0,1.42,menguras hampir seluruh saldo,0,0
TRANSFER,PAYMENT · nominal kecil,17,249985,249985,1.0,13,4,1,0,1,2,3.17,saldo tujuan tidak konsisten secara logika,1,1
TRANSFER,CASH_IN · nominal sedang,17,10000000,12754759,0.784,20,0,1,1,1,3,4.42,saldo tujuan tidak konsisten secara logika,1,1
CASH_IN,CASH_IN · nominal sedang,1,264884,2340900,0.113,19,0,1,1,0,2,1.2,saldo tujuan sangat ekstrem,1,0
CASH_IN,CASH_IN · nominal sedang,2,218993,9954483,0.022,19,0,1,1,0,2,1.17,saldo awal pengirim sangat ekstrem,1,0
TRANSFER,CASH_OUT · nominal besar,2,197638,5219,10.0,9,3,1,0,0,1,2.03,menguras hampir seluruh saldo,0,0
CASH_OUT,PAYMENT · nominal kecil,23,606502,606502,1.0,7,4,1,0,0,1,3.54,nominal transaksi sangat ekstrem,0,1
CASH_OUT,CASH_OUT · nominal besar,29,3574316,3574316,1.0,18,3,1,1,0,2,3.76,nominal transaksi sangat ekstrem,1,1
CASH_IN,CASH_IN · nominal sedang,2,214073,14603072,0.015,12,0,1,1,0,2,1.01,saldo awal pengirim sangat ekstrem,1,0
PAYMENT,PAYMENT · nominal kecil,1,7061,411755,0.017,15,4,0,0,0,0,0.59,menguras hampir seluruh saldo,0,0
CASH_IN,CASH_IN · nominal sedang,1,86075,4361974,0.02,21,0,1,0,0,1,1.36,saldo awal pengirim sangat ekstrem,0,0
CASH_OUT,CASH_OUT · nominal besar,10,230847,0,0.0,12,2,1,1,0,2,0.94,saldo tujuan sangat ekstrem,1,0
PAYMENT,PAYMENT · nominal kecil,9,7019,83694,0.084,22,4,0,0,0,0,1.57,menguras hampir seluruh saldo,0,0
PAYMENT,PAYMENT · nominal kecil,9,9939,0,0.0,11,1,0,0,0,0,1.08,menguras hampir seluruh saldo,0,0
CASH_OUT,CASH_OUT · nominal besar,11,316129,54257,5.826,20,3,0,0,0,0,1.53,menguras hampir seluruh saldo,0,0
CASH_OUT,CASH_OUT · nominal besar,16,27193,182,10.0,18,3,1,0,0,1,2.11,menguras hampir seluruh saldo,0,0
CASH_IN,CASH_IN · nominal sedang,2,265213,526582,0.504,17,0,1,0,0,1,0.71,saldo tujuan tidak konsisten secara logika,0,0
CASH_IN,CASH_IN · nominal sedang,10,17011,1727613,0.01,19,0,1,0,0,1,1.47,menguras hampir seluruh saldo,0,0
CASH_OUT,CASH_OUT · nominal besar,16,90355,72197,1.252,12,3,0,0,0,0,2.45,saldo tujuan sangat ekstrem,0,0
TRANSFER,CASH_IN · nominal sedang,20,1168274,1168274,1.0,7,0,1,0,1,2,4.13,saldo tujuan tidak konsisten secara logika,1,1
TRANSFER,CASH_OUT · nominal besar,1,870450,73504,10.0,14,3,1,0,1,2,3.34,menguras hampir seluruh saldo,1,0
PAYMENT,PAYMENT · nominal kecil,10,15748,0,0.0,20,1,0,0,0,0,1.23,menguras hampir seluruh saldo,0,0
PAYMENT,PAYMENT · nominal kecil,2,1081,0,0.0,13,1,0,0,0,0,1.37,menguras hampir seluruh saldo,0,0
CASH_IN,CASH_OUT · nominal besar,25,275676,0,0.0,14,2,1,1,0,2,2.74,saldo tujuan sangat ekstrem,1,0
PAYMENT,PAYMENT · nominal kecil,23,3522,188533,0.019,16,4,0,0,0,0,0.75,menguras hampir seluruh saldo,0,0
PAYMENT,PAYMENT · nominal kecil,10,20793,104217,0.2,16,4,0,0,0,0,0.63,menguras hampir seluruh saldo,0,0
PAYMENT,PAYMENT · nominal kecil,2,3039,1603,1.896,0,1,0,0,0,0,3.83,saldo pengirim tidak konsisten secara logika,0,0
CASH_OUT,CASH_OUT · nominal besar,30,220648,17887,10.0,22,3,1,0,0,1,2.23,menguras hampir seluruh saldo,0,0
CASH_OUT,CASH_OUT · nominal besar,24,124497,0,0.0,13,2,1,1,0,2,0.74,saldo tujuan sangat ekstrem,1,0
PAYMENT,PAYMENT · nominal kecil,15,2025,122547,0.017,10,4,0,0,0,0,1.62,menguras hampir seluruh saldo,0,0
CASH_OUT,CASH_OUT · nominal besar,1,385529,0,0.0,17,2,0,0,0,0,0.76,saldo tujuan sangat ekstrem,0,0
TRANSFER,CASH_OUT · nominal besar,25,213430,0,0.0,13,2,1,1,0,2,1.3,saldo tujuan sangat ekstrem,1,0
CASH_IN,CASH_IN · nominal sedang,12,381515,16988288,0.022,16,0,1,1,0,2,0.97,saldo awal pengirim sangat ekstrem,1,0
PAYMENT,PAYMENT · nominal kecil,10,6708,0,0.0,18,1,0,0,0,0,0.77,menguras hampir seluruh saldo,0,0
CASH_OUT,CASH_OUT · nominal besar,17,93632,0,0.0,19,2,0,0,0,0,0.97,saldo tujuan sangat ekstrem,0,0
CASH_IN,CASH_OUT · nominal besar,1,512159,5669220,0.09,15,3,1,0,0,1,3.83,saldo awal pengirim sangat ekstrem,0,0
CASH_IN,CASH_IN · nominal sedang,13,177817,6369450,0.028,9,0,1,0,0,1,1.59,saldo awal pengirim sangat ekstrem,0,0
TRANSFER,CASH_IN · nominal sedang,10,723782,723782,1.0,0,0,1,0,1,2,5.02,saldo tujuan tidak konsisten secara logika,1,1
CASH_OUT,PAYMENT · nominal kecil,11,16917,49249,0.344,14,4,0,0,0,0,1.27,menguras hampir seluruh saldo,0,0
PAYMENT,PAYMENT · nominal kecil,9,8326,20241,0.411,12,4,0,0,0,0,0.97,menguras hampir seluruh saldo,0,0
TRANSFER,PAYMENT · nominal kecil,26,274126,274126,1.0,2,4,1,0,1,2,4.45,saldo tujuan tidak konsisten secara logika,1,1
PAYMENT,PAYMENT · nominal kecil,11,3392,0,0.0,12,1,0,0,0,0,1.01,menguras hampir seluruh saldo,0,0
CASH_IN,CASH_IN · nominal sedang,9,179152,2781620,0.064,19,0,1,0,0,1,0.94,saldo awal pengirim sangat ekstrem,0,0
CASH_OUT,CASH_OUT · nominal besar,16,125220,41264,3.035,12,3,0,0,0,0,2.05,saldo tujuan sangat ekstrem,0,0
CASH_IN,CASH_IN · nominal sedang,7,440097,13674519,0.032,12,0,1,1,0,2,1.27,saldo awal pengirim sangat ekstrem,1,0
TRANSFER,CASH_OUT · nominal besar,1,2017105,0,0.0,18,2,1,1,0,2,1.99,nominal transaksi sangat ekstrem,1,0
TRANSFER,PAYMENT · nominal kecil,11,358441,358441,1.0,9,4,1,0,1,2,3.61,saldo tujuan tidak konsisten secara logika,1,1
CASH_IN,PAYMENT · nominal kecil,1,14762,21492398,0.001,19,4,1,1,0,2,3.8,saldo awal pengirim sangat ekstrem,1,0
TRANSFER,CASH_OUT · nominal besar,13,739180,15948,10.0,15,3,1,1,0,2,1.92,saldo tujuan sangat ekstrem,1,0
TRANSFER,PAYMENT · nominal kecil,29,73111,73111,1.0,13,4,1,0,0,1,2.67,saldo pengirim tidak konsisten secara logika,0,1
PAYMENT,PAYMENT · nominal kecil,8,4197,330854,0.013,23,4,0,0,0,0,1.86,menguras hampir seluruh saldo,0,0
CASH_OUT,CASH_OUT · nominal besar,10,1476249,1476249,1.0,2,3,1,0,0,1,4.61,nominal transaksi sangat ekstrem,0,1
CASH_IN,CASH_IN · nominal sedang,16,15190,7577930,0.002,18,0,1,0,0,1,1.41,saldo awal pengirim sangat ekstrem,0,0
TRANSFER,CASH_OUT · nominal besar,15,5273836,0,0.0,18,2,1,1,0,2,2.46,nominal transaksi sangat ekstrem,1,0
TRANSFER,CASH_IN · nominal sedang,7,10000000,27670038,0.361,16,0,1,1,1,3,4.3,saldo tujuan tidak konsisten secara logika,1,1
CASH_OUT,PAYMENT · nominal kecil,7,14017,14017,1.0,5,4,0,0,0,0,3.26,saldo pengirim tidak konsisten secara logika,0,1
CASH_IN,CASH_IN · nominal sedang,15,4165,24850810,0.0,12,0,1,1,0,2,2.22,saldo awal pengirim sangat ekstrem,1,0
CASH_IN,CASH_IN · nominal sedang,13,325450,6061436,0.054,20,0,1,0,0,1,1.34,saldo awal pengirim sangat ekstrem,0,0
TRANSFER,PAYMENT · nominal kecil,13,222694,222694,1.0,21,4,1,0,1,2,3.31,saldo tujuan tidak konsisten secara logika,1,1
CASH_IN,CASH_IN · nominal sedang,11,218779,12040711,0.018,22,0,1,1,0,2,1.68,saldo awal pengirim sangat ekstrem,1,0
CASH_IN,CASH_IN · nominal sedang,18,96757,9576186,0.01,15,0,1,1,0,2,0.64,saldo awal pengirim sangat ekstrem,1,0
PAYMENT,PAYMENT · nominal kecil,17,14288,0,0.0,19,1,0,0,0,0,1.01,menguras hampir seluruh saldo,0,0
TRANSFER,PAYMENT · nominal kecil,17,106596,106596,1.0,22,4,1,0,1,2,3.13,saldo pengirim tidak konsisten secara logika,1,1
CASH_OUT,PAYMENT · nominal kecil,21,305184,305184,1.0,1,4,0,0,0,0,4.34,saldo pengirim tidak konsisten secara logika,0,1
PAYMENT,PAYMENT · nominal kecil,2,8914,0,0.0,19,1,0,0,0,0,0.96,menguras hampir seluruh saldo,0,0
PAYMENT,PAYMENT · nominal kecil,2,11900,263329,0.045,12,4,0,0,0,0,0.97,menguras hampir seluruh saldo,0,0
CASH_IN,CASH_IN · nominal sedang,11,162209,12469922,0.013,18,0,1,1,0,2,0.83,saldo awal pengirim sangat ekstrem,1,0
CASH_OUT,CASH_OUT · nominal besar,1,510232,1139,10.0,11,3,1,0,1,2,3.15,menguras hampir seluruh saldo,1,0
CASH_IN,CASH_IN · nominal sedang,9,121621,25752468,0.005,15,0,1,1,0,2,0.64,saldo awal pengirim sangat ekstrem,1,0
TRANSFER,CASH_IN · nominal sedang,13,786481,786481,1.0,15,0,1,0,1,2,3.57,saldo tujuan tidak konsisten secara logika,1,1
CASH_IN,CASH_IN · nominal sedang,22,380257,205635,1.849,16,0,1,0,0,1,2.04,saldo pengirim tidak konsisten secara logika,0,0
PAYMENT,PAYMENT · nominal kecil,9,2429,55422,0.044,22,4,0,0,0,0,1.74,menguras hampir seluruh saldo,0,0
CASH_OUT,CASH_OUT · nominal besar,9,61085,0,0.0,17,2,0,0,0,0,0.74,menguras hampir seluruh saldo,0,0
TRANSFER,PAYMENT · nominal kecil,1,89275,425324,0.21,21,4,0,0,0,0,2.21,menguras hampir seluruh saldo,0,0
CASH_OUT,CASH_OUT · nominal besar,12,93717,9919,9.448,14,3,1,0,0,1,0.93,menguras hampir seluruh saldo,0,0
CASH_OUT,CASH_OUT · nominal besar,9,92333,0,0.0,18,2,0,0,0,0,0.76,menguras hampir seluruh saldo,0,0
CASH_OUT,PAYMENT · nominal kecil,12,1436,1436,1.0,11,4,0,0,0,0,2.03,saldo pengirim tidak konsisten secara logika,0,1
TRANSFER,CASH_OUT · nominal besar,7,852157,0,0.0,10,2,1,0,0,1,1.95,saldo tujuan sangat ekstrem,0,0
CASH_OUT,CASH_OUT · nominal besar,21,274840,125024,2.198,12,3,0,0,0,0,2.01,saldo tujuan sangat ekstrem,0,0
CASH_IN,CASH_IN · nominal sedang,6,286074,2167252,0.132,19,0,1,0,0,1,1.09,saldo tujuan tidak konsisten secara logika,0,0
TRANSFER,CASH_OUT · nominal besar,10,873333,21342,10.0,13,3,1,0,0,1,2.13,menguras hampir seluruh saldo,0,0
CASH_IN,CASH_IN · nominal sedang,1,901624,1953264,0.462,10,0,1,1,0,2,1.88,saldo tujuan tidak konsisten secara logika,1,0
CASH_OUT,PAYMENT · nominal kecil,17,350017,350017,1.0,15,4,0,0,0,0,2.33,saldo pengirim tidak konsisten secara logika,0,1
CASH_IN,CASH_IN · nominal sedang,16,27282,23518816,0.001,18,0,1,1,0,2,1.2,saldo awal pengirim sangat ekstrem,1,0
CASH_OUT,CASH_OUT · nominal besar,8,235091,0,0.0,21,2,0,0,0,0,1.37,menguras hampir seluruh saldo,0,0
CASH_OUT,CASH_OUT · nominal besar,6,341250,0,0.0,21,2,0,0,0,0,1.43,menguras hampir seluruh saldo,0,0
PAYMENT,PAYMENT · nominal kecil,11,1686,0,0.0,13,1,0,0,0,0,1.15,menguras hampir seluruh saldo,0,0
PAYMENT,PAYMENT · nominal kecil,7,840,0,0.0,13,1,0,0,0,0,1.51,menguras hampir seluruh saldo,0,0
TRANSFER,PAYMENT · nominal kecil,17,429257,429257,1.0,0,4,1,0,1,2,4.93,saldo tujuan tidak konsisten secara logika,1,1
CASH_OUT,CASH_OUT · nominal besar,12,156903,109607,1.432,19,3,0,0,0,0,2.16,saldo pengirim tidak konsisten secara logika,0,0
PAYMENT,PAYMENT · nominal kecil,13,21144,208289,0.102,11,4,0,0,0,0,1.24,menguras hampir seluruh saldo,0,0
CASH_OUT,CASH_OUT · nominal besar,28,9468064,9468064,1.0,8,3,1,1,0,2,4.34,nominal transaksi sangat ekstrem,1,1
CASH_OUT,PAYMENT · nominal kecil,18,216001,216001,1.0,6,4,0,0,0,0,3.35,saldo pengirim tidak konsisten secara logika,0,1
PAYMENT,PAYMENT · nominal kecil,13,317,0,0.0,11,1,0,0,0,0,2.2,menguras hampir seluruh saldo,0,0
CASH_OUT,CASH_OUT · nominal besar,12,52436,401,10.0,12,3,1,0,0,1,1.92,menguras hampir seluruh saldo,0,0
CASH_OUT,PAYMENT · nominal kecil,3,106461,106461,1.0,19,4,0,0,0,0,2.6,saldo pengirim tidak konsisten secara logika,0,1
CASH_IN,CASH_IN · nominal sedang,17,119413,13778466,0.009,14,0,1,1,0,2,0.59,saldo awal pengirim sangat ekstrem,1,0
CASH_OUT,PAYMENT · nominal kecil,1,21729,21729,1.0,7,4,1,0,0,1,3.22,saldo pengirim tidak konsisten secara logika,0,1
CASH_IN,CASH_IN · nominal sedang,9,73468,3533255,0.021,16,0,1,0,0,1,0.44,saldo awal pengirim sangat ekstrem,0,0
PAYMENT,PAYMENT · nominal kecil,9,7936,10768,0.737,12,4,0,0,0,0,1.01,menguras hampir seluruh saldo,0,0
CASH_OUT,CASH_OUT · nominal besar,16,255009,0,0.0,19,2,0,0,0,0,0.97,menguras hampir seluruh saldo,0,0
PAYMENT,PAYMENT · nominal kecil,8,4637,0,0.0,20,1,0,0,0,0,1.22,menguras hampir seluruh saldo,0,0
TRANSFER,CASH_IN · nominal sedang,2,5021186,5021186,1.0,7,0,1,1,1,3,4.48,saldo tujuan tidak konsisten secara logika,1,1
TRANSFER,PAYMENT · nominal kecil,9,165925,165925,1.0,20,4,1,0,1,2,3.11,saldo pengirim tidak konsisten secara logika,1,1
TRANSFER,CASH_OUT · nominal besar,17,4410280,0,0.0,17,2,1,1,0,2,2.31,nominal transaksi sangat ekstrem,1,0
CASH_OUT,CASH_OUT · nominal besar,29,490249,6320,10.0,22,3,1,1,0,2,2.29,saldo tujuan sangat ekstrem,1,0
CASH_IN,CASH_IN · nominal sedang,11,55920,32490932,0.002,12,0,1,1,0,2,1.15,saldo awal pengirim sangat ekstrem,1,0
CASH_IN,CASH_IN · nominal sedang,17,39197,22615700,0.002,13,0,1,1,0,2,1.06,saldo awal pengirim sangat ekstrem,1,0
CASH_OUT,CASH_OUT · nominal besar,6,184798,0,0.0,13,2,0,0,0,0,0.68,menguras hampir seluruh saldo,0,0
CASH_OUT,CASH_OUT · nominal besar,6,329823,12107,10.0,19,3,1,0,0,1,1.43,menguras hampir seluruh saldo,0,0
PAYMENT,PAYMENT · nominal kecil,14,10847,0,0.0,11,1,0,0,0,0,1.08,menguras hampir seluruh saldo,0,0
CASH_OUT,CASH_OUT · nominal besar,6,81055,21124,3.837,14,3,1,0,0,1,2.79,saldo tujuan tidak konsisten secara logika,0,0
CASH_OUT,CASH_OUT · nominal besar,25,228674,0,0.0,19,2,0,0,0,0,0.95,menguras hampir seluruh saldo,0,0
TRANSFER,CASH_IN · nominal sedang,26,2341474,2341474,1.0,19,0,1,1,1,3,3.91,saldo tujuan tidak konsisten secara logika,1,1
CASH_IN,CASH_IN · nominal sedang,7,48640,5949074,0.008,11,0,1,0,0,1,1.17,saldo awal pengirim sangat ekstrem,0,0
TRANSFER,CASH_OUT · nominal besar,21,2827957,11026,10.0,15,3,1,1,0,2,2.23,nominal transaksi sangat ekstrem,1,0
PAYMENT,PAYMENT · nominal kecil,10,12595,9940,1.267,20,1,0,0,0,0,1.92,saldo pengirim tidak konsisten secara logika,0,0
TRANSFER,PAYMENT · nominal kecil,17,245971,245971,1.0,3,4,1,0,1,2,4.25,saldo tujuan tidak konsisten secara logika,1,1
CASH_OUT,CASH_OUT · nominal besar,6,268465,31332,8.568,11,3,0,0,0,0,1.2,menguras hampir seluruh saldo,0,0
CASH_OUT,CASH_OUT · nominal besar,26,150065,170,10.0,17,3,1,0,0,1,1.51,menguras hampir seluruh saldo,0,0
TRANSFER,CASH_OUT · nominal besar,16,265606,0,0.0,20,2,0,0,0,0,1.58,menguras hampir seluruh saldo,0,0
CASH_IN,CASH_IN · nominal sedang,12,310986,12139423,0.026,17,0,1,1,0,2,0.96,saldo awal pengirim sangat ekstrem,1,0
CASH_OUT,PAYMENT · nominal kecil,31,537540,537540,1.0,16,4,1,0,0,1,2.71,nominal transaksi sangat ekstrem,0,1
PAYMENT,PAYMENT · nominal kecil,6,32240,0,0.0,14,1,0,0,0,0,0.94,menguras hampir seluruh saldo,0,0
CASH_OUT,CASH_OUT · nominal besar,6,60452,29118,2.076,20,3,1,1,0,2,2.37,saldo tujuan sangat ekstrem,1,0
TRANSFER,PAYMENT · nominal kecil,19,4716,4716,1.0,5,4,1,0,1,2,3.21,saldo pengirim tidak konsisten secara logika,1,1
CASH_IN,CASH_IN · nominal sedang,1,307444,10705608,0.029,20,0,1,1,0,2,1.35,saldo awal pengirim sangat ekstrem,1,0
CASH_IN,CASH_OUT · nominal besar,17,59900,0,0.0,18,2,1,0,0,1,2.58,menguras hampir seluruh saldo,0,0
CASH_OUT,CASH_OUT · nominal besar,1,174561,30171,5.786,9,3,1,1,0,2,3.18,saldo tujuan tidak konsisten secara logika,1,0
TRANSFER,CASH_IN · nominal sedang,26,1054244,1054244,1.0,1,0,1,0,1,2,4.91,saldo tujuan tidak konsisten secara logika,1,1
CASH_OUT,PAYMENT · nominal kecil,12,278620,278620,1.0,5,4,0,0,0,0,3.67,saldo pengirim tidak konsisten secara logika,0,1
CASH_OUT,CASH_OUT · nominal besar,22,45815,0,0.0,10,2,0,0,0,0,1.46,menguras hampir seluruh saldo,0,0
CASH_IN,CASH_IN · nominal sedang,17,102387,15964313,0.006,14,0,1,1,0,2,0.64,saldo awal pengirim sangat ekstrem,1,0
PAYMENT,PAYMENT · nominal kecil,13,415,35493,0.012,17,4,0,0,0,0,1.83,menguras hampir seluruh saldo,0,0
CASH_IN,CASH_IN · nominal sedang,2,19610,9643340,0.002,12,0,1,1,0,2,1.37,saldo awal pengirim sangat ekstrem,1,0
CASH_IN,CASH_IN · nominal sedang,17,386128,9548185,0.04,14,0,1,1,0,2,0.96,saldo awal pengirim sangat ekstrem,1,0
DEBIT,PAYMENT · nominal kecil,1,4322,9465,0.457,18,4,1,0,1,2,2.94,menguras hampir seluruh saldo,1,0
CASH_IN,CASH_IN · nominal sedang,10,39689,9869668,0.004,22,0,1,1,0,2,1.72,saldo awal pengirim sangat ekstrem,1,0
PAYMENT,PAYMENT · nominal kecil,16,10602,13392,0.792,20,4,0,0,0,0,1.18,menguras hampir seluruh saldo,0,0
TRANSFER,CASH_OUT · nominal besar,16,706227,35863,10.0,18,3,1,0,0,1,1.7,menguras hampir seluruh saldo,0,0
CASH_OUT,CASH_OUT · nominal besar,8,242699,0,0.0,14,2,0,0,0,0,0.52,menguras hampir seluruh saldo,0,0
PAYMENT,PAYMENT · nominal kecil,12,1020,0,0.0,20,1,0,0,0,0,1.7,menguras hampir seluruh saldo,0,0
CASH_OUT,CASH_OUT · nominal besar,16,163326,29864,5.469,17,3,0,0,0,0,1.07,menguras hampir seluruh saldo,0,0
CASH_OUT,CASH_OUT · nominal besar,7,195954,0,0.0,20,2,0,0,0,0,1.15,menguras hampir seluruh saldo,0,0
CASH_OUT,PAYMENT · nominal kecil,25,181544,181544,1.0,6,4,0,0,0,0,2.99,saldo pengirim tidak konsisten secara logika,0,1
TRANSFER,CASH_IN · nominal sedang,31,4009058,4009058,1.0,22,0,1,1,1,3,4.26,saldo tujuan tidak konsisten secara logika,1,1
CASH_IN,CASH_IN · nominal sedang,14,98877,9594646,0.01,18,0,1,1,0,2,0.93,saldo awal pengirim sangat ekstrem,1,0
TRANSFER,PAYMENT · nominal kecil,14,135845,135845,1.0,10,4,1,0,1,2,3.13,saldo pengirim tidak konsisten secara logika,1,1
CASH_OUT,CASH_OUT · nominal besar,18,376104,0,0.0,12,2,1,1,0,2,1.05,saldo tujuan sangat ekstrem,1,0
CASH_IN,CASH_IN · nominal sedang,15,84493,18630894,0.005,10,0,1,1,0,2,1.36,saldo awal pengirim sangat ekstrem,1,0
PAYMENT,PAYMENT · nominal kecil,2,1336,22201,0.06,9,4,0,0,0,0,1.93,menguras hampir seluruh saldo,0,0
CASH_IN,CASH_IN · nominal sedang,1,160146,21872614,0.007,20,0,1,1,0,2,1.32,saldo awal pengirim sangat ekstrem,1,0
CASH_OUT,CASH_OUT · nominal besar,6,281264,61047,4.607,18,3,1,1,0,2,3.03,saldo tujuan tidak konsisten secara logika,1,0
CASH_OUT,PAYMENT · nominal kecil,9,22714,52088,0.436,20,4,0,0,0,0,2.26,menguras hampir seluruh saldo,0,0
CASH_IN,CASH_IN · nominal sedang,15,50008,1211894,0.041,20,0,1,0,0,1,1.21,menguras hampir seluruh saldo,0,0
CASH_IN,CASH_IN · nominal sedang,11,144412,9599236,0.015,11,0,1,1,0,2,1.23,saldo awal pengirim sangat ekstrem,1,0
CASH_IN,CASH_IN · nominal sedang,22,29847,18681706,0.002,18,0,1,1,0,2,1.17,saldo awal pengirim sangat ekstrem,1,0
CASH_OUT,PAYMENT · nominal kecil,10,48157,48157,1.0,17,4,0,0,0,0,2.04,saldo pengirim tidak konsisten secara logika,0,1
TRANSFER,CASH_IN · nominal sedang,1,123195,79466,1.55,13,0,1,0,0,1,1.62,saldo tujuan tidak konsisten secara logika,0,1
CASH_OUT,PAYMENT · nominal kecil,17,9110884,9110884,1.0,3,4,1,1,1,3,4.98,nominal transaksi sangat ekstrem,1,1
CASH_IN,CASH_IN · nominal sedang,11,60869,11090220,0.005,9,0,1,1,0,2,1.62,saldo awal pengirim sangat ekstrem,1,0
PAYMENT,PAYMENT · nominal kecil,16,8564,0,0.0,19,1,0,0,0,0,0.96,menguras hampir seluruh saldo,0,0
TRANSFER,CASH_OUT · nominal besar,12,37151108,0,0.0,16,2,1,1,0,2,3.46,nominal transaksi sangat ekstrem,1,0
CASH_OUT,CASH_OUT · nominal besar,2,203233,8386,10.0,18,3,1,0,0,1,1.69,menguras hampir seluruh saldo,0,0
TRANSFER,CASH_OUT · nominal besar,12,17068122,0,0.0,20,2,1,1,1,3,3.2,nominal transaksi sangat ekstrem,1,0
CASH_IN,CASH_IN · nominal sedang,9,390026,1641494,0.238,18,0,1,1,0,2,1.21,saldo tujuan sangat ekstrem,1,0
TRANSFER,CASH_OUT · nominal besar,14,7143914,0,0.0,14,2,1,1,0,2,2.55,nominal transaksi sangat ekstrem,1,0
TRANSFER,CASH_IN · nominal sedang,9,553399,553399,1.0,4,0,1,0,1,2,4.38,saldo tujuan tidak konsisten secara logika,1,1
CASH_IN,CASH_IN · nominal sedang,16,338576,12463406,0.027,12,0,1,1,0,2,1.17,saldo awal pengirim sangat ekstrem,1,0
CASH_OUT,CASH_OUT · nominal besar,6,978895,0,0.0,21,2,1,0,0,1,1.74,nominal transaksi sangat ekstrem,0,0
CASH_OUT,CASH_OUT · nominal besar,6,58151,0,0.0,19,2,0,0,0,0,1.11,menguras hampir seluruh saldo,0,0
CASH_OUT,CASH_OUT · nominal besar,17,67696,0,0.0,19,2,0,0,0,0,1.03,menguras hampir seluruh saldo,0,0
PAYMENT,PAYMENT · nominal kecil,14,6373,87141,0.073,20,4,0,0,0,0,1.15,menguras hampir seluruh saldo,0,0
CASH_IN,CASH_IN · nominal sedang,13,68644,391638,0.175,13,0,1,0,0,1,0.73,menguras hampir seluruh saldo,0,0
CASH_OUT,PAYMENT · nominal kecil,16,692895,692895,1.0,3,4,1,0,0,1,4.26,nominal transaksi sangat ekstrem,0,1
PAYMENT,PAYMENT · nominal kecil,10,51756,0,0.0,10,1,0,0,0,0,1.68,menguras hampir seluruh saldo,0,0
CASH_OUT,PAYMENT · nominal kecil,20,71511,71511,1.0,19,4,0,0,0,0,1.81,saldo pengirim tidak konsisten secara logika,0,1
CASH_OUT,CASH_OUT · nominal besar,7,156073,6162,10.0,20,3,1,0,0,1,1.92,menguras hampir seluruh saldo,0,0
CASH_OUT,PAYMENT · nominal kecil,4,113310,113310,1.0,18,4,0,0,0,0,1.89,saldo pengirim tidak konsisten secara logika,0,1
CASH_IN,CASH_IN · nominal sedang,14,130232,1553395,0.084,18,0,1,0,0,1,0.69,menguras hampir seluruh saldo,0,0
CASH_IN,CASH_OUT · nominal besar,17,205639,20991,9.797,12,3,1,1,0,2,2.74,saldo tujuan sangat ekstrem,1,0
CASH_OUT,CASH_OUT · nominal besar,6,114122,0,0.0,19,2,0,0,0,0,0.93,menguras hampir seluruh saldo,0,0
CASH_OUT,CASH_OUT · nominal besar,9,69840,0,0.0,19,2,1,0,0,1,2.05,saldo tujuan sangat ekstrem,0,0
DEBIT,PAYMENT · nominal kecil,1,3059,18138,0.169,1,4,1,0,1,2,4.09,menguras hampir seluruh saldo,1,0
CASH_OUT,PAYMENT · nominal kecil,21,67692,67692,1.0,4,4,0,0,0,0,3.31,saldo pengirim tidak konsisten secara logika,0,1
CASH_OUT,PAYMENT · nominal kecil,16,310726,310726,1.0,10,4,0,0,0,0,3.12,saldo pengirim tidak konsisten secara logika,0,1
TRANSFER,CASH_OUT · nominal besar,2,1101522,250282,4.401,19,3,1,0,1,2,3.17,nominal transaksi sangat ekstrem,1,0
TRANSFER,CASH_OUT · nominal besar,7,2023903,0,0.0,18,2,1,1,0,2,1.98,nominal transaksi sangat ekstrem,1,0
CASH_OUT,CASH_OUT · nominal besar,15,47288,22,10.0,13,3,1,0,0,1,2.08,menguras hampir seluruh saldo,0,0
CASH_OUT,CASH_OUT · nominal besar,16,73054,20159,3.624,16,3,0,0,0,0,1.34,menguras hampir seluruh saldo,0,0
CASH_IN,CASH_IN · nominal sedang,13,100366,10545506,0.01,13,0,1,1,0,2,0.71,saldo awal pengirim sangat ekstrem,1,0
TRANSFER,CASH_IN · nominal sedang,11,793887,793887,1.0,3,0,1,0,1,2,4.57,saldo tujuan tidak konsisten secara logika,1,1
CASH_IN,CASH_IN · nominal sedang,11,174653,15752232,0.011,19,0,1,1,0,2,1.04,saldo awal pengirim sangat ekstrem,1,0
CASH_IN,CASH_IN · nominal sedang,16,176095,10281669,0.017,22,0,1,1,0,2,1.65,saldo awal pengirim sangat ekstrem,1,0
TRANSFER,PAYMENT · nominal kecil,19,219178,219178,1.0,15,4,1,0,1,2,3.06,saldo tujuan tidak konsisten secara logika,1,1
CASH_OUT,PAYMENT · nominal kecil,10,52407,144367,0.363,19,4,0,0,0,0,2.24,menguras hampir seluruh saldo,0,0
CASH_OUT,CASH_OUT · nominal besar,6,489695,0,0.0,11,2,0,0,0,0,1.25,menguras hampir seluruh saldo,0,0
CASH_OUT,CASH_OUT · nominal besar,8,207913,41565,5.002,12,3,0,0,0,0,1.36,menguras hampir seluruh saldo,0,0
CASH_IN,CASH_OUT · nominal besar,1,33088,15132799,0.002,19,3,1,1,0,2,3.86,saldo awal pengirim sangat ekstrem,1,0
CASH_OUT,PAYMENT · nominal kecil,1,161939,161939,1.0,19,4,1,0,0,1,3.26,saldo pengirim tidak konsisten secara logika,0,1
PAYMENT,PAYMENT · nominal kecil,9,549,10743,0.051,10,4,0,0,0,0,2.11,menguras hampir seluruh saldo,0,0
TRANSFER,PAYMENT · nominal kecil,27,43997,43997,1.0,14,4,1,0,0,1,2.46,saldo pengirim tidak konsisten secara logika,0,1
CASH_OUT,PAYMENT · nominal kecil,21,705648,705648,1.0,21,4,1,0,0,1,2.96,nominal transaksi sangat ekstrem,0,1
CASH_OUT,CASH_OUT · nominal besar,17,6063657,6063657,1.0,2,3,1,1,0,2,4.95,nominal transaksi sangat ekstrem,1,1
CASH_OUT,CASH_OUT · nominal besar,14,269037,30029,8.959,20,3,1,0,0,1,1.66,menguras hampir seluruh saldo,0,0
PAYMENT,PAYMENT · nominal kecil,29,1719,30714,0.056,18,4,0,0,0,0,1.21,menguras hampir seluruh saldo,0,0
TRANSFER,CASH_OUT · nominal besar,6,484284,0,0.0,18,2,1,1,0,2,1.48,saldo tujuan sangat ekstrem,1,0
TRANSFER,CASH_IN · nominal sedang,22,1644254,1644254,1.0,15,0,1,1,1,3,3.73,saldo tujuan tidak konsisten secara logika,1,1
CASH_IN,CASH_IN · nominal sedang,7,27212,19998,1.361,10,0,1,0,0,1,1.7,saldo tujuan sangat ekstrem,0,0
CASH_OUT,CASH_OUT · nominal besar,28,174679,7395,10.0,11,3,1,0,0,1,1.57,menguras hampir seluruh saldo,0,0
TRANSFER,CASH_IN · nominal sedang,21,930970,930970,1.0,20,0,1,0,1,2,3.76,saldo tujuan tidak konsisten secara logika,1,1
TRANSFER,CASH_IN · nominal sedang,28,963967,963967,1.0,1,0,1,0,1,2,4.9,saldo tujuan tidak konsisten secara logika,1,1
PAYMENT,PAYMENT · nominal kecil,15,20289,0,0.0,16,1,0,0,0,0,0.69,menguras hampir seluruh saldo,0,0
CASH_IN,CASH_IN · nominal sedang,8,83741,27374236,0.003,19,0,1,1,0,2,1.13,saldo awal pengirim sangat ekstrem,1,0
CASH_IN,CASH_IN · nominal sedang,6,114464,9966032,0.011,12,0,1,1,0,2,0.89,saldo awal pengirim sangat ekstrem,1,0
TRANSFER,PAYMENT · nominal kecil,25,155003,155003,1.0,5,4,1,0,1,2,3.79,saldo pengirim tidak konsisten secara logika,1,1
CASH_OUT,PAYMENT · nominal kecil,8,1123,56597,0.02,19,4,0,0,0,0,2.52,menguras hampir seluruh saldo,0,0
CASH_OUT,CASH_OUT · nominal besar,21,178671,0,0.0,10,2,0,0,0,0,1.28,menguras hampir seluruh saldo,0,0
CASH_IN,CASH_OUT · nominal besar,7,152220,17343772,0.009,20,3,1,1,0,2,3.22,saldo awal pengirim sangat ekstrem,1,0
PAYMENT,PAYMENT · nominal kecil,2,3293,0,0.0,14,1,0,0,0,0,0.75,menguras hampir seluruh saldo,0,0
DEBIT,PAYMENT · nominal kecil,2,440,55072,0.008,15,4,1,0,1,2,3.46,saldo tujuan tidak konsisten secara logika,1,0
CASH_OUT,CASH_OUT · nominal besar,12,182546,52059,3.507,10,3,0,0,0,0,1.85,menguras hampir seluruh saldo,0,0
PAYMENT,PAYMENT · nominal kecil,14,7652,2011,3.805,18,1,0,0,0,0,1.69,menguras hampir seluruh saldo,0,0
CASH_OUT,PAYMENT · nominal kecil,31,9065,9065,1.0,6,4,0,0,0,0,3.01,saldo pengirim tidak konsisten secara logika,0,1
CASH_OUT,CASH_OUT · nominal besar,11,315349,29764,10.0,9,3,1,1,0,2,2.07,saldo tujuan sangat ekstrem,1,0
CASH_IN,CASH_IN · nominal sedang,11,233970,7223999,0.032,16,0,1,1,0,2,0.86,saldo tujuan sangat ekstrem,1,0
CASH_IN,CASH_OUT · nominal besar,1,71528,19617778,0.004,15,3,1,1,0,2,3.82,saldo awal pengirim sangat ekstrem,1,0
PAYMENT,PAYMENT · nominal kecil,13,2108,0,0.0,16,1,0,0,0,0,0.92,menguras hampir seluruh saldo,0,0
CASH_IN,CASH_IN · nominal sedang,14,163648,17617468,0.009,11,0,1,1,0,2,1.27,saldo awal pengirim sangat ekstrem,1,0
CASH_OUT,PAYMENT · nominal kecil,6,90489,474946,0.191,15,4,1,0,0,1,2.5,menguras hampir seluruh saldo,0,0
CASH_OUT,CASH_OUT · nominal besar,12,45127,23385,1.93,15,3,0,0,0,0,2.26,saldo tujuan sangat ekstrem,0,0
CASH_OUT,PAYMENT · nominal kecil,29,749317,749317,1.0,6,4,1,0,0,1,3.75,nominal transaksi sangat ekstrem,0,1
CASH_OUT,PAYMENT · nominal kecil,7,147171,147171,1.0,6,4,0,0,0,0,3.39,saldo pengirim tidak konsisten secara logika,0,1
CASH_OUT,PAYMENT · nominal kecil,21,58738,58738,1.0,15,4,0,0,0,0,2.27,saldo pengirim tidak konsisten secara logika,0,1
CASH_OUT,PAYMENT · nominal kecil,22,1298,15815,0.082,10,4,0,0,0,0,2.08,menguras hampir seluruh saldo,0,0
TRANSFER,CASH_IN · nominal sedang,6,1589615,1589615,1.0,21,0,1,1,1,3,3.94,saldo tujuan tidak konsisten secara logika,1,1
CASH_IN,CASH_IN · nominal sedang,16,271439,11596605,0.023,19,0,1,1,0,2,1.13,saldo awal pengirim sangat ekstrem,1,0
CASH_OUT,CASH_OUT · nominal besar,1,18883,10113,1.867,21,2,1,0,0,1,3.45,saldo tujuan tidak konsisten secara logika,0,0
CASH_OUT,CASH_OUT · nominal besar,6,190123,0,0.0,11,2,0,0,0,0,1.08,menguras hampir seluruh saldo,0,0
CASH_IN,CASH_IN · nominal sedang,13,229084,18174054,0.013,16,0,1,1,0,2,0.76,saldo awal pengirim sangat ekstrem,1,0
CASH_OUT,PAYMENT · nominal kecil,28,740125,740125,1.0,4,4,1,0,0,1,4.17,nominal transaksi sangat ekstrem,0,1
TRANSFER,PAYMENT · nominal kecil,12,1418,0,0.0,17,1,0,0,1,1,2.35,menguras hampir seluruh saldo,0,0
CASH_OUT,PAYMENT · nominal kecil,2,44861,256010,0.175,19,4,0,0,0,0,2.29,menguras hampir seluruh saldo,0,0
CASH_IN,CASH_IN · nominal sedang,7,271703,12345926,0.022,10,0,1,1,0,2,1.45,saldo awal pengirim sangat ekstrem,1,0
CASH_OUT,PAYMENT · nominal kecil,22,95105,95105,1.0,14,4,0,0,0,0,2.5,saldo pengirim tidak konsisten secara logika,0,1
CASH_OUT,CASH_OUT · nominal besar,9,116044,0,0.0,20,2,1,1,0,2,1.21,saldo tujuan sangat ekstrem,1,0
TRANSFER,PAYMENT · nominal kecil,16,530355,530355,1.0,13,4,1,0,1,2,3.51,saldo tujuan tidak konsisten secara logika,1,1
CASH_OUT,PAYMENT · nominal kecil,22,781183,781183,1.0,3,4,1,0,0,1,4.24,nominal transaksi sangat ekstrem,0,1
PAYMENT,PAYMENT · nominal kecil,15,2809,411770,0.007,17,4,0,0,0,0,0.94,menguras hampir seluruh saldo,0,0
PAYMENT,PAYMENT · nominal kecil,6,20687,205626,0.101,17,4,0,0,0,0,0.73,menguras hampir seluruh saldo,0,0
CASH_IN,CASH_IN · nominal sedang,10,64697,20638668,0.003,11,0,1,1,0,2,1.24,saldo awal pengirim sangat ekstrem,1,0
CASH_OUT,CASH_OUT · nominal besar,15,140105,0,0.0,14,2,1,1,0,2,0.59,saldo tujuan sangat ekstrem,1,0
CASH_OUT,CASH_OUT · nominal besar,16,34439,0,0.0,13,2,1,1,0,2,1.15,saldo tujuan sangat ekstrem,1,0
CASH_OUT,CASH_OUT · nominal besar,25,119910,49946,2.401,13,3,0,0,0,0,1.69,saldo tujuan sangat ekstrem,0,0
CASH_IN,CASH_IN · nominal sedang,15,179442,15666023,0.011,10,0,1,1,0,2,1.38,saldo awal pengirim sangat ekstrem,1,0
CASH_OUT,PAYMENT · nominal kecil,28,161537,161537,1.0,19,4,0,0,0,0,2.29,saldo pengirim tidak konsisten secara logika,0,1
TRANSFER,PAYMENT · nominal kecil,6,325732,325732,1.0,0,4,1,0,1,2,4.84,saldo tujuan tidak konsisten secara logika,1,1
TRANSFER,CASH_OUT · nominal besar,13,462254,59358,7.788,15,3,0,0,0,0,1.83,menguras hampir seluruh saldo,0,0
CASH_OUT,PAYMENT · nominal kecil,12,1070858,1070858,1.0,4,4,1,0,0,1,3.94,nominal transaksi sangat ekstrem,0,1
TRANSFER,CASH_IN · nominal sedang,15,8994287,8994287,1.0,9,0,1,1,1,3,4.49,saldo tujuan tidak konsisten secara logika,1,1
CASH_IN,CASH_IN · nominal sedang,8,185367,23705782,0.008,20,0,1,1,0,2,1.33,saldo awal pengirim sangat ekstrem,1,0
CASH_OUT,PAYMENT · nominal kecil,7,8343,10773,0.774,18,4,0,0,0,0,2.3,saldo tujuan sangat ekstrem,0,0
CASH_OUT,CASH_OUT · nominal besar,1,87662,28303,3.097,18,3,1,1,0,2,3.01,saldo tujuan sangat ekstrem,1,0
CASH_IN,CASH_IN · nominal sedang,2,90633,8066088,0.011,20,0,1,0,0,1,1.23,saldo awal pengirim sangat ekstrem,0,0
DEBIT,CASH_OUT · nominal besar,15,1365,119,10.0,17,3,1,0,1,2,3.42,menguras hampir seluruh saldo,1,0
TRANSFER,CASH_OUT · nominal besar,16,6679942,0,0.0,14,2,1,1,0,2,2.54,nominal transaksi sangat ekstrem,1,0
CASH_OUT,CASH_OUT · nominal besar,6,73670,0,0.0,20,2,0,0,0,0,1.21,menguras hampir seluruh saldo,0,0
CASH_OUT,PAYMENT · nominal kecil,23,483713,483713,1.0,23,4,1,0,0,1,3.64,saldo tujuan sangat ekstrem,0,1
CASH_OUT,CASH_OUT · nominal besar,16,289490,708,10.0,17,3,1,0,0,1,1.18,menguras hampir seluruh saldo,0,0
TRANSFER,PAYMENT · nominal kecil,15,76777,199931,0.384,14,4,0,0,0,0,2.21,menguras hampir seluruh saldo,0,0
CASH_IN,CASH_IN · nominal sedang,9,170830,50328,3.394,13,0,1,0,0,1,1.09,saldo tujuan tidak konsisten secara logika,0,0
CASH_OUT,CASH_OUT · nominal besar,15,161860,4196,10.0,18,3,1,0,0,1,1.19,menguras hampir seluruh saldo,0,0
TRANSFER,CASH_OUT · nominal besar,7,311272,0,0.0,9,2,0,0,0,0,1.88,menguras hampir seluruh saldo,0,0
CASH_IN,CASH_OUT · nominal besar,7,308531,4279972,0.072,17,3,1,1,0,2,3.91,saldo tujuan tidak konsisten secara logika,1,0
CASH_IN,CASH_IN · nominal sedang,17,83200,21155,3.933,17,0,1,0,0,1,1.21,menguras hampir seluruh saldo,0,0
PAYMENT,PAYMENT · nominal kecil,22,1384,207972,0.007,21,4,0,0,0,0,1.73,menguras hampir seluruh saldo,0,0
CASH_IN,CASH_IN · nominal sedang,1,56341,29336574,0.002,11,0,1,1,0,2,1.34,saldo awal pengirim sangat ekstrem,1,0
CASH_IN,CASH_IN · nominal sedang,8,249881,11453561,0.022,14,0,1,1,0,2,0.76,saldo awal pengirim sangat ekstrem,1,0
CASH_OUT,CASH_OUT · nominal besar,11,63356,0,0.0,10,2,1,1,0,2,1.42,saldo tujuan sangat ekstrem,1,0
CASH_IN,CASH_IN · nominal sedang,6,140464,11155431,0.013,13,0,1,1,0,2,0.77,saldo awal pengirim sangat ekstrem,1,0
PAYMENT,PAYMENT · nominal kecil,22,25024,0,0.0,18,1,0,0,0,0,0.99,menguras hampir seluruh saldo,0,0
PAYMENT,CASH_OUT · nominal besar,10,5928,539,10.0,0,3,1,0,1,2,4.46,menguras hampir seluruh saldo,1,0
PAYMENT,PAYMENT · nominal kecil,12,1482,0,0.0,14,1,0,0,0,0,1.14,menguras hampir seluruh saldo,0,0
TRANSFER,CASH_OUT · nominal besar,29,31958,19184,1.666,23,3,0,0,0,0,2.94,saldo pengirim tidak konsisten secara logika,0,0
CASH_OUT,PAYMENT · nominal kecil,17,536434,536434,1.0,20,4,1,0,0,1,3.31,saldo tujuan sangat ekstrem,0,1
PAYMENT,CASH_OUT · nominal besar,17,39812,3419,10.0,13,3,1,0,0,1,2.12,menguras hampir seluruh saldo,0,0
PAYMENT,PAYMENT · nominal kecil,5,9523,5513,1.727,23,1,0,0,0,0,2.33,saldo pengirim tidak konsisten secara logika,0,0
PAYMENT,PAYMENT · nominal kecil,14,14048,30696,0.458,23,4,0,0,0,0,1.8,menguras hampir seluruh saldo,0,0
TRANSFER,CASH_IN · nominal sedang,22,921894,921894,1.0,19,0,1,0,1,2,3.7,saldo tujuan tidak konsisten secara logika,1,1
CASH_OUT,CASH_OUT · nominal besar,1,281823,0,0.0,20,2,1,1,0,2,1.23,saldo tujuan sangat ekstrem,1,0
CASH_IN,CASH_IN · nominal sedang,7,337529,10107105,0.033,16,0,1,1,0,2,0.91,saldo awal pengirim sangat ekstrem,1,0
CASH_OUT,CASH_OUT · nominal besar,2,238185,0,0.0,19,2,1,1,0,2,1.01,saldo tujuan sangat ekstrem,1,0
PAYMENT,PAYMENT · nominal kecil,14,2809,0,0.0,10,1,0,0,0,0,1.44,menguras hampir seluruh saldo,0,0
PAYMENT,PAYMENT · nominal kecil,6,1501,35571,0.042,16,4,0,0,0,0,1.14,menguras hampir seluruh saldo,0,0
CASH_IN,CASH_IN · nominal sedang,14,227576,5734567,0.04,12,0,1,0,0,1,1.06,saldo awal pengirim sangat ekstrem,0,0
TRANSFER,PAYMENT · nominal kecil,12,89303,89303,1.0,14,4,1,0,1,2,2.71,saldo pengirim tidak konsisten secara logika,1,1
CASH_IN,CASH_IN · nominal sedang,17,119380,2009720,0.059,22,0,1,1,0,2,1.68,saldo tujuan sangat ekstrem,1,0
TRANSFER,CASH_IN · nominal sedang,30,986624,986624,1.0,15,0,1,0,1,2,3.62,saldo tujuan tidak konsisten secara logika,1,1
CASH_IN,CASH_IN · nominal sedang,11,62935,18131390,0.003,11,0,1,1,0,2,1.2,saldo awal pengirim sangat ekstrem,1,0
CASH_OUT,PAYMENT · nominal kecil,27,46974,46974,1.0,16,4,0,0,0,0,1.48,saldo pengirim tidak konsisten secara logika,0,1
CASH_OUT,PAYMENT · nominal kecil,12,50689,80616,0.629,21,4,0,0,0,0,2.66,menguras hampir seluruh saldo,0,0
CASH_OUT,PAYMENT · nominal kecil,26,170487,170487,1.0,13,4,0,0,0,0,2.56,saldo pengirim tidak konsisten secara logika,0,1
CASH_IN,CASH_IN · nominal sedang,7,150749,23044446,0.007,18,0,1,1,0,2,0.93,saldo awal pengirim sangat ekstrem,1,0
TRANSFER,CASH_OUT · nominal besar,1,264934,5650,10.0,19,3,1,0,0,1,1.88,menguras hampir seluruh saldo,0,0
TRANSFER,CASH_OUT · nominal besar,16,4590778,0,0.0,9,2,1,1,0,2,2.72,nominal transaksi sangat ekstrem,1,0
CASH_OUT,PAYMENT · nominal kecil,31,10000000,10000000,1.0,10,4,1,1,0,2,4.3,nominal transaksi sangat ekstrem,1,1
PAYMENT,PAYMENT · nominal kecil,10,7517,20113,0.374,20,4,0,0,0,0,1.16,menguras hampir seluruh saldo,0,0
CASH_IN,CASH_IN · nominal sedang,1,301103,14758699,0.02,8,0,1,1,0,2,1.89,saldo awal pengirim sangat ekstrem,1,0
CASH_IN,CASH_IN · nominal sedang,13,211146,13463580,0.016,17,0,1,1,0,2,0.79,saldo awal pengirim sangat ekstrem,1,0
TRANSFER,PAYMENT · nominal kecil,26,69913,69913,1.0,0,4,1,0,1,2,4.43,saldo pengirim tidak konsisten secara logika,1,1
CASH_OUT,PAYMENT · nominal kecil,26,1013209,1013209,1.0,17,4,1,0,0,1,2.88,nominal transaksi sangat ekstrem,0,1
CASH_IN,CASH_IN · nominal sedang,13,43039,11706,3.677,0,0,1,0,1,2,4.2,menguras hampir seluruh saldo,1,0
CASH_IN,CASH_IN · nominal sedang,10,86317,11209279,0.008,11,0,1,1,0,2,1.13,saldo awal pengirim sangat ekstrem,1,0
CASH_OUT,PAYMENT · nominal kecil,9,96640,96640,1.0,13,4,0,0,0,0,2.53,saldo pengirim tidak konsisten secara logika,0,1
CASH_IN,CASH_IN · nominal sedang,29,2225,2907005,0.001,12,0,1,0,0,1,2.51,saldo awal pengirim sangat ekstrem,0,0
TRANSFER,CASH_OUT · nominal besar,1,236426,0,0.0,17,2,0,0,0,0,1.2,menguras hampir seluruh saldo,0,0
CASH_OUT,CASH_OUT · nominal besar,1,131482,0,0.0,16,2,1,1,0,2,0.53,saldo tujuan sangat ekstrem,1,0
PAYMENT,PAYMENT · nominal kecil,11,15743,49165,0.32,18,4,0,0,0,0,0.78,menguras hampir seluruh saldo,0,0
CASH_OUT,PAYMENT · nominal kecil,25,7363709,7363709,1.0,0,4,1,1,1,3,5.33,nominal transaksi sangat ekstrem,1,1
CASH_OUT,PAYMENT · nominal kecil,19,13915,13915,1.0,0,4,0,0,0,0,4.18,saldo pengirim tidak konsisten secara logika,0,1
TRANSFER,PAYMENT · nominal kecil,13,272187,272187,1.0,19,4,1,0,1,2,3.25,saldo tujuan tidak konsisten secara logika,1,1
CASH_IN,CASH_IN · nominal sedang,6,157057,12801485,0.012,13,0,1,1,0,2,0.81,saldo awal pengirim sangat ekstrem,1,0
CASH_IN,CASH_IN · nominal sedang,2,61062,10230782,0.006,19,0,1,1,0,2,1.04,saldo awal pengirim sangat ekstrem,1,0
CASH_IN,CASH_IN · nominal sedang,12,343738,13341193,0.026,16,0,1,1,0,2,0.93,saldo awal pengirim sangat ekstrem,1,0
CASH_IN,CASH_IN · nominal sedang,1,69274,29125,2.378,22,0,1,1,0,2,1.84,saldo tujuan sangat ekstrem,1,0
TRANSFER,CASH_OUT · nominal besar,17,3848970,10282,10.0,10,3,1,1,0,2,2.63,nominal transaksi sangat ekstrem,1,0
TRANSFER,PAYMENT · nominal kecil,15,69878,69878,1.0,18,4,1,0,0,1,2.65,saldo pengirim tidak konsisten secara logika,0,1
TRANSFER,CASH_OUT · nominal besar,14,3691465,81194,10.0,15,3,1,1,0,2,2.61,nominal transaksi sangat ekstrem,1,0
CASH_IN,CASH_IN · nominal sedang,11,263098,7744780,0.034,19,0,1,0,0,1,1.11,saldo awal pengirim sangat ekstrem,0,0
PAYMENT,PAYMENT · nominal kecil,12,7310,50236,0.146,14,4,0,0,0,0,0.61,menguras hampir seluruh saldo,0,0
TRANSFER,PAYMENT · nominal kecil,19,63263,63263,1.0,20,4,1,0,0,1,2.76,saldo pengirim tidak konsisten secara logika,0,1
CASH_OUT,PAYMENT · nominal kecil,4,1321091,1321091,1.0,6,4,1,0,0,1,3.73,nominal transaksi sangat ekstrem,0,1
CASH_IN,CASH_IN · nominal sedang,29,174589,10378258,0.017,20,0,1,1,0,2,1.23,saldo awal pengirim sangat ekstrem,1,0
CASH_OUT,CASH_OUT · nominal besar,17,133885,0,0.0,16,2,0,0,0,0,0.37,menguras hampir seluruh saldo,0,0
PAYMENT,PAYMENT · nominal kecil,8,4225,21180,0.199,19,4,0,0,0,0,1.05,menguras hampir seluruh saldo,0,0
CASH_OUT,PAYMENT · nominal kecil,14,450459,450459,1.0,12,4,1,0,0,1,2.81,nominal transaksi sangat ekstrem,0,1
CASH_OUT,CASH_OUT · nominal besar,10,159441,0,0.0,18,2,0,0,0,0,0.73,menguras hampir seluruh saldo,0,0
CASH_IN,CASH_IN · nominal sedang,12,72591,11386514,0.006,13,0,1,1,0,2,0.76,saldo awal pengirim sangat ekstrem,1,0
PAYMENT,PAYMENT · nominal kecil,13,13270,248436,0.053,15,4,0,0,0,0,0.55,menguras hampir seluruh saldo,0,0
PAYMENT,PAYMENT · nominal kecil,20,14131,60046,0.235,13,4,0,0,0,0,0.78,menguras hampir seluruh saldo,0,0
TRANSFER,PAYMENT · nominal kecil,28,65495,65495,1.0,3,4,1,0,1,2,3.88,saldo pengirim tidak konsisten secara logika,1,1
CASH_OUT,CASH_OUT · nominal besar,17,205151,0,0.0,22,2,0,0,0,0,1.59,menguras hampir seluruh saldo,0,0
CASH_OUT,CASH_OUT · nominal besar,6,207169,11784,10.0,18,3,1,1,0,2,2.84,saldo tujuan sangat ekstrem,1,0
CASH_IN,CASH_OUT · nominal besar,7,82062,849,10.0,18,3,1,0,0,1,2.63,menguras hampir seluruh saldo,0,0
CASH_OUT,CASH_OUT · nominal besar,13,366766,0,0.0,12,2,0,0,0,0,0.98,menguras hampir seluruh saldo,0,0
PAYMENT,PAYMENT · nominal kecil,9,7041,44937,0.157,11,4,0,0,0,0,1.16,menguras hampir seluruh saldo,0,0
TRANSFER,PAYMENT · nominal kecil,24,66189,66189,1.0,16,4,1,0,1,2,2.57,saldo pengirim tidak konsisten secara logika,1,1
CASH_OUT,CASH_OUT · nominal besar,23,181719,0,0.0,20,2,0,0,0,0,1.14,menguras hampir seluruh saldo,0,0
CASH_OUT,PAYMENT · nominal kecil,17,14554,107580,0.135,19,4,1,1,0,2,2.54,saldo tujuan sangat ekstrem,1,0
PAYMENT,PAYMENT · nominal kecil,25,3174,0,0.0,14,1,0,0,0,0,0.76,menguras hampir seluruh saldo,0,0
TRANSFER,CASH_OUT · nominal besar,2,1780297,80749,10.0,10,3,1,0,1,2,3.43,nominal transaksi sangat ekstrem,1,0
CASH_IN,CASH_IN · nominal sedang,12,144934,208980,0.694,19,0,1,0,0,1,0.92,saldo tujuan tidak konsisten secara logika,0,0
CASH_IN,CASH_IN · nominal sedang,8,96572,12028220,0.008,16,0,1,1,0,2,0.56,saldo awal pengirim sangat ekstrem,1,0
CASH_IN,CASH_OUT · nominal besar,2,120046,499052,0.241,14,3,1,0,0,1,3.51,saldo tujuan tidak konsisten secara logika,0,0
CASH_IN,CASH_OUT · nominal besar,10,272959,21019,10.0,15,3,1,0,0,1,2.66,menguras hampir seluruh saldo,0,0
CASH_OUT,CASH_OUT · nominal besar,7,29570,0,0.0,12,2,0,0,0,0,1.28,menguras hampir seluruh saldo,0,0
TRANSFER,PAYMENT · nominal kecil,19,513693,513693,1.0,4,4,1,0,1,2,4.36,saldo tujuan tidak konsisten secara logika,1,1
PAYMENT,PAYMENT · nominal kecil,2,9178,230897,0.04,10,4,0,0,0,0,1.38,menguras hampir seluruh saldo,0,0
CASH_IN,CASH_IN · nominal sedang,8,40049,12661777,0.003,12,0,1,1,0,2,1.09,saldo awal pengirim sangat ekstrem,1,0
CASH_IN,CASH_OUT · nominal besar,1,75810,3925296,0.019,10,3,1,1,0,2,4.05,saldo tujuan tidak konsisten secara logika,1,0
PAYMENT,PAYMENT · nominal kecil,6,10064,306608,0.033,20,4,0,0,0,0,1.16,menguras hampir seluruh saldo,0,0
TRANSFER,CASH_OUT · nominal besar,16,214338,79453,2.698,0,3,1,0,1,2,4.08,saldo tujuan sangat ekstrem,1,0
TRANSFER,PAYMENT · nominal kecil,3,19777,19777,1.0,21,4,1,0,0,1,2.56,saldo pengirim tidak konsisten secara logika,0,1
TRANSFER,PAYMENT · nominal kecil,1,59386,59386,1.0,15,4,1,0,0,1,2.54,saldo pengirim tidak konsisten secara logika,0,1
TRANSFER,CASH_IN · nominal sedang,16,3116890,3116890,1.0,4,0,1,1,1,3,4.69,saldo tujuan tidak konsisten secara logika,1,1
TRANSFER,CASH_OUT · nominal besar,1,257642,0,0.0,2,2,1,1,1,3,4.16,saldo tujuan tidak konsisten secara logika,1,0
PAYMENT,PAYMENT · nominal kecil,13,3676,0,0.0,12,1,0,0,0,0,0.99,menguras hampir seluruh saldo,0,0
TRANSFER,PAYMENT · nominal kecil,31,59264,59264,1.0,2,4,1,0,1,2,4.03,saldo pengirim tidak konsisten secara logika,1,1
PAYMENT,PAYMENT · nominal kecil,15,7132,2055,3.471,18,1,0,0,0,0,1.65,menguras hampir seluruh saldo,0,0
CASH_OUT,CASH_OUT · nominal besar,7,133438,12049,10.0,9,3,1,0,0,1,1.81,menguras hampir seluruh saldo,0,0
CASH_IN,CASH_IN · nominal sedang,17,31595,10629652,0.003,21,0,1,1,0,2,1.59,saldo awal pengirim sangat ekstrem,1,0
PAYMENT,PAYMENT · nominal kecil,16,33928,0,0.0,10,1,0,0,0,0,1.53,menguras hampir seluruh saldo,0,0
CASH_OUT,CASH_OUT · nominal besar,21,55239,664,10.0,15,3,1,1,0,2,1.65,saldo tujuan sangat ekstrem,1,0
CASH_IN,CASH_IN · nominal sedang,9,500,28021534,0.0,19,0,1,1,0,2,3.46,saldo awal pengirim sangat ekstrem,1,0
CASH_OUT,CASH_OUT · nominal besar,14,130238,0,0.0,22,2,1,1,0,2,1.63,saldo tujuan sangat ekstrem,1,0
PAYMENT,PAYMENT · nominal kecil,9,4211,655,6.428,19,1,0,0,0,0,2.19,menguras hampir seluruh saldo,0,0
CASH_IN,CASH_IN · nominal sedang,7,119472,13480986,0.009,19,0,1,1,0,2,1.03,saldo awal pengirim sangat ekstrem,1,0
CASH_IN,CASH_IN · nominal sedang,11,169871,5265428,0.032,11,0,1,0,0,1,1.1,saldo awal pengirim sangat ekstrem,0,0
CASH_IN,CASH_IN · nominal sedang,14,117652,25477092,0.005,16,0,1,1,0,2,0.62,saldo awal pengirim sangat ekstrem,1,0
CASH_OUT,CASH_OUT · nominal besar,2,17093,0,0.0,20,2,0,0,0,0,1.73,menguras hampir seluruh saldo,0,0
TRANSFER,CASH_IN · nominal sedang,25,1777759,1777759,1.0,15,0,1,1,1,3,3.75,saldo tujuan tidak konsisten secara logika,1,1
TRANSFER,CASH_OUT · nominal besar,17,1564296,0,0.0,16,2,1,1,0,2,1.8,saldo tujuan sangat ekstrem,1,0
CASH_OUT,CASH_OUT · nominal besar,14,196803,0,0.0,20,2,0,0,0,0,1.14,menguras hampir seluruh saldo,0,0
CASH_IN,CASH_OUT · nominal besar,11,310193,8675,10.0,18,3,1,0,0,1,2.76,menguras hampir seluruh saldo,0,0
TRANSFER,CASH_OUT · nominal besar,14,3561601,211794,10.0,14,3,1,1,0,2,2.51,nominal transaksi sangat ekstrem,1,0
PAYMENT,PAYMENT · nominal kecil,16,18143,114402,0.159,10,4,0,0,0,0,1.41,menguras hampir seluruh saldo,0,0
CASH_OUT,CASH_OUT · nominal besar,1,24192,7011,3.451,15,3,0,0,0,0,2.15,menguras hampir seluruh saldo,0,0
TRANSFER,CASH_IN · nominal sedang,16,1139166,1139166,1.0,2,0,1,0,1,2,4.77,saldo tujuan tidak konsisten secara logika,1,1
TRANSFER,PAYMENT · nominal kecil,10,74076,74076,1.0,0,4,1,0,1,2,4.45,saldo pengirim tidak konsisten secara logika,1,1
TRANSFER,CASH_IN · nominal sedang,1,1185763,361742,3.278,9,0,1,0,0,1,2.6,nominal transaksi sangat ekstrem,0,0
CASH_OUT,CASH_OUT · nominal besar,27,2571605,2571605,1.0,1,3,1,1,1,3,4.95,nominal transaksi sangat ekstrem,1,1
CASH_IN,CASH_IN · nominal sedang,16,113053,5332130,0.021,14,0,1,1,0,2,0.77,saldo tujuan sangat ekstrem,1,0
CASH_OUT,PAYMENT · nominal kecil,8,29927,22307,1.342,18,4,0,0,0,0,2.31,saldo tujuan sangat ekstrem,0,0
CASH_IN,CASH_IN · nominal sedang,10,399708,3220962,0.124,10,0,1,0,0,1,1.54,saldo tujuan tidak konsisten secara logika,0,0
PAYMENT,PAYMENT · nominal kecil,1,10219,1088899,0.009,11,4,1,0,0,1,1.24,menguras hampir seluruh saldo,0,0
TRANSFER,PAYMENT · nominal kecil,12,379058,379058,1.0,10,4,1,0,1,2,3.55,saldo tujuan tidak konsisten secara logika,1,1
CASH_IN,CASH_IN · nominal sedang,13,10000,23208210,0.0,17,0,1,1,0,2,1.63,saldo awal pengirim sangat ekstrem,1,0
PAYMENT,PAYMENT · nominal kecil,11,4735,391,10.0,11,1,1,0,0,1,2.99,menguras hampir seluruh saldo,0,0
CASH_IN,CASH_IN · nominal sedang,11,16521,16082732,0.001,21,0,1,1,0,2,1.83,saldo awal pengirim sangat ekstrem,1,0
TRANSFER,CASH_OUT · nominal besar,17,64703,184,10.0,11,3,1,0,0,1,2.01,menguras hampir seluruh saldo,0,0
CASH_OUT,PAYMENT · nominal kecil,14,72666,72666,1.0,4,4,0,0,0,0,3.33,saldo pengirim tidak konsisten secara logika,0,1
CASH_IN,CASH_IN · nominal sedang,12,25276,21018,1.203,12,0,1,0,0,1,2.32,saldo tujuan sangat ekstrem,0,0
CASH_IN,CASH_OUT · nominal besar,10,278690,309,10.0,16,3,1,0,0,1,2.59,menguras hampir seluruh saldo,0,0
CASH_OUT,CASH_OUT · nominal besar,16,29628,17468,1.696,19,3,0,0,0,0,2.32,saldo pengirim tidak konsisten secara logika,0,0
TRANSFER,CASH_OUT · nominal besar,13,10000000,50935,10.0,17,3,1,1,1,3,4.3,saldo tujuan tidak konsisten secara logika,1,0
CASH_IN,CASH_IN · nominal sedang,7,122767,51063,2.404,17,0,1,0,0,1,0.81,saldo tujuan tidak konsisten secara logika,0,0
CASH_IN,CASH_IN · nominal sedang,15,136363,787175,0.173,18,0,1,0,0,1,0.69,menguras hampir seluruh saldo,0,0
CASH_OUT,CASH_OUT · nominal besar,16,169071,0,0.0,14,2,0,0,0,0,0.45,menguras hampir seluruh saldo,0,0
TRANSFER,PAYMENT · nominal kecil,8,68536,68536,1.0,9,4,1,0,1,2,3.0,saldo pengirim tidak konsisten secara logika,1,1
PAYMENT,PAYMENT · nominal kecil,4,5629,56353,0.1,0,4,0,0,0,0,3.64,menguras hampir seluruh saldo,0,0
CASH_IN,CASH_IN · nominal sedang,2,226489,11345917,0.02,13,0,1,1,0,2,0.96,saldo awal pengirim sangat ekstrem,1,0
CASH_IN,CASH_IN · nominal sedang,17,147908,8782988,0.017,20,0,1,0,0,1,1.18,saldo awal pengirim sangat ekstrem,0,0
CASH_OUT,PAYMENT · nominal kecil,2,51424,51424,1.0,10,4,0,0,0,0,2.37,saldo pengirim tidak konsisten secara logika,0,1
CASH_IN,CASH_IN · nominal sedang,11,239143,16978156,0.014,11,0,1,1,0,2,1.23,saldo awal pengirim sangat ekstrem,1,0
TRANSFER,CASH_OUT · nominal besar,1,1232056,50752,10.0,15,3,1,0,1,2,2.83,menguras hampir seluruh saldo,1,0
CASH_IN,CASH_OUT · nominal besar,17,401768,16420,10.0,15,3,1,0,0,1,2.75,menguras hampir seluruh saldo,0,0
CASH_IN,CASH_IN · nominal sedang,12,193041,17771810,0.011,13,0,1,1,0,2,0.88,saldo awal pengirim sangat ekstrem,1,0
CASH_IN,CASH_OUT · nominal besar,1,101696,715,10.0,14,3,1,0,0,1,2.29,menguras hampir seluruh saldo,0,0
CASH_IN,CASH_IN · nominal sedang,12,74524,26889112,0.003,11,0,1,1,0,2,1.21,saldo awal pengirim sangat ekstrem,1,0
PAYMENT,CASH_OUT · nominal besar,11,11602,124,10.0,15,3,1,0,0,1,2.55,menguras hampir seluruh saldo,0,0
CASH_IN,CASH_IN · nominal sedang,2,89586,11663308,0.008,15,0,1,1,0,2,0.71,saldo awal pengirim sangat ekstrem,1,0
TRANSFER,CASH_OUT · nominal besar,17,2057246,0,0.0,20,2,1,1,0,2,2.18,nominal transaksi sangat ekstrem,1,0
CASH_IN,CASH_IN · nominal sedang,1,692770,683106,1.014,11,0,1,1,0,2,1.53,saldo tujuan tidak konsisten secara logika,1,0
CASH_IN,CASH_IN · nominal sedang,13,11048,9682591,0.001,17,0,1,1,0,2,1.57,saldo awal pengirim sangat ekstrem,1,0
CASH_IN,CASH_IN · nominal sedang,2,58188,10760693,0.005,16,0,1,1,0,2,0.63,saldo awal pengirim sangat ekstrem,1,0
TRANSFER,CASH_OUT · nominal besar,16,5352868,0,0.0,22,2,1,1,0,2,2.83,nominal transaksi sangat ekstrem,1,0
TRANSFER,CASH_OUT · nominal besar,15,2207232,0,0.0,10,2,1,1,0,2,2.3,nominal transaksi sangat ekstrem,1,0
TRANSFER,CASH_IN · nominal sedang,27,10000000,10399045,0.962,22,0,1,1,1,3,3.9,saldo tujuan tidak konsisten secara logika,1,1
CASH_IN,CASH_IN · nominal sedang,16,159274,15591241,0.01,14,0,1,1,0,2,0.65,saldo awal pengirim sangat ekstrem,1,0
CASH_OUT,CASH_OUT · nominal besar,10,589009,7227,10.0,16,3,1,0,0,1,1.73,menguras hampir seluruh saldo,0,0
PAYMENT,PAYMENT · nominal kecil,6,13111,32140,0.408,19,4,0,0,0,0,0.95,menguras hampir seluruh saldo,0,0
CASH_OUT,PAYMENT · nominal kecil,11,10000000,10000000,1.0,9,4,1,1,0,2,4.37,nominal transaksi sangat ekstrem,1,1
PAYMENT,PAYMENT · nominal kecil,16,12824,0,0.0,15,1,0,0,0,0,0.49,menguras hampir seluruh saldo,0,0
TRANSFER,CASH_OUT · nominal besar,13,7498910,0,0.0,14,2,1,1,0,2,2.58,nominal transaksi sangat ekstrem,1,0
CASH_OUT,CASH_OUT · nominal besar,17,173798,0,0.0,10,2,0,0,0,0,1.3,menguras hampir seluruh saldo,0,0
PAYMENT,PAYMENT · nominal kecil,22,11500,0,0.0,22,1,0,0,0,0,1.62,menguras hampir seluruh saldo,0,0
CASH_OUT,CASH_OUT · nominal besar,17,204343,109,10.0,12,3,1,0,0,1,1.89,menguras hampir seluruh saldo,0,0
CASH_OUT,CASH_OUT · nominal besar,9,74526,0,0.0,13,2,0,0,0,0,0.77,menguras hampir seluruh saldo,0,0
CASH_OUT,PAYMENT · nominal kecil,3,332138,332138,1.0,13,4,0,0,0,0,2.67,saldo pengirim tidak konsisten secara logika,0,1
CASH_OUT,CASH_OUT · nominal besar,14,180130,23674,7.609,16,3,0,0,0,0,0.65,menguras hampir seluruh saldo,0,0
CASH_OUT,PAYMENT · nominal kecil,6,1746415,1746415,1.0,17,4,1,0,0,1,3.54,nominal transaksi sangat ekstrem,0,1
PAYMENT,PAYMENT · nominal kecil,13,962,22774,0.042,23,4,0,0,0,0,2.2,menguras hampir seluruh saldo,0,0
CASH_OUT,CASH_OUT · nominal besar,18,8536151,8536151,1.0,5,3,1,1,0,2,4.63,nominal transaksi sangat ekstrem,1,1
CASH_IN,CASH_IN · nominal sedang,23,256364,11640282,0.022,16,0,1,1,0,2,0.76,saldo awal pengirim sangat ekstrem,1,0
CASH_OUT,PAYMENT · nominal kecil,28,5350,5350,1.0,8,4,0,0,0,0,2.7,saldo pengirim tidak konsisten secara logika,0,1
CASH_IN,CASH_IN · nominal sedang,12,102587,16243933,0.006,12,0,1,1,0,2,0.93,saldo awal pengirim sangat ekstrem,1,0
TRANSFER,CASH_OUT · nominal besar,23,731253,0,0.0,10,2,1,0,0,1,1.92,saldo tujuan sangat ekstrem,0,0
PAYMENT,PAYMENT · nominal kecil,19,11208,11420,0.981,19,4,0,0,0,0,1.0,saldo pengirim tidak konsisten secara logika,0,0
CASH_IN,CASH_IN · nominal sedang,1,184650,4009986,0.046,13,0,1,0,0,1,0.75,saldo awal pengirim sangat ekstrem,0,0
TRANSFER,PAYMENT · nominal kecil,27,249749,249749,1.0,1,4,1,0,1,2,4.59,saldo tujuan tidak konsisten secara logika,1,1
TRANSFER,CASH_OUT · nominal besar,17,7681148,0,0.0,22,2,1,1,1,3,3.0,nominal transaksi sangat ekstrem,1,0
CASH_OUT,PAYMENT · nominal kecil,11,273409,273409,1.0,23,4,0,0,0,0,2.8,saldo pengirim tidak konsisten secara logika,0,1
CASH_OUT,CASH_OUT · nominal besar,16,224972,6143,10.0,11,3,1,0,0,1,1.59,menguras hampir seluruh saldo,0,0
CASH_IN,CASH_IN · nominal sedang,7,2514,21112920,0.0,19,0,1,1,0,2,2.52,saldo awal pengirim sangat ekstrem,1,0
CASH_OUT,CASH_OUT · nominal besar,16,56946,0,0.0,18,2,1,1,0,2,0.98,saldo tujuan sangat ekstrem,1,0
CASH_OUT,CASH_OUT · nominal besar,6,118518,0,0.0,17,2,1,1,0,2,0.64,saldo tujuan sangat ekstrem,1,0
CASH_OUT,PAYMENT · nominal kecil,21,143501,143501,1.0,6,4,0,0,0,0,2.92,saldo pengirim tidak konsisten secara logika,0,1
TRANSFER,CASH_IN · nominal sedang,5,1486955,1486955,1.0,10,0,1,1,1,3,3.9,saldo tujuan tidak konsisten secara logika,1,1
CASH_IN,CASH_OUT · nominal besar,1,128185,12146,10.0,18,3,1,0,0,1,2.54,menguras hampir seluruh saldo,0,0
CASH_OUT,PAYMENT · nominal kecil,21,107128,107128,1.0,9,4,0,0,0,0,2.6,saldo pengirim tidak konsisten secara logika,0,1
PAYMENT,PAYMENT · nominal kecil,10,12053,0,0.0,19,1,0,0,0,0,0.98,menguras hampir seluruh saldo,0,0
CASH_IN,CASH_IN · nominal sedang,2,53202,20266174,0.003,17,0,1,1,0,2,0.9,saldo awal pengirim sangat ekstrem,1,0
TRANSFER,PAYMENT · nominal kecil,15,21279,21279,1.0,6,4,1,0,1,2,3.15,saldo pengirim tidak konsisten secara logika,1,1
TRANSFER,CASH_IN · nominal sedang,13,10000000,25614246,0.39,15,0,1,1,1,3,4.3,saldo tujuan tidak konsisten secara logika,1,1
CASH_IN,CASH_IN · nominal sedang,12,116308,11784131,0.01,14,0,1,1,0,2,0.57,saldo awal pengirim sangat ekstrem,1,0
CASH_OUT,CASH_OUT · nominal besar,14,63868,0,0.0,17,2,1,1,0,2,0.81,saldo tujuan sangat ekstrem,1,0
CASH_IN,CASH_IN · nominal sedang,2,129440,29512,4.386,19,0,1,0,0,1,1.49,menguras hampir seluruh saldo,0,0
TRANSFER,CASH_IN · nominal sedang,5,1299861,1299861,1.0,11,0,1,0,1,2,3.81,saldo tujuan tidak konsisten secara logika,1,1
CASH_OUT,PAYMENT · nominal kecil,6,2479940,2479940,1.0,12,4,1,1,0,2,3.44,nominal transaksi sangat ekstrem,1,1
TRANSFER,CASH_OUT · nominal besar,17,255299,0,0.0,15,2,1,1,0,2,1.23,saldo tujuan sangat ekstrem,1,0
CASH_OUT,PAYMENT · nominal kecil,30,13025,13025,1.0,7,4,0,0,0,0,2.33,saldo pengirim tidak konsisten secara logika,0,1
CASH_IN,CASH_IN · nominal sedang,11,114808,9844196,0.012,9,0,1,1,0,2,1.54,saldo awal pengirim sangat ekstrem,1,0
CASH_IN,CASH_IN · nominal sedang,12,197919,11277400,0.018,18,0,1,1,0,2,0.87,saldo awal pengirim sangat ekstrem,1,0
CASH_OUT,CASH_OUT · nominal besar,16,296061,0,0.0,15,2,1,1,0,2,0.62,saldo tujuan sangat ekstrem,1,0
CASH_OUT,CASH_OUT · nominal besar,29,90285,0,0.0,20,2,0,0,0,0,1.18,menguras hampir seluruh saldo,0,0
TRANSFER,CASH_OUT · nominal besar,15,4179225,45877,10.0,22,3,1,1,1,3,3.06,saldo tujuan sangat ekstrem,1,0
CASH_IN,CASH_IN · nominal sedang,7,62477,21784,2.868,15,0,1,0,0,1,0.96,saldo awal pengirim sangat ekstrem,0,0
CASH_OUT,PAYMENT · nominal kecil,11,14343,14343,1.0,6,4,0,0,0,0,3.13,saldo tujuan sangat ekstrem,0,1
DEBIT,PAYMENT · nominal kecil,1,1240,501623,0.002,16,4,1,0,1,2,2.4,menguras hampir seluruh saldo,1,0
PAYMENT,PAYMENT · nominal kecil,14,17227,4930,3.494,22,1,0,0,0,0,2.29,menguras hampir seluruh saldo,0,0
CASH_OUT,CASH_OUT · nominal besar,13,238344,13550,10.0,19,3,1,0,0,1,1.54,menguras hampir seluruh saldo,0,0
CASH_OUT,PAYMENT · nominal kecil,22,121544,121544,1.0,19,4,0,0,0,0,2.36,saldo pengirim tidak konsisten secara logika,0,1
CASH_IN,PAYMENT · nominal kecil,1,462,8790471,0.0,14,4,1,0,1,2,3.91,saldo awal pengirim sangat ekstrem,1,0
DEBIT,PAYMENT · nominal kecil,1,3656,10940,0.334,8,4,1,0,1,2,3.69,saldo tujuan tidak konsisten secara logika,1,0
CASH_OUT,PAYMENT · nominal kecil,2,13905,40002,0.348,12,4,0,0,0,0,2.24,menguras hampir seluruh saldo,0,0
CASH_IN,CASH_IN · nominal sedang,1,33072,13822604,0.002,18,0,1,1,0,2,1.08,saldo awal pengirim sangat ekstrem,1,0
CASH_OUT,CASH_OUT · nominal besar,2,1215297,1215297,1.0,0,3,1,0,1,2,4.95,nominal transaksi sangat ekstrem,1,1
CASH_OUT,CASH_OUT · nominal besar,6,108661,106006,1.025,18,3,0,0,0,0,2.26,saldo pengirim tidak konsisten secara logika,0,0
CASH_IN,CASH_IN · nominal sedang,17,298678,20799288,0.014,14,0,1,1,0,2,0.91,saldo awal pengirim sangat ekstrem,1,0
TRANSFER,CASH_OUT · nominal besar,12,8165841,0,0.0,14,2,1,1,0,2,2.65,nominal transaksi sangat ekstrem,1,0
PAYMENT,PAYMENT · nominal kecil,23,1832,192845,0.01,18,4,0,0,0,0,1.18,menguras hampir seluruh saldo,0,0
CASH_OUT,CASH_OUT · nominal besar,7,148129,101544,1.459,13,3,0,0,0,0,2.31,saldo tujuan sangat ekstrem,0,0
CASH_IN,CASH_IN · nominal sedang,16,236238,16291471,0.015,14,0,1,1,0,2,0.94,saldo awal pengirim sangat ekstrem,1,0
CASH_OUT,CASH_OUT · nominal besar,2,234547,0,0.0,20,2,1,1,0,2,1.21,saldo tujuan sangat ekstrem,1,0
TRANSFER,CASH_OUT · nominal besar,23,2300512,0,0.0,20,2,1,1,0,2,2.24,nominal transaksi sangat ekstrem,1,0
CASH_IN,CASH_IN · nominal sedang,15,117990,15963379,0.007,13,0,1,1,0,2,0.75,saldo awal pengirim sangat ekstrem,1,0
CASH_IN,CASH_IN · nominal sedang,13,253093,4156162,0.061,10,0,1,1,0,2,1.5,saldo tujuan sangat ekstrem,1,0
TRANSFER,CASH_OUT · nominal besar,1,694858,300504,2.312,14,3,1,0,1,2,3.34,saldo tujuan tidak konsisten secara logika,1,0
CASH_IN,CASH_IN · nominal sedang,11,55731,1121917,0.05,14,0,1,0,0,1,0.58,menguras hampir seluruh saldo,0,0
CASH_OUT,CASH_OUT · nominal besar,12,47140,12588,3.745,20,3,0,0,0,0,1.97,menguras hampir seluruh saldo,0,0
CASH_IN,CASH_IN · nominal sedang,8,241428,11820060,0.02,15,0,1,1,0,2,0.7,saldo awal pengirim sangat ekstrem,1,0
PAYMENT,PAYMENT · nominal kecil,9,3323,0,0.0,12,1,0,0,0,0,1.02,menguras hampir seluruh saldo,0,0
CASH_OUT,CASH_OUT · nominal besar,7,319062,0,0.0,12,2,0,0,0,0,0.94,menguras hampir seluruh saldo,0,0
TRANSFER,CASH_OUT · nominal besar,12,181385,1268,10.0,17,3,1,0,0,1,1.54,menguras hampir seluruh saldo,0,0
CASH_IN,CASH_IN · nominal sedang,16,191991,9915365,0.019,14,0,1,1,0,2,0.65,saldo awal pengirim sangat ekstrem,1,0
TRANSFER,CASH_OUT · nominal besar,6,402169,439,10.0,18,3,1,0,1,2,3.1,menguras hampir seluruh saldo,1,0
PAYMENT,PAYMENT · nominal kecil,10,933,136470,0.007,18,4,0,0,0,0,1.48,menguras hampir seluruh saldo,0,0
PAYMENT,PAYMENT · nominal kecil,13,4982,0,0.0,10,1,0,0,0,0,1.32,menguras hampir seluruh saldo,0,0
CASH_IN,CASH_IN · nominal sedang,2,13991,26515240,0.001,10,0,1,1,0,2,1.86,saldo awal pengirim sangat ekstrem,1,0
CASH_OUT,CASH_OUT · nominal besar,11,151446,0,0.0,16,2,0,0,0,0,0.36,menguras hampir seluruh saldo,0,0
CASH_OUT,CASH_OUT · nominal besar,15,240456,0,0.0,19,2,1,1,0,2,1.05,saldo tujuan sangat ekstrem,1,0
CASH_IN,CASH_IN · nominal sedang,9,60991,9580022,0.006,10,0,1,1,0,2,1.35,saldo awal pengirim sangat ekstrem,1,0
TRANSFER,CASH_IN · nominal sedang,20,1433038,1433038,1.0,6,0,1,1,1,3,4.28,saldo tujuan tidak konsisten secara logika,1,1
CASH_IN,CASH_IN · nominal sedang,11,34315,20286052,0.002,18,0,1,1,0,2,1.1,saldo awal pengirim sangat ekstrem,1,0
CASH_OUT,CASH_OUT · nominal besar,1,31032,0,0.0,14,2,1,1,0,2,2.69,saldo tujuan tidak konsisten secara logika,1,0
CASH_OUT,CASH_IN · nominal sedang,2,5188876,5188876,1.0,21,0,1,1,0,2,3.82,nominal transaksi sangat ekstrem,1,1
CASH_OUT,PAYMENT · nominal kecil,19,513693,513693,1.0,4,4,1,0,0,1,3.67,nominal transaksi sangat ekstrem,0,1
CASH_OUT,CASH_OUT · nominal besar,8,280163,21064,10.0,12,3,1,0,0,1,1.18,menguras hampir seluruh saldo,0,0
CASH_IN,CASH_IN · nominal sedang,17,702595,5558170,0.126,16,0,1,1,0,2,1.25,saldo tujuan tidak konsisten secara logika,1,0
CASH_IN,CASH_IN · nominal sedang,12,196383,11238656,0.017,12,0,1,1,0,2,1.03,saldo awal pengirim sangat ekstrem,1,0
CASH_IN,CASH_OUT · nominal besar,11,70973,25761562,0.003,11,3,1,1,0,2,3.62,saldo awal pengirim sangat ekstrem,1,0
PAYMENT,PAYMENT · nominal kecil,14,15275,50473,0.303,22,4,0,0,0,0,1.58,menguras hampir seluruh saldo,0,0
CASH_IN,CASH_IN · nominal sedang,6,9828,21292206,0.0,19,0,1,1,0,2,1.8,saldo awal pengirim sangat ekstrem,1,0
CASH_OUT,PAYMENT · nominal kecil,14,80534,87452,0.921,18,4,0,0,0,0,2.53,saldo tujuan sangat ekstrem,0,0
CASH_OUT,CASH_OUT · nominal besar,14,88471,24554,3.603,16,3,0,0,0,0,1.35,menguras hampir seluruh saldo,0,0
CASH_OUT,PAYMENT · nominal kecil,20,29611,29611,1.0,19,4,0,0,0,0,2.26,saldo pengirim tidak konsisten secara logika,0,1
PAYMENT,PAYMENT · nominal kecil,2,11293,217781,0.052,20,4,0,0,0,0,1.15,menguras hampir seluruh saldo,0,0
TRANSFER,PAYMENT · nominal kecil,2,335220,335220,1.0,7,4,1,0,1,2,3.8,saldo tujuan tidak konsisten secara logika,1,1
CASH_OUT,PAYMENT · nominal kecil,1,13704,13704,1.0,6,4,1,0,1,2,3.33,saldo tujuan tidak konsisten secara logika,1,1
TRANSFER,PAYMENT · nominal kecil,3,55062,55062,1.0,13,4,1,0,0,1,2.58,saldo pengirim tidak konsisten secara logika,0,1
CASH_OUT,CASH_OUT · nominal besar,1,183317,0,0.0,16,2,1,0,0,1,2.21,menguras hampir seluruh saldo,0,0
CASH_OUT,CASH_OUT · nominal besar,11,208714,12055,10.0,12,3,1,0,0,1,1.72,menguras hampir seluruh saldo,0,0
CASH_OUT,PAYMENT · nominal kecil,10,182667,182667,1.0,11,4,0,0,0,0,2.58,saldo pengirim tidak konsisten secara logika,0,1
TRANSFER,PAYMENT · nominal kecil,6,43358,43358,1.0,1,4,1,0,1,2,4.15,saldo pengirim tidak konsisten secara logika,1,1
TRANSFER,CASH_OUT · nominal besar,29,810187,0,0.0,9,2,1,1,0,2,2.16,saldo tujuan sangat ekstrem,1,0
CASH_IN,CASH_IN · nominal sedang,11,427331,18006938,0.024,20,0,1,1,0,2,1.62,saldo tujuan sangat ekstrem,1,0
CASH_OUT,CASH_OUT · nominal besar,10,84235,0,0.0,19,2,0,0,0,0,0.97,menguras hampir seluruh saldo,0,0
CASH_IN,CASH_IN · nominal sedang,12,146035,4792900,0.03,23,0,1,0,0,1,1.83,saldo awal pengirim sangat ekstrem,0,0
CASH_IN,CASH_IN · nominal sedang,16,130109,17825758,0.007,10,0,1,1,0,2,1.35,saldo awal pengirim sangat ekstrem,1,0
CASH_OUT,CASH_OUT · nominal besar,22,325898,37788,8.624,14,3,0,0,0,0,1.18,menguras hampir seluruh saldo,0,0
CASH_IN,CASH_IN · nominal sedang,14,85847,4423749,0.019,17,0,1,1,0,2,0.77,saldo tujuan sangat ekstrem,1,0
TRANSFER,CASH_OUT · nominal besar,13,2308556,0,0.0,18,2,1,1,0,2,2.04,nominal transaksi sangat ekstrem,1,0
CASH_IN,CASH_IN · nominal sedang,1,286717,5215518,0.055,8,0,1,0,0,1,1.84,saldo tujuan tidak konsisten secara logika,0,0
TRANSFER,CASH_OUT · nominal besar,13,12619011,0,0.0,0,2,1,1,1,3,4.57,nominal transaksi sangat ekstrem,1,0
CASH_IN,CASH_IN · nominal sedang,15,121796,28973768,0.004,17,0,1,1,0,2,0.75,saldo awal pengirim sangat ekstrem,1,0
TRANSFER,CASH_OUT · nominal besar,13,2334338,105539,10.0,10,3,1,1,0,2,2.38,nominal transaksi sangat ekstrem,1,0
CASH_IN,CASH_IN · nominal sedang,6,314863,48323,6.516,10,0,1,0,0,1,2.18,saldo tujuan tidak konsisten secara logika,0,0
TRANSFER,CASH_OUT · nominal besar,16,1307133,55656,10.0,11,3,1,0,1,2,3.11,menguras hampir seluruh saldo,1,0
TRANSFER,CASH_OUT · nominal besar,15,281505,10743,10.0,21,3,1,0,0,1,2.3,menguras hampir seluruh saldo,0,0
CASH_OUT,PAYMENT · nominal kecil,17,312955,312955,1.0,23,4,0,0,0,0,3.04,saldo pengirim tidak konsisten secara logika,0,1
CASH_OUT,CASH_OUT · nominal besar,14,116379,64991,1.791,13,3,0,0,0,0,1.94,saldo awal pengirim sangat ekstrem,0,0
CASH_IN,CASH_OUT · nominal besar,6,86936,788,10.0,9,3,1,0,0,1,2.78,menguras hampir seluruh saldo,0,0
CASH_IN,CASH_IN · nominal sedang,23,32437,12712031,0.003,16,0,1,1,0,2,1.11,saldo tujuan sangat ekstrem,1,0
CASH_OUT,PAYMENT · nominal kecil,7,90894,146418,0.621,12,4,0,0,0,0,2.53,menguras hampir seluruh saldo,0,0
TRANSFER,PAYMENT · nominal kecil,2,360688,360688,1.0,14,4,1,0,1,2,3.3,saldo tujuan tidak konsisten secara logika,1,1
TRANSFER,CASH_OUT · nominal besar,15,4894989,88215,10.0,17,3,1,1,0,2,2.46,nominal transaksi sangat ekstrem,1,0
CASH_IN,CASH_IN · nominal sedang,6,24164,10940,2.209,20,0,1,0,0,1,2.51,saldo tujuan sangat ekstrem,0,0
CASH_OUT,CASH_OUT · nominal besar,11,193887,116377,1.666,10,3,0,0,0,0,2.51,saldo tujuan sangat ekstrem,0,0
TRANSFER,CASH_OUT · nominal besar,23,466775,59564,7.837,18,3,1,1,0,2,1.88,saldo tujuan sangat ekstrem,1,0
CASH_IN,CASH_IN · nominal sedang,1,847166,5154986,0.164,18,0,1,1,0,2,1.46,saldo tujuan tidak konsisten secara logika,1,0
CASH_OUT,CASH_OUT · nominal besar,15,188493,0,0.0,15,2,0,0,0,0,0.4,menguras hampir seluruh saldo,0,0
CASH_IN,CASH_IN · nominal sedang,16,187809,26641598,0.007,10,0,1,1,0,2,1.43,saldo awal pengirim sangat ekstrem,1,0
CASH_OUT,PAYMENT · nominal kecil,30,6514,6514,1.0,16,4,0,0,0,0,2.1,saldo pengirim tidak konsisten secara logika,0,1
CASH_OUT,CASH_OUT · nominal besar,14,426033,11426,10.0,17,3,1,0,0,1,1.7,menguras hampir seluruh saldo,0,0
CASH_OUT,CASH_OUT · nominal besar,6,274070,161061,1.702,16,3,0,0,0,0,1.83,saldo tujuan sangat ekstrem,0,0
CASH_OUT,CASH_OUT · nominal besar,14,71205,0,0.0,16,2,0,0,0,0,0.58,menguras hampir seluruh saldo,0,0
PAYMENT,PAYMENT · nominal kecil,14,4231,296880,0.014,17,4,0,0,0,0,0.77,menguras hampir seluruh saldo,0,0
CASH_OUT,PAYMENT · nominal kecil,5,897427,897427,1.0,22,4,1,0,0,1,3.42,nominal transaksi sangat ekstrem,0,1
PAYMENT,PAYMENT · nominal kecil,16,2196,31358,0.07,22,4,0,0,0,0,1.77,menguras hampir seluruh saldo,0,0
TRANSFER,CASH_IN · nominal sedang,13,2081052,2081052,1.0,22,0,1,1,1,3,4.09,saldo tujuan tidak konsisten secara logika,1,1
CASH_OUT,CASH_OUT · nominal besar,9,18531,0,0.0,15,2,0,0,0,0,1.29,menguras hampir seluruh saldo,0,0
TRANSFER,CASH_OUT · nominal besar,6,2162414,0,0.0,23,2,1,1,0,2,2.61,nominal transaksi sangat ekstrem,1,0
PAYMENT,PAYMENT · nominal kecil,29,42541,139389,0.305,12,4,0,0,0,0,1.25,menguras hampir seluruh saldo,0,0
TRANSFER,CASH_OUT · nominal besar,13,1702596,198730,8.567,11,3,1,0,1,2,2.45,nominal transaksi sangat ekstrem,1,0
CASH_IN,CASH_IN · nominal sedang,15,319229,28081884,0.011,15,0,1,1,0,2,0.91,saldo awal pengirim sangat ekstrem,1,0
CASH_OUT,CASH_OUT · nominal besar,2,416181,0,0.0,17,2,1,1,0,2,2.6,saldo tujuan tidak konsisten secara logika,1,0
PAYMENT,PAYMENT · nominal kecil,14,7622,5098,1.495,20,1,0,0,0,0,1.84,saldo pengirim tidak konsisten secara logika,0,0
PAYMENT,PAYMENT · nominal kecil,10,2017,86466,0.023,20,4,0,0,0,0,1.42,menguras hampir seluruh saldo,0,0
TRANSFER,CASH_OUT · nominal besar,15,835764,0,0.0,19,2,1,1,0,2,1.76,saldo tujuan sangat ekstrem,1,0
PAYMENT,PAYMENT · nominal kecil,11,11585,353223,0.033,19,4,0,0,0,0,0.97,menguras hampir seluruh saldo,0,0
CASH_IN,CASH_IN · nominal sedang,8,237887,4250664,0.056,17,0,1,0,0,1,0.73,saldo awal pengirim sangat ekstrem,0,0
TRANSFER,CASH_OUT · nominal besar,8,3888737,8294,10.0,10,3,1,1,0,2,2.63,nominal transaksi sangat ekstrem,1,0
CASH_OUT,PAYMENT · nominal kecil,17,1547878,1547878,1.0,12,4,1,0,0,1,3.49,nominal transaksi sangat ekstrem,0,1
CASH_IN,CASH_IN · nominal sedang,7,247849,2115076,0.117,21,0,1,1,0,2,1.54,saldo tujuan sangat ekstrem,1,0
CASH_IN,CASH_IN · nominal sedang,11,327770,80178,4.088,15,0,1,1,0,2,1.38,saldo tujuan sangat ekstrem,1,0
CASH_OUT,PAYMENT · nominal kecil,14,91612,221318,0.414,13,4,0,0,0,0,2.6,saldo tujuan sangat ekstrem,0,0
CASH_IN,CASH_IN · nominal sedang,8,77292,9744714,0.008,17,0,1,1,0,2,0.71,saldo awal pengirim sangat ekstrem,1,0
PAYMENT,PAYMENT · nominal kecil,9,2366,0,0.0,20,1,0,0,0,0,1.38,menguras hampir seluruh saldo,0,0
CASH_OUT,CASH_OUT · nominal besar,12,188513,25167,7.49,18,3,1,0,0,1,2.06,menguras hampir seluruh saldo,0,0
TRANSFER,CASH_OUT · nominal besar,17,2030399,0,0.0,14,2,1,1,0,2,1.92,nominal transaksi sangat ekstrem,1,0
CASH_OUT,CASH_OUT · nominal besar,1,179287,30270,5.923,14,3,1,1,0,2,3.09,saldo tujuan tidak konsisten secara logika,1,0
CASH_OUT,CASH_OUT · nominal besar,6,415733,0,0.0,9,2,0,0,0,0,1.61,menguras hampir seluruh saldo,0,0
CASH_OUT,CASH_OUT · nominal besar,15,384715,0,0.0,21,2,1,1,0,2,1.59,saldo tujuan sangat ekstrem,1,0
TRANSFER,PAYMENT · nominal kecil,3,136563,136563,1.0,8,4,1,0,1,2,3.34,saldo pengirim tidak konsisten secara logika,1,1
CASH_IN,CASH_IN · nominal sedang,9,333908,2829246,0.118,2,0,1,0,0,1,3.17,saldo tujuan tidak konsisten secara logika,0,0
CASH_IN,CASH_IN · nominal sedang,1,103995,11527944,0.009,12,0,1,1,0,2,0.94,saldo awal pengirim sangat ekstrem,1,0
CASH_IN,CASH_IN · nominal sedang,7,422515,9661302,0.044,14,0,1,1,0,2,1.06,saldo awal pengirim sangat ekstrem,1,0
CASH_OUT,CASH_OUT · nominal besar,13,110974,14865,7.465,20,3,0,0,0,0,1.81,menguras hampir seluruh saldo,0,0
CASH_OUT,CASH_OUT · nominal besar,23,1989311,1989311,1.0,12,3,1,1,0,2,3.68,nominal transaksi sangat ekstrem,1,1
CASH_OUT,PAYMENT · nominal kecil,22,377039,377039,1.0,22,4,0,0,0,0,3.09,saldo pengirim tidak konsisten secara logika,0,1
CASH_OUT,CASH_OUT · nominal besar,9,128032,41817,3.062,18,3,1,1,0,2,1.91,saldo tujuan sangat ekstrem,1,0
CASH_IN,CASH_OUT · nominal besar,1,574134,1987,10.0,13,3,1,1,0,2,2.84,saldo tujuan tidak konsisten secara logika,1,0
TRANSFER,PAYMENT · nominal kecil,12,132944,132944,1.0,22,4,1,0,1,2,3.21,saldo pengirim tidak konsisten secara logika,1,1
PAYMENT,PAYMENT · nominal kecil,8,4087,3179,1.286,11,1,0,0,0,0,1.8,saldo pengirim tidak konsisten secara logika,0,0
TRANSFER,CASH_OUT · nominal besar,1,1775548,0,0.0,16,2,1,0,1,2,2.69,nominal transaksi sangat ekstrem,1,0
TRANSFER,CASH_OUT · nominal besar,6,1349740,307,10.0,12,3,1,0,1,2,3.18,menguras hampir seluruh saldo,1,0
CASH_OUT,PAYMENT · nominal kecil,15,4677359,4677359,1.0,4,4,1,1,0,2,4.55,nominal transaksi sangat ekstrem,1,1
CASH_OUT,PAYMENT · nominal kecil,15,264061,326162,0.81,9,4,0,0,0,0,3.15,menguras hampir seluruh saldo,0,0
CASH_OUT,CASH_OUT · nominal besar,2,51920,34981,1.484,9,3,1,0,0,1,2.62,saldo tujuan sangat ekstrem,0,0
CASH_IN,CASH_IN · nominal sedang,8,78231,11489670,0.007,11,0,1,1,0,2,1.13,saldo awal pengirim sangat ekstrem,1,0
CASH_OUT,CASH_OUT · nominal besar,12,4452001,4452001,1.0,21,3,1,1,0,2,4.07,nominal transaksi sangat ekstrem,1,1
CASH_IN,PAYMENT · nominal kecil,7,13241,15379628,0.001,9,4,1,1,0,2,4.16,saldo awal pengirim sangat ekstrem,1,0
DEBIT,PAYMENT · nominal kecil,1,1235,0,0.0,16,1,1,1,1,3,3.59,saldo tujuan tidak konsisten secara logika,1,0
CASH_IN,CASH_IN · nominal sedang,9,24769,18205216,0.001,19,0,1,1,0,2,1.41,saldo awal pengirim sangat ekstrem,1,0
CASH_OUT,CASH_OUT · nominal besar,15,152171,15143,10.0,19,3,1,0,0,1,1.52,menguras hampir seluruh saldo,0,0
CASH_OUT,CASH_OUT · nominal besar,16,272238,0,0.0,14,2,1,0,0,1,0.64,saldo tujuan sangat ekstrem,0,0
CASH_OUT,PAYMENT · nominal kecil,18,3242184,3242184,1.0,7,4,1,1,0,2,4.01,nominal transaksi sangat ekstrem,1,1
CASH_OUT,PAYMENT · nominal kecil,9,704328,704328,1.0,20,4,1,0,0,1,2.87,nominal transaksi sangat ekstrem,0,1
CASH_OUT,CASH_OUT · nominal besar,13,54639,0,0.0,19,2,0,0,0,0,1.14,menguras hampir seluruh saldo,0,0
CASH_IN,CASH_IN · nominal sedang,11,133121,15923607,0.008,15,0,1,1,0,2,0.55,saldo awal pengirim sangat ekstrem,1,0
CASH_OUT,PAYMENT · nominal kecil,15,26478,26478,1.0,4,4,0,0,0,0,3.35,saldo pengirim tidak konsisten secara logika,0,1
CASH_OUT,CASH_OUT · nominal besar,17,539266,0,0.0,18,2,0,0,0,0,1.02,nominal transaksi sangat ekstrem,0,0
CASH_OUT,PAYMENT · nominal kecil,11,328428,328428,1.0,22,4,0,0,0,0,2.99,saldo pengirim tidak konsisten secara logika,0,1
CASH_IN,CASH_OUT · nominal besar,16,202267,2278,10.0,10,3,1,0,0,1,2.87,menguras hampir seluruh saldo,0,0
CASH_OUT,CASH_OUT · nominal besar,10,115646,12146,9.521,22,3,1,0,0,1,2.19,menguras hampir seluruh saldo,0,0
CASH_OUT,CASH_OUT · nominal besar,17,239895,2165,10.0,14,3,1,0,0,1,1.61,menguras hampir seluruh saldo,0,0
TRANSFER,CASH_IN · nominal sedang,10,1503035,1503035,1.0,21,0,1,1,1,3,3.93,saldo tujuan tidak konsisten secara logika,1,1
CASH_IN,CASH_IN · nominal sedang,11,3341,14211610,0.0,10,0,1,1,0,2,2.53,saldo awal pengirim sangat ekstrem,1,0
CASH_OUT,PAYMENT · nominal kecil,4,1735648,1735648,1.0,6,4,1,0,0,1,3.85,nominal transaksi sangat ekstrem,0,1
TRANSFER,CASH_OUT · nominal besar,2,1060371,0,0.0,17,2,1,0,1,2,2.8,saldo tujuan tidak konsisten secara logika,1,0
PAYMENT,PAYMENT · nominal kecil,1,3273,121080,0.027,21,4,0,0,0,0,1.47,menguras hampir seluruh saldo,0,0
CASH_OUT,CASH_OUT · nominal besar,17,32679,0,0.0,20,2,0,0,0,0,1.45,menguras hampir seluruh saldo,0,0
TRANSFER,CASH_OUT · nominal besar,15,995465,63,10.0,10,3,1,0,1,2,2.58,menguras hampir seluruh saldo,1,0
CASH_IN,CASH_IN · nominal sedang,16,103384,11700368,0.009,14,0,1,1,0,2,0.58,saldo awal pengirim sangat ekstrem,1,0
CASH_OUT,CASH_OUT · nominal besar,21,138294,0,0.0,12,2,0,0,0,0,0.83,menguras hampir seluruh saldo,0,0
PAYMENT,PAYMENT · nominal kecil,8,2233,300321,0.007,22,4,0,0,0,0,1.78,menguras hampir seluruh saldo,0,0
CASH_OUT,PAYMENT · nominal kecil,5,1155820,1155820,1.0,2,4,1,0,1,2,4.29,nominal transaksi sangat ekstrem,1,1
TRANSFER,CASH_OUT · nominal besar,13,3383723,0,0.0,12,2,1,1,0,2,2.27,nominal transaksi sangat ekstrem,1,0
CASH_OUT,PAYMENT · nominal kecil,31,417104,417104,1.0,15,4,0,0,0,0,2.68,nominal transaksi sangat ekstrem,0,1
PAYMENT,PAYMENT · nominal kecil,11,1907,0,0.0,19,1,0,0,0,0,1.29,menguras hampir seluruh saldo,0,0
PAYMENT,PAYMENT · nominal kecil,15,37119,50417,0.736,16,4,0,0,0,0,0.89,menguras hampir seluruh saldo,0,0
DEBIT,PAYMENT · nominal kecil,12,2807,3756,0.747,0,4,1,0,1,2,4.39,saldo tujuan sangat ekstrem,1,0
CASH_OUT,PAYMENT · nominal kecil,26,1054244,1054244,1.0,1,4,1,0,0,1,4.74,nominal transaksi sangat ekstrem,0,1
TRANSFER,CASH_OUT · nominal besar,22,2447365,86433,10.0,10,3,1,1,0,2,2.57,nominal transaksi sangat ekstrem,1,0
CASH_IN,CASH_IN · nominal sedang,6,351772,7581754,0.046,10,0,1,0,0,1,1.55,saldo awal pengirim sangat ekstrem,0,0
CASH_OUT,PAYMENT · nominal kecil,18,224230,224230,1.0,7,4,0,0,0,0,3.28,saldo pengirim tidak konsisten secara logika,0,1
CASH_IN,CASH_IN · nominal sedang,1,178314,20708866,0.009,18,0,1,1,0,2,0.99,saldo awal pengirim sangat ekstrem,1,0
CASH_OUT,PAYMENT · nominal kecil,17,184589,184589,1.0,22,4,0,0,0,0,2.51,saldo pengirim tidak konsisten secara logika,0,1
CASH_IN,CASH_IN · nominal sedang,13,47796,19726488,0.002,9,0,1,1,0,2,1.72,saldo awal pengirim sangat ekstrem,1,0
TRANSFER,PAYMENT · nominal kecil,14,21580,21580,1.0,12,4,1,0,0,1,2.39,saldo pengirim tidak konsisten secara logika,0,1
TRANSFER,CASH_OUT · nominal besar,11,502221,0,0.0,19,2,0,0,0,0,1.56,menguras hampir seluruh saldo,0,0
CASH_OUT,CASH_IN · nominal sedang,6,102321,30339,3.373,11,0,1,0,0,1,1.97,saldo tujuan tidak konsisten secara logika,0,0
PAYMENT,PAYMENT · nominal kecil,11,7489,0,0.0,15,1,0,0,0,0,0.42,menguras hampir seluruh saldo,0,0
CASH_IN,CASH_IN · nominal sedang,8,172964,10272623,0.017,18,0,1,1,0,2,0.86,saldo awal pengirim sangat ekstrem,1,0
CASH_OUT,CASH_OUT · nominal besar,2,293006,0,0.0,12,2,0,0,0,0,0.92,menguras hampir seluruh saldo,0,0
CASH_IN,CASH_IN · nominal sedang,6,170335,12171932,0.014,17,0,1,1,0,2,0.69,saldo awal pengirim sangat ekstrem,1,0
CASH_IN,CASH_IN · nominal sedang,2,299090,13031225,0.023,17,0,1,1,0,2,0.94,saldo awal pengirim sangat ekstrem,1,0
CASH_IN,CASH_IN · nominal sedang,13,124748,10387841,0.012,11,0,1,1,0,2,1.1,saldo awal pengirim sangat ekstrem,1,0
TRANSFER,PAYMENT · nominal kecil,8,364333,364333,1.0,5,4,1,0,1,2,4.09,saldo tujuan tidak konsisten secara logika,1,1
CASH_IN,CASH_IN · nominal sedang,14,37800,9281,4.073,19,0,1,0,0,1,1.63,menguras hampir seluruh saldo,0,0
CASH_OUT,PAYMENT · nominal kecil,10,118784,490365,0.242,13,4,1,0,0,1,2.71,saldo tujuan sangat ekstrem,0,0
CASH_OUT,PAYMENT · nominal kecil,28,51726,51726,1.0,12,4,0,0,0,0,2.06,saldo pengirim tidak konsisten secara logika,0,1
TRANSFER,PAYMENT · nominal kecil,12,44117,44117,1.0,0,4,1,0,1,2,4.35,saldo pengirim tidak konsisten secara logika,1,1
CASH_OUT,PAYMENT · nominal kecil,9,52954,65059,0.814,10,4,1,0,0,1,3.14,saldo tujuan tidak konsisten secara logika,0,0
CASH_OUT,CASH_OUT · nominal besar,10,196690,0,0.0,12,2,1,0,0,1,0.88,saldo tujuan sangat ekstrem,0,0
CASH_OUT,CASH_OUT · nominal besar,17,182754,0,0.0,16,2,1,1,0,2,0.61,saldo tujuan sangat ekstrem,1,0
TRANSFER,PAYMENT · nominal kecil,27,146096,146096,1.0,12,4,1,0,0,1,3.0,saldo pengirim tidak konsisten secara logika,0,1
CASH_IN,CASH_IN · nominal sedang,1,536290,2351006,0.228,16,0,1,0,0,1,1.07,saldo tujuan tidak konsisten secara logika,0,0
PAYMENT,PAYMENT · nominal kecil,2,14404,26672,0.54,13,4,0,0,0,0,0.8,menguras hampir seluruh saldo,0,0
CASH_IN,CASH_IN · nominal sedang,1,190485,131699,1.446,11,0,1,0,0,1,2.17,saldo tujuan sangat ekstrem,0,0
CASH_IN,CASH_IN · nominal sedang,7,253025,9550350,0.026,13,0,1,1,0,2,0.87,saldo awal pengirim sangat ekstrem,1,0
TRANSFER,CASH_OUT · nominal besar,16,227592,0,0.0,12,2,1,1,0,2,1.42,saldo tujuan sangat ekstrem,1,0
TRANSFER,CASH_OUT · nominal besar,1,435109,16861,10.0,7,3,1,0,1,2,3.53,saldo tujuan tidak konsisten secara logika,1,0
PAYMENT,PAYMENT · nominal kecil,13,41725,50131,0.832,9,4,0,0,0,0,1.78,menguras hampir seluruh saldo,0,0
TRANSFER,CASH_OUT · nominal besar,20,127393,0,0.0,13,2,0,0,0,0,1.26,menguras hampir seluruh saldo,0,0
PAYMENT,PAYMENT · nominal kecil,7,31393,52995,0.592,20,4,0,0,0,0,1.3,menguras hampir seluruh saldo,0,0
TRANSFER,CASH_OUT · nominal besar,10,3358912,0,0.0,20,2,1,1,0,2,2.41,nominal transaksi sangat ekstrem,1,0
PAYMENT,PAYMENT · nominal kecil,16,2576,3108,0.829,14,4,0,0,0,0,1.1,menguras hampir seluruh saldo,0,0
TRANSFER,CASH_IN · nominal sedang,24,1489916,1489916,1.0,23,0,1,1,1,3,4.11,saldo tujuan tidak konsisten secara logika,1,1
CASH_IN,CASH_IN · nominal sedang,2,360805,9737476,0.037,18,0,1,1,0,2,1.14,saldo awal pengirim sangat ekstrem,1,0
CASH_OUT,PAYMENT · nominal kecil,18,671407,671407,1.0,16,4,1,0,0,1,2.97,nominal transaksi sangat ekstrem,0,1
CASH_OUT,CASH_OUT · nominal besar,12,197390,0,0.0,16,2,0,0,0,0,0.41,menguras hampir seluruh saldo,0,0
CASH_OUT,CASH_OUT · nominal besar,17,104106,17542,5.935,15,3,1,1,0,2,1.44,saldo tujuan sangat ekstrem,1,0
TRANSFER,CASH_OUT · nominal besar,7,2721086,0,0.0,20,2,1,1,0,2,2.29,nominal transaksi sangat ekstrem,1,0
TRANSFER,CASH_IN · nominal sedang,12,881188,881188,1.0,1,0,1,0,1,2,4.89,saldo tujuan tidak konsisten secara logika,1,1
TRANSFER,CASH_OUT · nominal besar,13,1503950,0,0.0,17,2,1,1,0,2,1.83,saldo tujuan sangat ekstrem,1,0
TRANSFER,CASH_OUT · nominal besar,16,266346,258518,1.03,13,3,0,0,0,0,2.42,saldo pengirim tidak konsisten secara logika,0,0
PAYMENT,PAYMENT · nominal kecil,9,15683,0,0.0,18,1,0,0,0,0,0.84,menguras hampir seluruh saldo,0,0
CASH_IN,CASH_IN · nominal sedang,13,134751,9616640,0.014,12,0,1,1,0,2,0.92,saldo awal pengirim sangat ekstrem,1,0
CASH_OUT,CASH_OUT · nominal besar,11,2914654,2914654,1.0,22,3,1,1,0,2,3.99,nominal transaksi sangat ekstrem,1,1
CASH_OUT,CASH_OUT · nominal besar,16,104071,0,0.0,9,2,0,0,0,0,1.52,menguras hampir seluruh saldo,0,0
CASH_OUT,CASH_OUT · nominal besar,2,119076,0,0.0,13,2,1,1,0,2,0.79,saldo tujuan sangat ekstrem,1,0
CASH_OUT,CASH_OUT · nominal besar,10,262771,33056,7.949,16,3,0,0,0,0,1.46,menguras hampir seluruh saldo,0,0
CASH_OUT,CASH_OUT · nominal besar,9,184994,30892,5.988,18,3,0,0,0,0,1.26,menguras hampir seluruh saldo,0,0
CASH_OUT,CASH_OUT · nominal besar,11,103274,0,0.0,18,2,1,1,0,2,0.82,saldo tujuan sangat ekstrem,1,0
PAYMENT,PAYMENT · nominal kecil,8,370,0,0.0,20,1,0,0,0,0,2.17,menguras hampir seluruh saldo,0,0
CASH_IN,CASH_OUT · nominal besar,17,230375,5010,10.0,17,3,1,0,0,1,2.48,menguras hampir seluruh saldo,0,0
PAYMENT,PAYMENT · nominal kecil,1,8042,416761,0.019,10,4,0,0,0,0,1.4,menguras hampir seluruh saldo,0,0
CASH_IN,CASH_IN · nominal sedang,15,327429,13598073,0.024,9,0,1,1,0,2,1.69,saldo awal pengirim sangat ekstrem,1,0
TRANSFER,CASH_OUT · nominal besar,1,1566408,0,0.0,8,2,1,0,1,2,3.8,nominal transaksi sangat ekstrem,1,0
TRANSFER,PAYMENT · nominal kecil,31,404,404,1.0,10,4,1,0,1,2,2.9,saldo pengirim tidak konsisten secara logika,1,1
CASH_OUT,CASH_OUT · nominal besar,28,10000000,10000000,1.0,23,3,1,1,0,2,4.4,nominal transaksi sangat ekstrem,1,1
TRANSFER,CASH_OUT · nominal besar,14,9099943,186970,10.0,15,3,1,1,0,2,3.01,nominal transaksi sangat ekstrem,1,0
TRANSFER,CASH_OUT · nominal besar,11,387286,0,0.0,17,2,1,0,0,1,1.32,saldo tujuan sangat ekstrem,0,0
CASH_OUT,CASH_OUT · nominal besar,16,171383,0,0.0,15,2,0,0,0,0,0.34,menguras hampir seluruh saldo,0,0
PAYMENT,PAYMENT · nominal kecil,8,9422,359401,0.026,17,4,0,0,0,0,0.63,menguras hampir seluruh saldo,0,0
CASH_IN,CASH_IN · nominal sedang,10,275690,1608687,0.171,19,0,1,0,0,1,1.11,saldo tujuan tidak konsisten secara logika,0,0
CASH_OUT,CASH_OUT · nominal besar,6,6382,0,0.0,17,2,0,0,0,0,1.94,menguras hampir seluruh saldo,0,0
CASH_IN,CASH_IN · nominal sedang,1,21971,11146079,0.002,13,0,1,1,0,2,1.24,saldo awal pengirim sangat ekstrem,1,0
PAYMENT,PAYMENT · nominal kecil,9,1048,31522,0.033,11,4,0,0,0,0,1.68,menguras hampir seluruh saldo,0,0
CASH_OUT,CASH_OUT · nominal besar,11,4720555,4720555,1.0,9,3,1,1,0,2,4.04,nominal transaksi sangat ekstrem,1,1
CASH_OUT,CASH_OUT · nominal besar,15,51075,505,10.0,11,3,1,0,0,1,1.69,menguras hampir seluruh saldo,0,0
CASH_OUT,CASH_OUT · nominal besar,9,5393290,5393290,1.0,8,3,1,1,0,2,4.2,nominal transaksi sangat ekstrem,1,1
PAYMENT,PAYMENT · nominal kecil,8,7949,61375,0.13,21,4,0,0,0,0,1.35,menguras hampir seluruh saldo,0,0
CASH_OUT,CASH_OUT · nominal besar,17,136991,0,0.0,12,2,1,0,0,1,0.88,saldo tujuan sangat ekstrem,0,0
TRANSFER,CASH_OUT · nominal besar,16,790853,11586,10.0,12,3,1,1,0,2,2.09,saldo tujuan sangat ekstrem,1,0
CASH_OUT,PAYMENT · nominal kecil,31,128894,128894,1.0,3,4,0,0,0,0,3.74,saldo pengirim tidak konsisten secara logika,0,1
PAYMENT,PAYMENT · nominal kecil,2,21079,41476,0.508,19,4,0,0,0,0,1.02,menguras hampir seluruh saldo,0,0
PAYMENT,PAYMENT · nominal kecil,15,36084,297783,0.121,14,4,0,0,0,0,0.96,menguras hampir seluruh saldo,0,0
PAYMENT,PAYMENT · nominal kecil,14,4686,315,10.0,0,1,1,0,1,2,4.52,menguras hampir seluruh saldo,1,0
CASH_IN,CASH_OUT · nominal besar,1,322261,23323,10.0,12,3,1,1,0,2,3.26,saldo tujuan tidak konsisten secara logika,1,0
PAYMENT,PAYMENT · nominal kecil,15,6039,165,10.0,19,1,1,0,0,1,2.91,menguras hampir seluruh saldo,0,0
CASH_OUT,CASH_OUT · nominal besar,11,11509,0,0.0,16,2,0,0,0,0,1.58,menguras hampir seluruh saldo,0,0
CASH_OUT,PAYMENT · nominal kecil,8,70073,70073,1.0,4,4,0,0,0,0,3.5,saldo pengirim tidak konsisten secara logika,0,1
CASH_IN,CASH_IN · nominal sedang,13,99510,2490916,0.04,20,0,1,0,0,1,1.13,menguras hampir seluruh saldo,0,0
TRANSFER,CASH_OUT · nominal besar,25,550107,25524,10.0,23,3,1,0,0,1,2.51,menguras hampir seluruh saldo,0,0
PAYMENT,PAYMENT · nominal kecil,7,9207,0,0.0,9,1,0,0,0,0,1.51,menguras hampir seluruh saldo,0,0
CASH_IN,CASH_IN · nominal sedang,1,145357,10855452,0.013,19,0,1,1,0,2,1.09,saldo awal pengirim sangat ekstrem,1,0
CASH_OUT,PAYMENT · nominal kecil,9,651477,651477,1.0,2,4,1,0,0,1,4.22,nominal transaksi sangat ekstrem,0,1
TRANSFER,CASH_OUT · nominal besar,13,26164,21461,1.219,18,2,1,1,0,2,2.71,saldo tujuan sangat ekstrem,1,0
TRANSFER,CASH_OUT · nominal besar,11,514216,20533,10.0,12,3,1,0,0,1,2.54,menguras hampir seluruh saldo,0,0
PAYMENT,PAYMENT · nominal kecil,6,21132,0,0.0,15,1,0,0,0,0,0.69,menguras hampir seluruh saldo,0,0
CASH_IN,CASH_IN · nominal sedang,11,212789,9479381,0.022,19,0,1,0,0,1,1.13,saldo awal pengirim sangat ekstrem,0,0
CASH_OUT,PAYMENT · nominal kecil,15,414394,414394,1.0,5,4,0,0,0,0,3.81,nominal transaksi sangat ekstrem,0,1
CASH_IN,CASH_IN · nominal sedang,16,50332,12152220,0.004,19,0,1,1,0,2,1.09,saldo awal pengirim sangat ekstrem,1,0
CASH_OUT,CASH_OUT · nominal besar,25,1649040,1649040,1.0,0,3,1,0,1,2,4.99,nominal transaksi sangat ekstrem,1,1
PAYMENT,PAYMENT · nominal kecil,17,415,173,2.4,1,1,0,0,1,1,3.92,saldo pengirim tidak konsisten secara logika,0,0
CASH_OUT,CASH_OUT · nominal besar,16,123018,0,0.0,14,2,0,0,0,0,0.47,menguras hampir seluruh saldo,0,0
CASH_OUT,CASH_OUT · nominal besar,10,11656,0,0.0,11,2,0,0,0,0,1.85,menguras hampir seluruh saldo,0,0
CASH_IN,CASH_IN · nominal sedang,15,203645,26151786,0.008,12,0,1,1,0,2,1.11,saldo awal pengirim sangat ekstrem,1,0
PAYMENT,CASH_OUT · nominal besar,7,22938,3636,6.309,21,3,0,0,0,0,2.53,menguras hampir seluruh saldo,0,0
TRANSFER,PAYMENT · nominal kecil,7,301193,301193,1.0,15,4,1,0,1,2,3.2,saldo tujuan tidak konsisten secara logika,1,1
PAYMENT,PAYMENT · nominal kecil,9,28712,0,0.0,20,1,0,0,0,0,1.38,menguras hampir seluruh saldo,0,0
CASH_IN,CASH_OUT · nominal besar,29,159532,947,10.0,15,3,1,1,0,2,2.72,saldo tujuan sangat ekstrem,1,0
CASH_OUT,CASH_OUT · nominal besar,17,91715,13425,6.832,19,3,0,0,0,0,1.71,menguras hampir seluruh saldo,0,0
CASH_IN,CASH_IN · nominal sedang,10,110519,16198828,0.007,12,0,1,1,0,2,0.96,saldo awal pengirim sangat ekstrem,1,0
CASH_OUT,CASH_OUT · nominal besar,16,46351,0,0.0,11,2,0,0,0,0,1.33,menguras hampir seluruh saldo,0,0
CASH_OUT,CASH_OUT · nominal besar,8,5363595,5363595,1.0,12,3,1,1,0,2,3.89,nominal transaksi sangat ekstrem,1,1
TRANSFER,PAYMENT · nominal kecil,2,238718,238718,1.0,15,4,1,0,1,2,3.1,saldo tujuan tidak konsisten secara logika,1,1
PAYMENT,PAYMENT · nominal kecil,12,11789,181868,0.065,19,4,0,0,0,0,0.94,menguras hampir seluruh saldo,0,0
CASH_OUT,CASH_OUT · nominal besar,7,643775,0,0.0,12,2,1,1,0,2,1.24,saldo tujuan sangat ekstrem,1,0
CASH_IN,CASH_IN · nominal sedang,17,453607,9636777,0.047,22,0,1,1,0,2,1.85,saldo awal pengirim sangat ekstrem,1,0
TRANSFER,CASH_IN · nominal sedang,17,4160888,4160888,1.0,22,0,1,1,1,3,4.27,saldo tujuan tidak konsisten secara logika,1,1
CASH_OUT,CASH_OUT · nominal besar,15,1438738,1438738,1.0,22,3,1,0,0,1,3.91,nominal transaksi sangat ekstrem,0,1
CASH_IN,CASH_IN · nominal sedang,11,17750,6791292,0.003,12,0,1,0,0,1,1.4,saldo awal pengirim sangat ekstrem,0,0
CASH_IN,CASH_IN · nominal sedang,17,267580,9890381,0.027,17,0,1,1,0,2,0.82,saldo awal pengirim sangat ekstrem,1,0
TRANSFER,CASH_OUT · nominal besar,17,171991,105612,1.629,14,3,0,0,0,0,2.43,saldo tujuan sangat ekstrem,0,0
CASH_IN,CASH_IN · nominal sedang,22,101503,431989,0.235,22,0,1,0,0,1,1.6,menguras hampir seluruh saldo,0,0
TRANSFER,CASH_OUT · nominal besar,1,2114226,14368,10.0,11,3,1,1,1,3,2.88,nominal transaksi sangat ekstrem,1,0
CASH_OUT,CASH_OUT · nominal besar,6,63298,0,0.0,17,2,1,1,0,2,0.81,saldo tujuan sangat ekstrem,1,0
CASH_OUT,CASH_OUT · nominal besar,19,2040374,2040374,1.0,2,3,1,1,0,2,4.65,nominal transaksi sangat ekstrem,1,1
CASH_OUT,PAYMENT · nominal kecil,27,568918,568918,1.0,11,4,1,0,0,1,2.77,nominal transaksi sangat ekstrem,0,1
CASH_OUT,PAYMENT · nominal kecil,30,455387,455387,1.0,20,4,1,0,0,1,2.66,nominal transaksi sangat ekstrem,0,1
PAYMENT,PAYMENT · nominal kecil,7,36866,68010,0.542,23,4,0,0,0,0,1.93,menguras hampir seluruh saldo,0,0
TRANSFER,PAYMENT · nominal kecil,8,98635,98635,1.0,5,4,1,0,1,2,3.66,saldo pengirim tidak konsisten secara logika,1,1
TRANSFER,CASH_OUT · nominal besar,15,2189628,0,0.0,19,2,1,1,0,2,2.1,nominal transaksi sangat ekstrem,1,0
CASH_OUT,CASH_OUT · nominal besar,6,28067,163,10.0,19,3,1,0,0,1,2.19,menguras hampir seluruh saldo,0,0
CASH_OUT,CASH_OUT · nominal besar,13,124519,51981,2.395,14,3,0,0,0,0,1.67,saldo tujuan sangat ekstrem,0,0
CASH_OUT,CASH_OUT · nominal besar,10,35913,0,0.0,9,2,0,0,0,0,1.73,menguras hampir seluruh saldo,0,0
CASH_OUT,CASH_OUT · nominal besar,1,623258,66041,9.437,13,3,1,1,0,2,3.03,saldo tujuan sangat ekstrem,1,0
CASH_IN,CASH_IN · nominal sedang,1,113934,19008526,0.006,18,0,1,1,0,2,0.83,saldo awal pengirim sangat ekstrem,1,0
CASH_OUT,CASH_OUT · nominal besar,12,100514,75572,1.33,13,3,0,0,0,0,2.36,saldo tujuan sangat ekstrem,0,0
TRANSFER,CASH_OUT · nominal besar,14,2486981,0,0.0,15,2,1,1,0,2,2.0,nominal transaksi sangat ekstrem,1,0
PAYMENT,PAYMENT · nominal kecil,16,17207,26258,0.655,15,4,0,0,0,0,0.61,menguras hampir seluruh saldo,0,0
CASH_OUT,CASH_OUT · nominal besar,7,2118548,2118548,1.0,14,3,1,1,0,2,3.74,saldo tujuan sangat ekstrem,1,1
CASH_OUT,CASH_OUT · nominal besar,7,37891,0,0.0,13,2,1,1,0,2,2.63,saldo tujuan tidak konsisten secara logika,1,0
CASH_OUT,PAYMENT · nominal kecil,16,31316,31316,1.0,5,4,0,0,0,0,3.36,saldo tujuan sangat ekstrem,0,1
CASH_IN,CASH_IN · nominal sedang,11,273169,15296839,0.018,17,0,1,1,0,2,0.91,saldo awal pengirim sangat ekstrem,1,0
TRANSFER,CASH_OUT · nominal besar,15,3729094,0,0.0,14,2,1,1,0,2,2.21,nominal transaksi sangat ekstrem,1,0
CASH_OUT,PAYMENT · nominal kecil,24,55540,55540,1.0,7,4,0,0,0,0,2.95,saldo pengirim tidak konsisten secara logika,0,1
TRANSFER,CASH_OUT · nominal besar,13,723798,0,0.0,17,2,1,1,0,2,1.56,saldo tujuan sangat ekstrem,1,0
CASH_OUT,PAYMENT · nominal kecil,30,66941,66941,1.0,22,4,0,0,0,0,2.76,saldo pengirim tidak konsisten secara logika,0,1
CASH_OUT,CASH_IN · nominal sedang,7,1132312,1132312,1.0,20,0,1,0,0,1,3.34,nominal transaksi sangat ekstrem,0,1
CASH_OUT,PAYMENT · nominal kecil,13,160794,233882,0.688,20,4,1,1,0,2,3.08,saldo tujuan sangat ekstrem,1,0
CASH_IN,CASH_IN · nominal sedang,1,359386,3501166,0.103,21,0,1,0,0,1,1.54,saldo tujuan tidak konsisten secara logika,0,0
TRANSFER,CASH_OUT · nominal besar,14,3576760,55064,10.0,9,3,1,1,0,2,2.77,nominal transaksi sangat ekstrem,1,0
PAYMENT,PAYMENT · nominal kecil,16,11036,0,0.0,14,1,0,0,0,0,0.53,menguras hampir seluruh saldo,0,0
TRANSFER,CASH_OUT · nominal besar,10,3559951,7192,10.0,12,3,1,1,0,2,2.67,nominal transaksi sangat ekstrem,1,0
CASH_OUT,PAYMENT · nominal kecil,5,1273674,1273674,1.0,2,4,1,0,1,2,4.33,nominal transaksi sangat ekstrem,1,1
CASH_IN,CASH_IN · nominal sedang,1,169408,46323,3.657,15,0,1,0,0,1,1.04,menguras hampir seluruh saldo,0,0
CASH_OUT,CASH_OUT · nominal besar,1,204635,0,0.0,23,2,0,0,0,0,1.82,menguras hampir seluruh saldo,0,0
PAYMENT,PAYMENT · nominal kecil,2,87,200791,0.0,16,4,0,0,0,0,2.63,menguras hampir seluruh saldo,0,0
TRANSFER,CASH_IN · nominal sedang,21,732198,732198,1.0,2,0,1,0,1,2,4.71,saldo tujuan tidak konsisten secara logika,1,1
CASH_OUT,PAYMENT · nominal kecil,31,311832,311832,1.0,12,4,0,0,0,0,2.41,saldo pengirim tidak konsisten secara logika,0,1
CASH_OUT,PAYMENT · nominal kecil,1,121627,121627,1.0,16,4,0,0,0,0,2.44,saldo pengirim tidak konsisten secara logika,0,1
PAYMENT,PAYMENT · nominal kecil,6,995,661,1.505,20,1,0,0,0,0,2.09,saldo pengirim tidak konsisten secara logika,0,0
CASH_IN,CASH_IN · nominal sedang,16,258469,16416477,0.016,22,0,1,1,0,2,1.8,saldo awal pengirim sangat ekstrem,1,0
PAYMENT,PAYMENT · nominal kecil,10,14617,59118,0.247,21,4,0,0,0,0,1.36,menguras hampir seluruh saldo,0,0
CASH_OUT,CASH_OUT · nominal besar,13,17676,0,0.0,19,2,0,0,0,0,1.6,menguras hampir seluruh saldo,0,0
CASH_IN,CASH_IN · nominal sedang,14,251943,13473872,0.019,15,0,1,1,0,2,0.74,saldo awal pengirim sangat ekstrem,1,0
CASH_IN,CASH_IN · nominal sedang,6,191374,68319,2.801,12,0,1,0,0,1,2.16,saldo tujuan sangat ekstrem,0,0
CASH_OUT,CASH_OUT · nominal besar,2,85801,0,0.0,19,2,1,1,0,2,2.46,saldo tujuan sangat ekstrem,1,0
CASH_OUT,CASH_OUT · nominal besar,9,237492,0,0.0,12,2,1,1,0,2,0.97,saldo tujuan sangat ekstrem,1,0
PAYMENT,PAYMENT · nominal kecil,16,7691,0,0.0,11,1,0,0,0,0,1.07,menguras hampir seluruh saldo,0,0
TRANSFER,PAYMENT · nominal kecil,8,342675,342675,1.0,15,4,1,0,1,2,3.26,saldo tujuan tidak konsisten secara logika,1,1
TRANSFER,CASH_OUT · nominal besar,1,2118093,29602,10.0,11,3,1,1,0,2,2.26,nominal transaksi sangat ekstrem,1,0
CASH_OUT,CASH_OUT · nominal besar,6,185383,0,0.0,18,2,0,0,0,0,0.71,menguras hampir seluruh saldo,0,0
PAYMENT,PAYMENT · nominal kecil,13,10528,0,0.0,20,1,0,0,0,0,1.18,menguras hampir seluruh saldo,0,0
CASH_IN,CASH_IN · nominal sedang,16,62869,20961552,0.003,21,0,1,1,0,2,1.49,saldo awal pengirim sangat ekstrem,1,0
TRANSFER,CASH_OUT · nominal besar,14,1970615,221679,8.889,11,3,1,0,1,2,2.52,nominal transaksi sangat ekstrem,1,0
CASH_IN,CASH_IN · nominal sedang,24,248622,1007551,0.247,18,0,1,1,0,2,1.02,saldo tujuan sangat ekstrem,1,0
CASH_IN,CASH_IN · nominal sedang,13,151640,12197984,0.012,21,0,1,1,0,2,1.45,saldo awal pengirim sangat ekstrem,1,0
CASH_OUT,CASH_IN · nominal sedang,2,387952,387952,1.0,20,0,1,0,0,1,3.14,saldo tujuan tidak konsisten secara logika,0,1
TRANSFER,PAYMENT · nominal kecil,23,82764,82764,1.0,19,4,1,0,0,1,2.77,saldo pengirim tidak konsisten secara logika,0,1
CASH_OUT,PAYMENT · nominal kecil,5,105859,105859,1.0,0,4,0,0,0,0,4.36,saldo pengirim tidak konsisten secara logika,0,1
CASH_IN,CASH_IN · nominal sedang,1,166259,10115888,0.016,20,0,1,1,0,2,1.21,saldo awal pengirim sangat ekstrem,1,0
CASH_IN,CASH_IN · nominal sedang,16,293293,2027013,0.145,18,0,1,0,0,1,0.91,saldo tujuan tidak konsisten secara logika,0,0
PAYMENT,PAYMENT · nominal kecil,15,3299,11737,0.281,0,4,0,0,0,0,3.69,menguras hampir seluruh saldo,0,0
CASH_IN,CASH_IN · nominal sedang,7,56217,692590,0.081,20,0,1,0,0,1,1.18,menguras hampir seluruh saldo,0,0
CASH_OUT,PAYMENT · nominal kecil,24,972724,972724,1.0,19,4,1,0,0,1,2.95,nominal transaksi sangat ekstrem,0,1
CASH_OUT,CASH_OUT · nominal besar,7,312506,0,0.0,19,2,1,1,0,2,1.06,saldo tujuan sangat ekstrem,1,0
CASH_OUT,CASH_OUT · nominal besar,1,110234,0,0.0,14,2,0,0,0,0,0.5,menguras hampir seluruh saldo,0,0
CASH_OUT,PAYMENT · nominal kecil,21,25617,25617,1.0,11,4,0,0,0,0,2.51,saldo tujuan sangat ekstrem,0,1
PAYMENT,PAYMENT · nominal kecil,6,7098,0,0.0,10,1,0,0,0,0,1.29,menguras hampir seluruh saldo,0,0
CASH_OUT,PAYMENT · nominal kecil,22,159724,159724,1.0,9,4,0,0,0,0,3.0,saldo pengirim tidak konsisten secara logika,0,1
CASH_IN,CASH_IN · nominal sedang,12,229540,19979020,0.011,20,0,1,1,0,2,1.33,saldo awal pengirim sangat ekstrem,1,0
CASH_IN,CASH_IN · nominal sedang,1,467658,577866,0.809,22,0,1,0,0,1,1.81,saldo tujuan tidak konsisten secara logika,0,0
TRANSFER,CASH_IN · nominal sedang,13,1454357,1454357,1.0,2,0,1,1,1,3,4.81,saldo tujuan tidak konsisten secara logika,1,1
CASH_IN,CASH_IN · nominal sedang,13,7008,27056292,0.0,17,0,1,1,0,2,1.82,saldo awal pengirim sangat ekstrem,1,0
CASH_IN,CASH_IN · nominal sedang,11,138950,3904018,0.036,13,0,1,0,0,1,0.65,saldo awal pengirim sangat ekstrem,0,0
TRANSFER,CASH_OUT · nominal besar,7,711280,137,10.0,20,3,1,0,1,2,2.43,menguras hampir seluruh saldo,1,0
PAYMENT,PAYMENT · nominal kecil,1,2976,195,10.0,11,1,1,0,0,1,3.01,menguras hampir seluruh saldo,0,0
TRANSFER,CASH_OUT · nominal besar,1,427847,382473,1.119,14,3,0,0,0,0,2.45,nominal transaksi sangat ekstrem,0,0
CASH_IN,CASH_IN · nominal sedang,6,152443,19108904,0.008,20,0,1,1,0,2,1.25,saldo awal pengirim sangat ekstrem,1,0
PAYMENT,PAYMENT · nominal kecil,14,734,185812,0.004,19,4,0,0,0,0,1.7,menguras hampir seluruh saldo,0,0
CASH_OUT,PAYMENT · nominal kecil,15,299759,391986,0.765,18,4,1,0,0,1,3.08,menguras hampir seluruh saldo,0,0
CASH_IN,CASH_IN · nominal sedang,14,186204,18141156,0.01,23,0,1,1,0,2,1.95,saldo awal pengirim sangat ekstrem,1,0
CASH_OUT,PAYMENT · nominal kecil,12,199008,651844,0.305,15,4,1,0,0,1,2.08,menguras hampir seluruh saldo,0,0
CASH_OUT,PAYMENT · nominal kecil,31,59677,59677,1.0,12,4,0,0,0,0,2.51,saldo tujuan sangat ekstrem,0,1
TRANSFER,PAYMENT · nominal kecil,9,188658,188658,1.0,21,4,1,0,1,2,3.24,saldo pengirim tidak konsisten secara logika,1,1
TRANSFER,CASH_OUT · nominal besar,17,494958,24676,10.0,21,3,1,0,0,1,2.02,menguras hampir seluruh saldo,0,0
CASH_IN,CASH_IN · nominal sedang,9,135672,8570126,0.016,22,0,1,0,0,1,1.61,saldo awal pengirim sangat ekstrem,0,0
PAYMENT,PAYMENT · nominal kecil,8,14831,0,0.0,9,1,0,0,0,0,1.55,menguras hampir seluruh saldo,0,0
TRANSFER,PAYMENT · nominal kecil,19,14134,14134,1.0,16,4,1,0,0,1,2.16,saldo pengirim tidak konsisten secara logika,0,1
CASH_IN,CASH_OUT · nominal besar,1,246677,807,10.0,15,3,1,0,0,1,2.67,menguras hampir seluruh saldo,0,0
TRANSFER,PAYMENT · nominal kecil,1,241254,570960,0.423,14,4,1,1,1,3,3.79,saldo tujuan tidak konsisten secara logika,1,0
PAYMENT,PAYMENT · nominal kecil,24,8715,0,0.0,21,1,0,0,0,0,1.39,menguras hampir seluruh saldo,0,0
CASH_IN,CASH_IN · nominal sedang,7,193785,17361652,0.011,17,0,1,1,0,2,0.76,saldo awal pengirim sangat ekstrem,1,0
CASH_OUT,PAYMENT · nominal kecil,4,1534927,1534927,1.0,11,4,1,0,0,1,3.26,nominal transaksi sangat ekstrem,0,1
TRANSFER,PAYMENT · nominal kecil,11,110344,110344,1.0,1,4,1,0,1,2,4.36,saldo pengirim tidak konsisten secara logika,1,1
PAYMENT,PAYMENT · nominal kecil,13,12503,14561,0.859,15,4,0,0,0,0,0.59,menguras hampir seluruh saldo,0,0
TRANSFER,CASH_OUT · nominal besar,22,2486173,6916,10.0,18,3,1,1,0,2,2.51,nominal transaksi sangat ekstrem,1,0
CASH_OUT,PAYMENT · nominal kecil,1,43775,535097,0.082,21,4,1,0,0,1,2.43,menguras hampir seluruh saldo,0,0
CASH_OUT,CASH_OUT · nominal besar,1,76440,4381,10.0,17,3,1,0,0,1,1.21,menguras hampir seluruh saldo,0,0
TRANSFER,CASH_IN · nominal sedang,14,1031608,1031608,1.0,18,0,1,0,1,2,3.68,saldo tujuan tidak konsisten secara logika,1,1
TRANSFER,CASH_OUT · nominal besar,7,2034762,0,0.0,20,2,1,1,0,2,2.2,saldo tujuan sangat ekstrem,1,0
PAYMENT,PAYMENT · nominal kecil,17,1984,0,0.0,18,1,0,0,0,0,1.13,menguras hampir seluruh saldo,0,0
CASH_OUT,CASH_OUT · nominal besar,17,157796,103151,1.53,10,3,0,0,0,0,2.53,saldo tujuan sangat ekstrem,0,0
CASH_IN,CASH_OUT · nominal besar,11,221498,1583,10.0,13,3,1,0,0,1,2.61,menguras hampir seluruh saldo,0,0
PAYMENT,PAYMENT · nominal kecil,10,3404,57858,0.059,20,4,0,0,0,0,1.27,menguras hampir seluruh saldo,0,0
CASH_OUT,CASH_OUT · nominal besar,14,131049,0,0.0,12,2,0,0,0,0,0.87,menguras hampir seluruh saldo,0,0
PAYMENT,PAYMENT · nominal kecil,16,24516,49887,0.491,17,4,0,0,0,0,0.77,menguras hampir seluruh saldo,0,0
CASH_IN,CASH_IN · nominal sedang,8,117053,3458521,0.034,15,0,1,0,0,1,0.59,saldo tujuan sangat ekstrem,0,0
CASH_OUT,CASH_OUT · nominal besar,13,154521,0,0.0,17,2,0,0,0,0,0.51,menguras hampir seluruh saldo,0,0
CASH_OUT,CASH_OUT · nominal besar,2,43127,16670,2.587,19,3,0,0,0,0,2.03,saldo pengirim tidak konsisten secara logika,0,0
CASH_IN,CASH_IN · nominal sedang,14,150793,23575532,0.006,12,0,1,1,0,2,1.0,saldo awal pengirim sangat ekstrem,1,0
TRANSFER,CASH_OUT · nominal besar,15,2126738,23318,10.0,10,3,1,1,0,2,2.44,nominal transaksi sangat ekstrem,1,0
CASH_IN,CASH_IN · nominal sedang,1,555621,20262612,0.027,16,0,1,1,0,2,1.2,saldo awal pengirim sangat ekstrem,1,0
TRANSFER,CASH_OUT · nominal besar,16,5343235,12312,10.0,16,3,1,1,0,2,2.53,nominal transaksi sangat ekstrem,1,0
CASH_IN,CASH_IN · nominal sedang,20,83333,909601,0.092,10,0,1,0,0,1,1.26,menguras hampir seluruh saldo,0,0
PAYMENT,PAYMENT · nominal kecil,15,12875,0,0.0,13,1,0,0,0,0,0.72,menguras hampir seluruh saldo,0,0
CASH_IN,CASH_IN · nominal sedang,6,174422,22418052,0.008,13,0,1,1,0,2,0.94,saldo awal pengirim sangat ekstrem,1,0
DEBIT,CASH_IN · nominal sedang,1,1490,717,2.078,16,0,1,0,1,2,3.28,saldo tujuan tidak konsisten secara logika,1,0
TRANSFER,CASH_OUT · nominal besar,29,287599,186,10.0,15,3,1,1,0,2,1.93,saldo tujuan sangat ekstrem,1,0
TRANSFER,CASH_OUT · nominal besar,1,1298031,0,0.0,20,2,1,0,1,2,2.82,nominal transaksi sangat ekstrem,1,0
CASH_IN,CASH_IN · nominal sedang,13,277300,10232016,0.027,16,0,1,1,0,2,0.76,saldo awal pengirim sangat ekstrem,1,0
CASH_OUT,CASH_OUT · nominal besar,19,3653274,3653274,1.0,7,3,1,1,0,2,4.18,nominal transaksi sangat ekstrem,1,1
PAYMENT,PAYMENT · nominal kecil,7,7033,938557,0.007,18,4,1,0,0,1,0.87,menguras hampir seluruh saldo,0,0
TRANSFER,PAYMENT · nominal kecil,15,13774,13774,1.0,17,4,1,0,0,1,2.18,saldo pengirim tidak konsisten secara logika,0,1
CASH_IN,CASH_IN · nominal sedang,1,475981,9559612,0.05,10,0,1,1,0,2,1.62,saldo awal pengirim sangat ekstrem,1,0
CASH_OUT,CASH_OUT · nominal besar,15,330342,153287,2.155,12,3,0,0,0,0,2.07,saldo tujuan sangat ekstrem,0,0
TRANSFER,PAYMENT · nominal kecil,22,12805,12805,1.0,11,4,1,0,0,1,2.39,saldo pengirim tidak konsisten secara logika,0,1
CASH_OUT,CASH_OUT · nominal besar,13,175996,49898,3.527,10,3,1,1,0,2,2.09,saldo tujuan sangat ekstrem,1,0
CASH_OUT,PAYMENT · nominal kecil,12,558050,558050,1.0,20,4,1,0,0,1,3.68,nominal transaksi sangat ekstrem,0,1
DEBIT,CASH_OUT · nominal besar,12,2988,190,10.0,21,3,1,0,1,2,3.25,menguras hampir seluruh saldo,1,0
PAYMENT,PAYMENT · nominal kecil,8,20530,6973,2.944,16,1,0,0,0,0,1.7,saldo tujuan sangat ekstrem,0,0
CASH_OUT,CASH_OUT · nominal besar,6,227092,0,0.0,13,2,1,1,0,2,0.76,saldo tujuan sangat ekstrem,1,0
TRANSFER,CASH_OUT · nominal besar,11,520573,0,0.0,19,2,1,1,0,2,1.65,saldo tujuan sangat ekstrem,1,0
TRANSFER,CASH_IN · nominal sedang,25,697652,697652,1.0,23,0,1,0,1,2,3.97,saldo tujuan tidak konsisten secara logika,1,1
CASH_OUT,CASH_OUT · nominal besar,2,178788,0,0.0,15,2,1,0,0,1,2.27,saldo tujuan tidak konsisten secara logika,0,0
CASH_IN,CASH_OUT · nominal besar,17,231924,14655,10.0,10,3,1,0,0,1,2.72,menguras hampir seluruh saldo,0,0
CASH_OUT,CASH_OUT · nominal besar,6,38828,0,0.0,11,2,0,0,0,0,1.33,menguras hampir seluruh saldo,0,0
TRANSFER,CASH_OUT · nominal besar,13,2075270,0,0.0,10,2,1,1,0,2,2.28,saldo tujuan sangat ekstrem,1,0
CASH_OUT,PAYMENT · nominal kecil,15,373532,373532,1.0,3,4,0,0,0,0,3.95,saldo pengirim tidak konsisten secara logika,0,1
TRANSFER,PAYMENT · nominal kecil,22,59250,59250,1.0,18,4,1,0,0,1,2.6,saldo pengirim tidak konsisten secara logika,0,1
CASH_OUT,PAYMENT · nominal kecil,22,218350,218350,1.0,4,4,0,0,0,0,3.67,saldo pengirim tidak konsisten secara logika,0,1
CASH_IN,CASH_IN · nominal sedang,11,194213,8842573,0.022,14,0,1,0,0,1,0.67,saldo awal pengirim sangat ekstrem,0,0
CASH_OUT,CASH_OUT · nominal besar,1,223260,0,0.0,8,2,1,1,0,2,3.03,saldo tujuan tidak konsisten secara logika,1,0
TRANSFER,PAYMENT · nominal kecil,13,264058,264058,1.0,12,4,1,0,1,2,3.24,saldo tujuan tidak konsisten secara logika,1,1
TRANSFER,CASH_OUT · nominal besar,6,80885,13763,5.877,14,3,0,0,0,0,1.49,menguras hampir seluruh saldo,0,0
CASH_OUT,CASH_OUT · nominal besar,10,56178,0,0.0,16,2,1,1,0,2,0.78,saldo tujuan sangat ekstrem,1,0
CASH_OUT,PAYMENT · nominal kecil,11,4601,159181,0.029,12,4,0,0,0,0,1.5,menguras hampir seluruh saldo,0,0
CASH_OUT,CASH_OUT · nominal besar,6,89667,0,0.0,11,2,0,0,0,0,1.11,saldo tujuan sangat ekstrem,0,0
CASH_IN,CASH_IN · nominal sedang,1,79380,10972275,0.007,18,0,1,1,0,2,0.8,saldo awal pengirim sangat ekstrem,1,0
CASH_OUT,PAYMENT · nominal kecil,1,10539,10539,1.0,3,4,0,0,0,0,3.16,saldo pengirim tidak konsisten secara logika,0,1
CASH_OUT,CASH_OUT · nominal besar,4,3284198,3284198,1.0,2,3,1,1,0,2,4.77,nominal transaksi sangat ekstrem,1,1
CASH_IN,CASH_IN · nominal sedang,14,247985,1123268,0.221,18,0,1,0,0,1,0.92,saldo tujuan tidak konsisten secara logika,0,0
PAYMENT,PAYMENT · nominal kecil,11,14679,42538,0.345,15,4,0,0,0,0,0.54,menguras hampir seluruh saldo,0,0
PAYMENT,PAYMENT · nominal kecil,12,4965,79789,0.062,13,4,0,0,0,0,0.83,menguras hampir seluruh saldo,0,0
CASH_OUT,CASH_OUT · nominal besar,7,194392,0,0.0,15,2,1,0,0,1,2.02,saldo tujuan sangat ekstrem,0,0
CASH_OUT,CASH_OUT · nominal besar,1,72666,0,0.0,16,2,1,1,0,2,2.47,saldo tujuan tidak konsisten secara logika,1,0
CASH_IN,CASH_IN · nominal sedang,6,695725,1448061,0.48,10,0,1,1,0,2,1.82,saldo tujuan sangat ekstrem,1,0
CASH_OUT,PAYMENT · nominal kecil,8,179321,179321,1.0,18,4,0,0,0,0,2.09,saldo pengirim tidak konsisten secara logika,0,1
TRANSFER,PAYMENT · nominal kecil,30,6514,6514,1.0,16,4,1,0,0,1,2.08,saldo pengirim tidak konsisten secara logika,0,1
TRANSFER,PAYMENT · nominal kecil,17,40013,40013,1.0,22,4,1,0,0,1,2.83,saldo pengirim tidak konsisten secara logika,0,1
CASH_OUT,CASH_OUT · nominal besar,1,255518,158,10.0,13,3,1,0,0,1,1.8,menguras hampir seluruh saldo,0,0
CASH_IN,CASH_IN · nominal sedang,11,36436,15890387,0.002,17,0,1,1,0,2,0.99,saldo awal pengirim sangat ekstrem,1,0
CASH_OUT,CASH_OUT · nominal besar,13,305461,0,0.0,14,2,1,1,0,2,0.7,saldo tujuan sangat ekstrem,1,0
CASH_OUT,CASH_OUT · nominal besar,2,113565,0,0.0,20,2,0,0,0,0,1.14,menguras hampir seluruh saldo,0,0
CASH_IN,CASH_IN · nominal sedang,1,81848,14032149,0.006,13,0,1,1,0,2,0.75,saldo awal pengirim sangat ekstrem,1,0
PAYMENT,PAYMENT · nominal kecil,2,5324,0,0.0,18,1,0,0,0,0,0.8,menguras hampir seluruh saldo,0,0
CASH_OUT,PAYMENT · nominal kecil,17,1312947,1312947,1.0,5,4,1,0,0,1,4.13,nominal transaksi sangat ekstrem,0,1
TRANSFER,CASH_OUT · nominal besar,7,1779377,52159,10.0,11,3,1,0,1,2,3.22,nominal transaksi sangat ekstrem,1,0
CASH_OUT,CASH_OUT · nominal besar,2,367920,0,0.0,14,2,1,1,0,2,0.78,saldo tujuan sangat ekstrem,1,0
CASH_IN,CASH_IN · nominal sedang,2,58754,11436642,0.005,9,0,1,1,0,2,1.58,saldo awal pengirim sangat ekstrem,1,0
TRANSFER,CASH_OUT · nominal besar,9,252077,0,0.0,18,2,0,0,0,0,1.3,menguras hampir seluruh saldo,0,0
PAYMENT,PAYMENT · nominal kecil,1,40400,805855,0.05,11,4,1,0,0,1,1.46,menguras hampir seluruh saldo,0,0
CASH_IN,CASH_IN · nominal sedang,12,127416,22720392,0.006,20,0,1,1,0,2,1.23,saldo awal pengirim sangat ekstrem,1,0
PAYMENT,PAYMENT · nominal kecil,13,13026,30921,0.421,20,4,0,0,0,0,1.15,menguras hampir seluruh saldo,0,0
CASH_IN,CASH_IN · nominal sedang,10,316542,20142288,0.016,22,0,1,1,0,2,1.81,saldo awal pengirim sangat ekstrem,1,0
CASH_OUT,PAYMENT · nominal kecil,7,242179,242179,1.0,11,4,0,0,0,0,2.74,saldo pengirim tidak konsisten secara logika,0,1
TRANSFER,CASH_IN · nominal sedang,11,1950374,1950374,1.0,19,0,1,1,1,3,3.86,saldo tujuan tidak konsisten secara logika,1,1
TRANSFER,CASH_OUT · nominal besar,16,75659,49668,1.523,19,3,0,0,0,0,2.63,saldo tujuan sangat ekstrem,0,0
CASH_IN,CASH_IN · nominal sedang,15,140186,12913443,0.011,12,0,1,1,0,2,0.95,saldo awal pengirim sangat ekstrem,1,0
TRANSFER,CASH_OUT · nominal besar,7,527822,0,0.0,13,2,0,0,0,0,1.43,menguras hampir seluruh saldo,0,0
CASH_OUT,CASH_OUT · nominal besar,9,3640984,3640984,1.0,20,3,1,1,0,2,3.89,nominal transaksi sangat ekstrem,1,1
CASH_OUT,PAYMENT · nominal kecil,25,27244,62718,0.434,10,4,0,0,0,0,2.48,menguras hampir seluruh saldo,0,0
TRANSFER,PAYMENT · nominal kecil,30,158788,158788,1.0,8,4,1,0,1,2,3.4,saldo pengirim tidak konsisten secara logika,1,1
CASH_OUT,CASH_OUT · nominal besar,11,174003,21607,8.053,11,3,0,0,0,0,1.71,menguras hampir seluruh saldo,0,0
CASH_OUT,CASH_OUT · nominal besar,10,113431,0,0.0,20,2,0,0,0,0,1.17,menguras hampir seluruh saldo,0,0
CASH_OUT,CASH_OUT · nominal besar,11,95461,0,0.0,11,2,0,0,0,0,1.11,menguras hampir seluruh saldo,0,0
DEBIT,PAYMENT · nominal kecil,11,3526,30064,0.117,18,4,1,0,1,2,2.67,menguras hampir seluruh saldo,1,0
TRANSFER,CASH_OUT · nominal besar,15,3134582,0,0.0,12,2,1,1,0,2,2.24,nominal transaksi sangat ekstrem,1,0
CASH_IN,CASH_IN · nominal sedang,9,66041,14671218,0.005,9,0,1,1,0,2,1.58,saldo awal pengirim sangat ekstrem,1,0
CASH_IN,CASH_IN · nominal sedang,9,76526,25044696,0.003,17,0,1,1,0,2,0.8,saldo awal pengirim sangat ekstrem,1,0
CASH_OUT,CASH_OUT · nominal besar,2,181374,0,0.0,10,2,1,0,0,1,2.55,saldo tujuan tidak konsisten secara logika,0,0
PAYMENT,PAYMENT · nominal kecil,8,22153,99916,0.222,9,4,0,0,0,0,1.65,menguras hampir seluruh saldo,0,0
CASH_OUT,CASH_OUT · nominal besar,13,261670,14732,10.0,10,3,1,0,0,1,1.73,menguras hampir seluruh saldo,0,0
CASH_IN,CASH_IN · nominal sedang,17,3859,11114065,0.0,14,0,1,1,0,2,2.12,saldo awal pengirim sangat ekstrem,1,0
CASH_OUT,CASH_OUT · nominal besar,13,10000000,10000000,1.0,15,3,1,1,0,2,4.04,nominal transaksi sangat ekstrem,1,1
CASH_OUT,CASH_OUT · nominal besar,7,229303,14601,10.0,10,3,1,0,0,1,1.96,menguras hampir seluruh saldo,0,0
CASH_IN,CASH_IN · nominal sedang,1,726909,18183298,0.04,19,0,1,1,0,2,1.58,saldo awal pengirim sangat ekstrem,1,0
CASH_IN,CASH_OUT · nominal besar,6,208629,7550,10.0,17,3,1,1,0,2,2.64,saldo tujuan sangat ekstrem,1,0
PAYMENT,PAYMENT · nominal kecil,15,2605,0,0.0,19,1,0,0,0,0,1.18,menguras hampir seluruh saldo,0,0
PAYMENT,PAYMENT · nominal kecil,6,20419,0,0.0,15,1,0,0,0,0,0.67,menguras hampir seluruh saldo,0,0
PAYMENT,PAYMENT · nominal kecil,17,15586,12256,1.272,19,1,0,0,0,0,1.84,saldo pengirim tidak konsisten secara logika,0,0
CASH_OUT,CASH_OUT · nominal besar,7,288749,0,0.0,20,2,0,0,0,0,1.19,menguras hampir seluruh saldo,0,0
CASH_IN,CASH_IN · nominal sedang,8,345597,12635977,0.027,20,0,1,1,0,2,1.41,saldo awal pengirim sangat ekstrem,1,0
PAYMENT,PAYMENT · nominal kecil,7,24580,32974,0.745,10,4,0,0,0,0,1.47,menguras hampir seluruh saldo,0,0
CASH_OUT,PAYMENT · nominal kecil,25,10000000,10000000,1.0,10,4,1,1,0,2,4.3,nominal transaksi sangat ekstrem,1,1
PAYMENT,PAYMENT · nominal kecil,15,14260,80814,0.176,22,4,0,0,0,0,1.58,menguras hampir seluruh saldo,0,0
CASH_IN,CASH_IN · nominal sedang,15,232037,3472263,0.067,20,0,1,1,0,2,1.35,saldo tujuan sangat ekstrem,1,0
TRANSFER,CASH_OUT · nominal besar,1,3092756,0,0.0,17,2,1,1,0,2,2.13,nominal transaksi sangat ekstrem,1,0
CASH_IN,CASH_IN · nominal sedang,8,109248,28852886,0.004,19,0,1,1,0,2,1.07,saldo awal pengirim sangat ekstrem,1,0
TRANSFER,PAYMENT · nominal kecil,31,303847,303847,1.0,22,4,1,0,1,2,3.53,saldo tujuan tidak konsisten secara logika,1,1
TRANSFER,PAYMENT · nominal kecil,2,265112,858983,0.309,11,4,1,0,1,2,3.55,saldo tujuan tidak konsisten secara logika,1,0
CASH_OUT,PAYMENT · nominal kecil,2,122033,122033,1.0,11,4,0,0,0,0,2.12,saldo pengirim tidak konsisten secara logika,0,1
PAYMENT,PAYMENT · nominal kecil,16,6277,0,0.0,14,1,0,0,0,0,0.54,menguras hampir seluruh saldo,0,0
TRANSFER,PAYMENT · nominal kecil,4,87999,87999,1.0,23,4,1,0,1,2,3.18,saldo pengirim tidak konsisten secara logika,1,1
PAYMENT,PAYMENT · nominal kecil,9,9276,40971,0.226,11,4,0,0,0,0,1.15,menguras hampir seluruh saldo,0,0
TRANSFER,CASH_OUT · nominal besar,8,1680651,202820,8.286,10,3,1,1,1,3,3.5,saldo tujuan tidak konsisten secara logika,1,0
CASH_OUT,PAYMENT · nominal kecil,25,1583,1583,1.0,7,4,0,0,0,0,3.08,saldo pengirim tidak konsisten secara logika,0,1
PAYMENT,PAYMENT · nominal kecil,11,3050,20172,0.151,23,4,0,0,0,0,1.91,menguras hampir seluruh saldo,0,0
CASH_OUT,CASH_OUT · nominal besar,22,227070,49502,4.587,14,3,0,0,0,0,1.21,menguras hampir seluruh saldo,0,0
CASH_IN,CASH_IN · nominal sedang,2,130894,24150340,0.005,19,0,1,1,0,2,1.1,saldo awal pengirim sangat ekstrem,1,0
CASH_IN,CASH_IN · nominal sedang,6,166167,24278178,0.007,11,0,1,1,0,2,1.19,saldo awal pengirim sangat ekstrem,1,0
CASH_IN,CASH_IN · nominal sedang,23,366385,9822447,0.037,16,0,1,1,0,2,0.89,saldo awal pengirim sangat ekstrem,1,0
CASH_OUT,PAYMENT · nominal kecil,2,13172,13172,1.0,23,4,0,0,0,0,2.12,saldo pengirim tidak konsisten secara logika,0,1
CASH_IN,CASH_IN · nominal sedang,12,157019,15198443,0.01,19,0,1,1,0,2,1.07,saldo awal pengirim sangat ekstrem,1,0
PAYMENT,PAYMENT · nominal kecil,13,988,0,0.0,11,1,0,0,0,0,1.65,menguras hampir seluruh saldo,0,0
PAYMENT,PAYMENT · nominal kecil,7,7861,43411,0.181,21,4,0,0,0,0,1.35,menguras hampir seluruh saldo,0,0
CASH_OUT,CASH_OUT · nominal besar,2,130044,11141,10.0,15,3,1,0,0,1,1.26,menguras hampir seluruh saldo,0,0
CASH_OUT,CASH_OUT · nominal besar,10,219319,0,0.0,0,2,1,1,0,2,3.58,saldo tujuan sangat ekstrem,1,0
PAYMENT,PAYMENT · nominal kecil,13,6932,7135,0.972,0,4,0,0,0,0,3.66,saldo pengirim tidak konsisten secara logika,0,0
CASH_IN,CASH_IN · nominal sedang,15,84555,4960420,0.017,14,0,1,0,0,1,0.74,saldo tujuan sangat ekstrem,0,0
CASH_OUT,PAYMENT · nominal kecil,11,36439,63988,0.569,14,4,0,0,0,0,1.43,menguras hampir seluruh saldo,0,0
PAYMENT,PAYMENT · nominal kecil,1,9270,21568,0.43,16,4,0,0,0,0,0.52,menguras hampir seluruh saldo,0,0
TRANSFER,CASH_OUT · nominal besar,15,2595091,0,0.0,16,2,1,1,0,2,2.01,nominal transaksi sangat ekstrem,1,0
CASH_IN,CASH_IN · nominal sedang,13,69836,2683791,0.026,16,0,1,0,0,1,0.41,saldo awal pengirim sangat ekstrem,0,0
PAYMENT,PAYMENT · nominal kecil,2,8668,0,0.0,20,1,0,0,0,0,1.17,menguras hampir seluruh saldo,0,0
PAYMENT,PAYMENT · nominal kecil,7,10837,2136,5.074,23,1,0,0,0,0,2.54,menguras hampir seluruh saldo,0,0
TRANSFER,CASH_OUT · nominal besar,1,85299,3728,10.0,16,3,1,0,0,1,1.6,menguras hampir seluruh saldo,0,0
PAYMENT,PAYMENT · nominal kecil,1,9133,10728,0.851,13,4,0,0,0,0,0.84,menguras hampir seluruh saldo,0,0
CASH_OUT,CASH_OUT · nominal besar,17,149453,35630,4.195,13,3,1,1,0,2,1.66,saldo tujuan sangat ekstrem,1,0
PAYMENT,PAYMENT · nominal kecil,13,28944,121980,0.237,11,4,0,0,0,0,1.3,menguras hampir seluruh saldo,0,0
CASH_OUT,CASH_OUT · nominal besar,6,128887,181,10.0,23,3,1,0,0,1,2.23,menguras hampir seluruh saldo,0,0
CASH_IN,CASH_IN · nominal sedang,14,57970,3814698,0.015,20,0,1,1,0,2,1.35,saldo tujuan sangat ekstrem,1,0
CASH_OUT,CASH_OUT · nominal besar,12,41382,14761,2.804,17,3,0,0,0,0,2.15,saldo tujuan sangat ekstrem,0,0
CASH_OUT,PAYMENT · nominal kecil,14,81916,149531,0.548,12,4,0,0,0,0,2.28,menguras hampir seluruh saldo,0,0
CASH_OUT,CASH_OUT · nominal besar,14,98154,55385,1.772,12,3,0,0,0,0,1.97,saldo tujuan sangat ekstrem,0,0
TRANSFER,CASH_IN · nominal sedang,30,6512846,6512846,1.0,21,0,1,1,1,3,4.33,saldo tujuan tidak konsisten secara logika,1,1
CASH_IN,CASH_IN · nominal sedang,1,91974,2631578,0.035,19,0,1,0,0,1,0.9,saldo awal pengirim sangat ekstrem,0,0
CASH_OUT,CASH_OUT · nominal besar,6,172850,0,0.0,20,2,0,0,0,0,1.13,menguras hampir seluruh saldo,0,0
TRANSFER,CASH_IN · nominal sedang,27,3092086,3092086,1.0,19,0,1,1,1,3,3.99,saldo tujuan tidak konsisten secara logika,1,1
CASH_OUT,CASH_OUT · nominal besar,1,119673,22826,5.243,18,3,1,1,0,2,2.95,saldo tujuan tidak konsisten secara logika,1,0
CASH_OUT,CASH_OUT · nominal besar,17,257931,71400,3.612,19,3,1,1,0,2,2.02,saldo tujuan sangat ekstrem,1,0
TRANSFER,CASH_OUT · nominal besar,14,649536,19,10.0,20,3,1,0,1,2,2.53,menguras hampir seluruh saldo,1,0
CASH_OUT,PAYMENT · nominal kecil,6,78810,78810,1.0,22,4,0,0,0,0,2.77,saldo pengirim tidak konsisten secara logika,0,1
CASH_OUT,PAYMENT · nominal kecil,15,57934,137096,0.423,18,4,1,0,0,1,2.49,saldo tujuan sangat ekstrem,0,0
CASH_IN,CASH_IN · nominal sedang,16,303098,9217119,0.033,19,0,1,0,0,1,1.2,saldo awal pengirim sangat ekstrem,0,0
CASH_IN,CASH_OUT · nominal besar,1,98173,2092410,0.047,10,3,1,0,0,1,3.91,saldo tujuan tidak konsisten secara logika,0,0
PAYMENT,PAYMENT · nominal kecil,17,6158,0,0.0,10,1,0,0,0,0,1.3,menguras hampir seluruh saldo,0,0
CASH_IN,CASH_IN · nominal sedang,15,281388,10949086,0.026,16,0,1,1,0,2,0.8,saldo awal pengirim sangat ekstrem,1,0
TRANSFER,CASH_OUT · nominal besar,6,850515,20314,10.0,11,3,1,0,0,1,2.79,menguras hampir seluruh saldo,0,0
CASH_OUT,CASH_OUT · nominal besar,13,253783,80338,3.159,9,3,0,0,0,0,2.38,saldo tujuan sangat ekstrem,0,0
TRANSFER,CASH_OUT · nominal besar,17,527200,0,0.0,13,2,1,1,0,2,1.55,saldo tujuan sangat ekstrem,1,0
PAYMENT,PAYMENT · nominal kecil,11,16265,0,0.0,22,1,0,0,0,0,1.66,menguras hampir seluruh saldo,0,0
CASH_OUT,PAYMENT · nominal kecil,21,1214512,1214512,1.0,13,4,1,0,0,1,3.02,nominal transaksi sangat ekstrem,0,1
CASH_IN,CASH_IN · nominal sedang,14,39643,5448760,0.007,19,0,1,0,0,1,1.11,saldo awal pengirim sangat ekstrem,0,0
TRANSFER,CASH_OUT · nominal besar,1,449492,131524,3.418,14,3,1,0,1,2,3.17,saldo tujuan tidak konsisten secara logika,1,0
CASH_IN,CASH_IN · nominal sedang,2,201204,10163354,0.02,15,0,1,1,0,2,0.64,saldo awal pengirim sangat ekstrem,1,0
CASH_IN,CASH_OUT · nominal besar,13,160679,732741,0.219,11,3,1,1,0,2,3.81,saldo tujuan tidak konsisten secara logika,1,0
CASH_IN,CASH_OUT · nominal besar,13,168288,11242,10.0,23,3,1,1,0,2,3.15,saldo tujuan sangat ekstrem,1,0
PAYMENT,PAYMENT · nominal kecil,9,21290,0,0.0,13,1,0,0,0,0,0.87,menguras hampir seluruh saldo,0,0
TRANSFER,CASH_OUT · nominal besar,15,2140382,59846,10.0,10,3,1,1,0,2,2.4,nominal transaksi sangat ekstrem,1,0
CASH_OUT,PAYMENT · nominal kecil,18,396757,396757,1.0,15,4,0,0,0,0,2.77,nominal transaksi sangat ekstrem,0,1
TRANSFER,CASH_OUT · nominal besar,13,2672448,51448,10.0,13,3,1,1,0,2,2.52,nominal transaksi sangat ekstrem,1,0
TRANSFER,CASH_OUT · nominal besar,7,3079006,10748,10.0,11,3,1,1,0,2,2.68,nominal transaksi sangat ekstrem,1,0
TRANSFER,CASH_OUT · nominal besar,16,2406687,0,0.0,15,2,1,1,0,2,1.97,nominal transaksi sangat ekstrem,1,0
TRANSFER,PAYMENT · nominal kecil,21,326053,326053,1.0,8,4,1,0,1,2,3.68,saldo tujuan tidak konsisten secara logika,1,1
CASH_OUT,PAYMENT · nominal kecil,21,580387,580387,1.0,11,4,1,0,0,1,3.29,nominal transaksi sangat ekstrem,0,1
CASH_IN,CASH_IN · nominal sedang,2,80419,21994408,0.004,10,0,1,1,0,2,1.43,saldo awal pengirim sangat ekstrem,1,0
PAYMENT,PAYMENT · nominal kecil,8,888,0,0.0,9,1,0,0,0,0,2.0,menguras hampir seluruh saldo,0,0
TRANSFER,PAYMENT · nominal kecil,16,60450,60450,1.0,2,4,1,0,1,2,4.04,saldo pengirim tidak konsisten secara logika,1,1
PAYMENT,PAYMENT · nominal kecil,7,1771,151714,0.012,12,4,0,0,0,0,1.33,menguras hampir seluruh saldo,0,0
CASH_IN,CASH_IN · nominal sedang,13,434695,22511316,0.019,21,0,1,1,0,2,1.67,saldo awal pengirim sangat ekstrem,1,0
TRANSFER,CASH_IN · nominal sedang,18,2425164,2425164,1.0,4,0,1,1,1,3,4.64,saldo tujuan tidak konsisten secara logika,1,1
CASH_OUT,PAYMENT · nominal kecil,28,619502,619502,1.0,12,4,1,0,0,1,3.34,saldo tujuan sangat ekstrem,0,1
CASH_OUT,PAYMENT · nominal kecil,22,12805,12805,1.0,11,4,0,0,0,0,2.11,saldo pengirim tidak konsisten secara logika,0,1
CASH_IN,CASH_IN · nominal sedang,9,88735,21745690,0.004,17,0,1,1,0,2,0.84,saldo awal pengirim sangat ekstrem,1,0
TRANSFER,CASH_IN · nominal sedang,4,9039247,9039247,1.0,5,0,1,1,1,3,4.87,saldo tujuan tidak konsisten secara logika,1,1
CASH_OUT,CASH_OUT · nominal besar,9,177089,0,0.0,19,2,1,0,0,1,2.39,menguras hampir seluruh saldo,0,0
CASH_OUT,CASH_OUT · nominal besar,6,204641,64219,3.187,14,3,1,1,0,2,1.87,saldo tujuan sangat ekstrem,1,0
CASH_IN,CASH_IN · nominal sedang,1,47653,19502978,0.002,20,0,1,1,0,2,1.34,saldo awal pengirim sangat ekstrem,1,0
CASH_IN,CASH_IN · nominal sedang,8,211862,30538738,0.007,10,0,1,1,0,2,1.55,saldo awal pengirim sangat ekstrem,1,0
CASH_IN,CASH_IN · nominal sedang,2,127080,11380414,0.011,21,0,1,1,0,2,1.42,saldo awal pengirim sangat ekstrem,1,0
CASH_OUT,CASH_OUT · nominal besar,1,40311,0,0.0,17,2,0,0,0,0,0.93,menguras hampir seluruh saldo,0,0
TRANSFER,CASH_OUT · nominal besar,7,1319669,0,0.0,12,2,1,0,0,1,1.85,nominal transaksi sangat ekstrem,0,0
CASH_IN,CASH_IN · nominal sedang,8,180450,18160984,0.01,19,0,1,1,0,2,1.1,saldo awal pengirim sangat ekstrem,1,0
TRANSFER,CASH_IN · nominal sedang,16,902484,902484,1.0,7,0,1,0,1,2,4.08,saldo tujuan tidak konsisten secara logika,1,1
TRANSFER,CASH_OUT · nominal besar,1,2561259,17213,10.0,9,3,1,1,1,3,3.34,nominal transaksi sangat ekstrem,1,0
CASH_IN,CASH_IN · nominal sedang,14,150683,11962145,0.013,20,0,1,1,0,2,1.2,saldo awal pengirim sangat ekstrem,1,0
TRANSFER,CASH_OUT · nominal besar,2,965221,146848,6.573,17,3,1,0,1,2,3.11,nominal transaksi sangat ekstrem,1,0
CASH_OUT,CASH_OUT · nominal besar,8,175455,11340,10.0,21,3,1,1,0,2,2.0,saldo tujuan sangat ekstrem,1,0
CASH_IN,CASH_IN · nominal sedang,27,110636,2561999,0.043,16,0,1,1,0,2,0.64,saldo tujuan sangat ekstrem,1,0
TRANSFER,CASH_OUT · nominal besar,9,2768930,0,0.0,14,2,1,1,0,2,2.06,nominal transaksi sangat ekstrem,1,0
CASH_IN,CASH_IN · nominal sedang,14,92017,15011734,0.006,13,0,1,1,0,2,0.75,saldo awal pengirim sangat ekstrem,1,0
PAYMENT,PAYMENT · nominal kecil,21,7078,0,0.0,10,1,0,0,0,0,1.29,menguras hampir seluruh saldo,0,0
CASH_OUT,CASH_OUT · nominal besar,30,9749043,9749043,1.0,22,3,1,1,0,2,4.33,nominal transaksi sangat ekstrem,1,1
TRANSFER,CASH_IN · nominal sedang,19,10000000,10585396,0.945,0,0,1,1,1,3,5.56,saldo tujuan tidak konsisten secara logika,1,1
CASH_IN,CASH_IN · nominal sedang,17,259143,2351085,0.11,22,0,1,1,0,2,1.78,saldo tujuan sangat ekstrem,1,0
PAYMENT,PAYMENT · nominal kecil,13,22593,52202,0.433,18,4,0,0,0,0,0.87,menguras hampir seluruh saldo,0,0
TRANSFER,CASH_OUT · nominal besar,14,10000000,492,10.0,15,3,1,1,1,3,3.96,nominal transaksi sangat ekstrem,1,0
TRANSFER,CASH_OUT · nominal besar,1,1096859,10167,10.0,14,3,1,0,1,2,2.79,menguras hampir seluruh saldo,1,0
PAYMENT,PAYMENT · nominal kecil,28,53192,419848,0.127,22,4,0,0,0,0,1.85,menguras hampir seluruh saldo,0,0
TRANSFER,CASH_OUT · nominal besar,16,513305,0,0.0,14,2,0,0,0,0,1.36,saldo tujuan sangat ekstrem,0,0
CASH_IN,CASH_IN · nominal sedang,15,67301,10965173,0.006,15,0,1,1,0,2,0.57,saldo awal pengirim sangat ekstrem,1,0
CASH_OUT,CASH_OUT · nominal besar,9,104040,37854,2.748,21,3,0,0,0,0,2.1,saldo awal pengirim sangat ekstrem,0,0
PAYMENT,PAYMENT · nominal kecil,1,30256,120360,0.251,16,4,0,0,0,0,0.79,menguras hampir seluruh saldo,0,0
TRANSFER,CASH_OUT · nominal besar,17,3001352,45410,10.0,21,3,1,1,0,2,2.71,nominal transaksi sangat ekstrem,1,0
PAYMENT,PAYMENT · nominal kecil,13,15687,11474,1.367,9,1,0,0,0,0,2.17,saldo pengirim tidak konsisten secara logika,0,0
CASH_IN,CASH_IN · nominal sedang,7,130079,15129385,0.009,18,0,1,1,0,2,0.82,saldo awal pengirim sangat ekstrem,1,0
CASH_IN,CASH_IN · nominal sedang,1,372182,24123254,0.015,10,0,1,1,0,2,1.58,saldo awal pengirim sangat ekstrem,1,0
CASH_IN,CASH_IN · nominal sedang,15,105346,10627204,0.01,17,0,1,1,0,2,0.63,saldo awal pengirim sangat ekstrem,1,0
CASH_OUT,CASH_OUT · nominal besar,14,219409,0,0.0,11,2,0,0,0,0,1.07,menguras hampir seluruh saldo,0,0
CASH_OUT,CASH_OUT · nominal besar,2,75091,14422,5.207,20,3,0,0,0,0,1.56,menguras hampir seluruh saldo,0,0
CASH_OUT,CASH_OUT · nominal besar,16,182482,10713,10.0,15,3,1,0,0,1,1.03,menguras hampir seluruh saldo,0,0
CASH_OUT,PAYMENT · nominal kecil,11,29280,29280,1.0,18,4,0,0,0,0,1.87,saldo pengirim tidak konsisten secara logika,0,1
CASH_IN,CASH_IN · nominal sedang,1,105056,12927708,0.008,13,0,1,1,0,2,0.81,saldo awal pengirim sangat ekstrem,1,0
CASH_IN,CASH_IN · nominal sedang,6,23211,15855899,0.001,18,0,1,1,0,2,1.24,saldo awal pengirim sangat ekstrem,1,0
TRANSFER,CASH_OUT · nominal besar,13,840582,47008,10.0,12,3,1,0,0,1,1.97,menguras hampir seluruh saldo,0,0
CASH_OUT,CASH_OUT · nominal besar,6,83469,49416,1.689,11,3,1,1,0,2,2.36,saldo tujuan sangat ekstrem,1,0
CASH_OUT,PAYMENT · nominal kecil,17,157126,301624,0.521,18,4,0,0,0,0,2.36,menguras hampir seluruh saldo,0,0
CASH_IN,CASH_IN · nominal sedang,8,151317,11319945,0.013,17,0,1,1,0,2,0.65,saldo awal pengirim sangat ekstrem,1,0
CASH_OUT,CASH_IN · nominal sedang,2,40458,40458,1.0,10,0,1,0,0,1,3.2,saldo tujuan tidak konsisten secara logika,0,1
TRANSFER,PAYMENT · nominal kecil,3,385557,385557,1.0,17,4,1,0,1,2,3.33,saldo tujuan tidak konsisten secara logika,1,1
TRANSFER,CASH_IN · nominal sedang,27,10000000,50399044,0.198,22,0,1,1,1,3,4.59,saldo tujuan tidak konsisten secara logika,1,1
PAYMENT,PAYMENT · nominal kecil,1,775,1136,0.682,4,4,0,0,0,0,3.14,menguras hampir seluruh saldo,0,0
CASH_OUT,CASH_OUT · nominal besar,8,386607,50386,7.673,16,3,0,0,0,0,0.94,menguras hampir seluruh saldo,0,0
CASH_OUT,CASH_OUT · nominal besar,7,255508,38162,6.695,17,3,1,0,0,1,1.3,saldo tujuan sangat ekstrem,0,0
CASH_OUT,CASH_OUT · nominal besar,14,142422,0,0.0,22,2,0,0,0,0,1.58,menguras hampir seluruh saldo,0,0
CASH_IN,CASH_IN · nominal sedang,15,38659,10713498,0.004,19,0,1,1,0,2,1.17,saldo awal pengirim sangat ekstrem,1,0
CASH_OUT,PAYMENT · nominal kecil,10,309959,309959,1.0,19,4,1,0,0,1,3.08,saldo pengirim tidak konsisten secara logika,0,1
CASH_OUT,PAYMENT · nominal kecil,23,624686,624686,1.0,8,4,1,0,0,1,3.44,nominal transaksi sangat ekstrem,0,1
CASH_OUT,PAYMENT · nominal kecil,9,28120,103090,0.273,9,4,0,0,0,0,2.6,menguras hampir seluruh saldo,0,0
CASH_OUT,PAYMENT · nominal kecil,4,2149977,2149977,1.0,5,4,1,1,0,2,4.07,nominal transaksi sangat ekstrem,1,1
CASH_OUT,CASH_OUT · nominal besar,2,217871,30308,7.189,12,3,0,0,0,0,1.15,menguras hampir seluruh saldo,0,0
CASH_OUT,CASH_OUT · nominal besar,10,42613,40709,1.047,16,2,1,1,0,2,2.48,saldo tujuan sangat ekstrem,1,0
CASH_IN,CASH_IN · nominal sedang,1,19735,17570628,0.001,11,0,1,1,0,2,1.6,saldo awal pengirim sangat ekstrem,1,0
CASH_IN,CASH_IN · nominal sedang,6,7974,10230516,0.001,13,0,1,1,0,2,1.75,saldo awal pengirim sangat ekstrem,1,0
TRANSFER,CASH_OUT · nominal besar,14,1450618,0,0.0,13,2,1,0,0,1,1.81,nominal transaksi sangat ekstrem,0,0
TRANSFER,CASH_OUT · nominal besar,13,2156104,26418,10.0,11,3,1,1,0,2,2.23,nominal transaksi sangat ekstrem,1,0
CASH_OUT,CASH_OUT · nominal besar,8,263890,0,0.0,17,2,0,0,0,0,0.59,menguras hampir seluruh saldo,0,0
PAYMENT,CASH_OUT · nominal besar,9,13178,811,10.0,12,3,1,0,0,1,2.54,menguras hampir seluruh saldo,0,0
CASH_OUT,CASH_OUT · nominal besar,6,280937,71380,3.936,16,3,0,0,0,0,1.31,menguras hampir seluruh saldo,0,0
CASH_IN,CASH_IN · nominal sedang,15,240354,19328090,0.012,20,0,1,1,0,2,1.33,saldo awal pengirim sangat ekstrem,1,0
CASH_OUT,CASH_OUT · nominal besar,13,77619,0,0.0,13,2,0,0,0,0,0.76,menguras hampir seluruh saldo,0,0
CASH_OUT,PAYMENT · nominal kecil,14,786573,786573,1.0,0,4,1,0,1,2,4.52,nominal transaksi sangat ekstrem,1,1
TRANSFER,CASH_OUT · nominal besar,13,9063021,0,0.0,17,2,1,1,0,2,2.69,nominal transaksi sangat ekstrem,1,0
CASH_OUT,PAYMENT · nominal kecil,20,417620,417620,1.0,17,4,0,0,0,0,2.44,nominal transaksi sangat ekstrem,0,1
CASH_OUT,CASH_OUT · nominal besar,7,92768,18872,4.916,12,3,1,1,0,2,1.68,saldo tujuan sangat ekstrem,1,0
CASH_OUT,PAYMENT · nominal kecil,13,172344,172344,1.0,7,4,0,0,0,0,2.81,saldo pengirim tidak konsisten secara logika,0,1
CASH_OUT,CASH_OUT · nominal besar,2,31977,12224,2.616,22,3,0,0,0,0,2.47,saldo pengirim tidak konsisten secara logika,0,0
TRANSFER,CASH_IN · nominal sedang,12,1998328,1998328,1.0,6,0,1,1,1,3,4.35,saldo tujuan tidak konsisten secara logika,1,1
TRANSFER,CASH_OUT · nominal besar,14,1785764,0,0.0,13,2,1,1,0,2,1.93,saldo tujuan sangat ekstrem,1,0
CASH_OUT,CASH_OUT · nominal besar,9,38243,8768,4.362,16,3,0,0,0,0,1.89,menguras hampir seluruh saldo,0,0
CASH_IN,CASH_IN · nominal sedang,16,217667,3760081,0.058,19,0,1,0,0,1,1.0,saldo awal pengirim sangat ekstrem,0,0
CASH_IN,CASH_IN · nominal sedang,6,240878,10965110,0.022,20,0,1,1,0,2,1.28,saldo awal pengirim sangat ekstrem,1,0
CASH_OUT,CASH_OUT · nominal besar,14,208149,199893,1.041,9,3,0,0,0,0,2.82,saldo tujuan sangat ekstrem,0,0
TRANSFER,CASH_IN · nominal sedang,9,927620,927620,1.0,20,0,1,0,1,2,3.76,saldo tujuan tidak konsisten secara logika,1,1
PAYMENT,PAYMENT · nominal kecil,13,17695,161247,0.11,10,4,0,0,0,0,1.41,menguras hampir seluruh saldo,0,0
CASH_OUT,CASH_OUT · nominal besar,1,61552,0,0.0,11,2,1,1,0,2,2.66,saldo tujuan tidak konsisten secara logika,1,0
CASH_OUT,CASH_OUT · nominal besar,7,676920,5163,10.0,13,3,1,0,0,1,1.83,menguras hampir seluruh saldo,0,0
TRANSFER,CASH_OUT · nominal besar,2,288590,167238,1.726,17,3,1,0,1,2,3.48,saldo tujuan tidak konsisten secara logika,1,0
CASH_OUT,CASH_OUT · nominal besar,17,204594,0,0.0,17,2,0,0,0,0,0.56,menguras hampir seluruh saldo,0,0
PAYMENT,PAYMENT · nominal kecil,1,15338,7453,2.058,16,1,0,0,0,0,1.59,saldo tujuan sangat ekstrem,0,0
TRANSFER,CASH_IN · nominal sedang,17,4257338,4257338,1.0,18,0,1,1,1,3,4.04,saldo tujuan tidak konsisten secara logika,1,1
TRANSFER,CASH_OUT · nominal besar,1,1704001,0,0.0,17,2,1,0,1,2,2.61,nominal transaksi sangat ekstrem,1,0
CASH_IN,CASH_OUT · nominal besar,13,96104,2826,10.0,9,3,1,0,0,1,2.71,menguras hampir seluruh saldo,0,0
CASH_IN,CASH_IN · nominal sedang,12,343072,9850113,0.035,20,0,1,1,0,2,1.47,saldo awal pengirim sangat ekstrem,1,0
CASH_OUT,CASH_OUT · nominal besar,18,10000000,10000000,1.0,1,3,1,1,1,3,5.17,nominal transaksi sangat ekstrem,1,1
CASH_IN,CASH_IN · nominal sedang,12,205701,9618736,0.021,22,0,1,1,0,2,1.7,saldo awal pengirim sangat ekstrem,1,0
CASH_OUT,PAYMENT · nominal kecil,29,49492,49492,1.0,17,4,0,0,0,0,1.53,saldo pengirim tidak konsisten secara logika,0,1
CASH_OUT,CASH_OUT · nominal besar,17,19598,0,0.0,12,2,1,1,0,2,1.52,saldo tujuan sangat ekstrem,1,0
CASH_OUT,CASH_OUT · nominal besar,7,282085,5782,10.0,10,3,1,1,0,2,3.15,saldo tujuan tidak konsisten secara logika,1,0
CASH_OUT,PAYMENT · nominal kecil,2,534256,534256,1.0,20,4,1,0,0,1,2.95,nominal transaksi sangat ekstrem,0,1
CASH_IN,CASH_IN · nominal sedang,9,61870,575967,0.107,14,0,1,0,0,1,0.51,menguras hampir seluruh saldo,0,0
CASH_IN,CASH_IN · nominal sedang,16,4815,30326438,0.0,14,0,1,1,0,2,2.06,saldo awal pengirim sangat ekstrem,1,0
CASH_OUT,CASH_OUT · nominal besar,2,67007,0,0.0,13,2,1,1,0,2,0.87,saldo tujuan sangat ekstrem,1,0
PAYMENT,PAYMENT · nominal kecil,2,21003,0,0.0,19,1,0,0,0,0,1.1,menguras hampir seluruh saldo,0,0
CASH_OUT,CASH_OUT · nominal besar,9,125939,0,0.0,10,2,0,0,0,0,1.28,menguras hampir seluruh saldo,0,0
PAYMENT,PAYMENT · nominal kecil,10,5965,0,0.0,15,1,0,0,0,0,0.46,menguras hampir seluruh saldo,0,0
CASH_IN,CASH_IN · nominal sedang,7,103683,2768072,0.037,14,0,1,0,0,1,0.47,saldo awal pengirim sangat ekstrem,0,0
CASH_IN,CASH_IN · nominal sedang,8,90629,102710,0.882,16,0,1,0,0,1,1.91,menguras hampir seluruh saldo,0,0
TRANSFER,PAYMENT · nominal kecil,10,2898,2898,1.0,16,4,1,0,1,2,2.11,saldo pengirim tidak konsisten secara logika,1,1
PAYMENT,PAYMENT · nominal kecil,1,2745,97089,0.028,8,4,0,0,0,0,1.94,menguras hampir seluruh saldo,0,0
CASH_OUT,PAYMENT · nominal kecil,10,392418,498448,0.787,11,4,1,0,0,1,2.88,menguras hampir seluruh saldo,0,0
DEBIT,PAYMENT · nominal kecil,10,4807,0,0.0,14,1,0,0,1,1,2.08,menguras hampir seluruh saldo,0,0
CASH_IN,CASH_IN · nominal sedang,9,369802,25732642,0.014,13,0,1,1,0,2,1.21,saldo awal pengirim sangat ekstrem,1,0
CASH_IN,CASH_IN · nominal sedang,6,10843,16081893,0.001,15,0,1,1,0,2,1.46,saldo awal pengirim sangat ekstrem,1,0
TRANSFER,PAYMENT · nominal kecil,4,178569,178569,1.0,6,4,1,0,1,2,3.7,saldo pengirim tidak konsisten secara logika,1,1
CASH_OUT,PAYMENT · nominal kecil,6,15912,52200,0.305,10,4,0,0,0,0,2.44,menguras hampir seluruh saldo,0,0
PAYMENT,PAYMENT · nominal kecil,14,1985,20741,0.096,17,4,0,0,0,0,1.06,menguras hampir seluruh saldo,0,0
CASH_IN,CASH_IN · nominal sedang,12,337980,20775348,0.016,19,0,1,1,0,2,1.24,saldo awal pengirim sangat ekstrem,1,0
TRANSFER,CASH_OUT · nominal besar,15,846047,0,0.0,18,2,1,0,0,1,1.62,nominal transaksi sangat ekstrem,0,0
CASH_IN,CASH_IN · nominal sedang,7,337801,9957756,0.034,14,0,1,1,0,2,0.89,saldo awal pengirim sangat ekstrem,1,0
TRANSFER,CASH_OUT · nominal besar,1,2257784,0,0.0,11,2,1,1,0,2,2.18,nominal transaksi sangat ekstrem,1,0
CASH_OUT,CASH_OUT · nominal besar,13,287154,0,0.0,19,2,1,1,0,2,1.05,saldo tujuan sangat ekstrem,1,0
CASH_OUT,PAYMENT · nominal kecil,29,701698,701698,1.0,20,4,1,0,0,1,3.29,nominal transaksi sangat ekstrem,0,1
TRANSFER,CASH_IN · nominal sedang,9,2634032,2634032,1.0,6,0,1,1,1,3,4.41,saldo tujuan tidak konsisten secara logika,1,1
CASH_IN,CASH_IN · nominal sedang,15,379169,12143357,0.031,19,0,1,1,0,2,1.26,saldo awal pengirim sangat ekstrem,1,0
CASH_IN,CASH_IN · nominal sedang,11,307852,100343,3.068,10,0,1,0,0,1,1.65,saldo tujuan sangat ekstrem,0,0
CASH_IN,CASH_IN · nominal sedang,15,8344,9811685,0.001,12,0,1,1,0,2,1.82,saldo awal pengirim sangat ekstrem,1,0
TRANSFER,CASH_IN · nominal sedang,19,2108590,2108590,1.0,23,0,1,1,1,3,4.19,saldo tujuan tidak konsisten secara logika,1,1
CASH_OUT,CASH_OUT · nominal besar,8,344111,743,10.0,19,3,1,0,0,1,1.51,menguras hampir seluruh saldo,0,0
PAYMENT,PAYMENT · nominal kecil,2,5837,0,0.0,18,1,0,0,0,0,0.78,menguras hampir seluruh saldo,0,0
CASH_OUT,PAYMENT · nominal kecil,9,216179,216179,1.0,13,4,0,0,0,0,2.63,saldo pengirim tidak konsisten secara logika,0,1
TRANSFER,CASH_OUT · nominal besar,8,135399,0,0.0,12,2,0,0,0,0,1.36,menguras hampir seluruh saldo,0,0
CASH_IN,CASH_IN · nominal sedang,12,51101,11887464,0.004,17,0,1,1,0,2,0.77,saldo awal pengirim sangat ekstrem,1,0
CASH_OUT,PAYMENT · nominal kecil,31,172916,172916,1.0,16,4,1,0,0,1,2.81,saldo tujuan sangat ekstrem,0,1
TRANSFER,CASH_OUT · nominal besar,1,650709,0,0.0,14,2,1,0,0,1,2.29,nominal transaksi sangat ekstrem,0,0
PAYMENT,PAYMENT · nominal kecil,16,28141,9058,3.107,15,1,0,0,0,0,1.81,saldo tujuan sangat ekstrem,0,0
CASH_IN,CASH_IN · nominal sedang,11,127510,23314544,0.005,19,0,1,1,0,2,1.04,saldo awal pengirim sangat ekstrem,1,0
TRANSFER,PAYMENT · nominal kecil,19,9265,9265,1.0,19,4,1,0,0,1,2.25,saldo pengirim tidak konsisten secara logika,0,1
PAYMENT,PAYMENT · nominal kecil,4,5531,11639,0.475,0,4,0,0,0,0,3.65,menguras hampir seluruh saldo,0,0
CASH_IN,CASH_IN · nominal sedang,7,311111,25748712,0.012,20,0,1,1,0,2,1.41,saldo awal pengirim sangat ekstrem,1,0
TRANSFER,CASH_OUT · nominal besar,1,678080,12553,10.0,13,3,1,0,0,1,1.65,menguras hampir seluruh saldo,0,0
CASH_IN,CASH_IN · nominal sedang,13,2251,10493595,0.0,19,0,1,1,0,2,2.58,saldo awal pengirim sangat ekstrem,1,0
TRANSFER,CASH_OUT · nominal besar,7,1260861,0,0.0,22,2,1,1,0,2,2.3,saldo tujuan sangat ekstrem,1,0
CASH_IN,CASH_IN · nominal sedang,7,159037,19974,7.962,13,0,1,0,0,1,2.18,menguras hampir seluruh saldo,0,0
PAYMENT,PAYMENT · nominal kecil,9,2637,0,0.0,21,1,0,0,0,0,1.54,menguras hampir seluruh saldo,0,0
CASH_IN,CASH_IN · nominal sedang,11,138500,2921026,0.047,10,0,1,0,0,1,1.27,saldo awal pengirim sangat ekstrem,0,0
CASH_OUT,CASH_OUT · nominal besar,12,209960,0,0.0,18,2,0,0,0,0,0.74,saldo tujuan sangat ekstrem,0,0
CASH_IN,CASH_OUT · nominal besar,7,482438,3450,10.0,17,3,1,0,0,1,2.83,menguras hampir seluruh saldo,0,0
TRANSFER,PAYMENT · nominal kecil,22,377039,377039,1.0,22,4,1,0,1,2,3.62,saldo tujuan tidak konsisten secara logika,1,1
CASH_IN,CASH_IN · nominal sedang,6,251019,23456400,0.011,14,0,1,1,0,2,0.84,saldo awal pengirim sangat ekstrem,1,0
CASH_IN,CASH_IN · nominal sedang,13,160040,12787088,0.013,16,0,1,1,0,2,0.66,saldo awal pengirim sangat ekstrem,1,0
CASH_IN,CASH_IN · nominal sedang,9,198224,1039515,0.191,13,0,1,0,0,1,0.68,saldo tujuan tidak konsisten secara logika,0,0
CASH_OUT,PAYMENT · nominal kecil,6,1608571,1608571,1.0,23,4,1,0,0,1,3.83,nominal transaksi sangat ekstrem,0,1
CASH_OUT,CASH_OUT · nominal besar,6,299063,201527,1.484,16,3,0,0,0,0,2.01,saldo awal pengirim sangat ekstrem,0,0
CASH_OUT,PAYMENT · nominal kecil,7,304735,382257,0.797,11,4,1,0,0,1,3.16,saldo tujuan sangat ekstrem,0,0
CASH_IN,CASH_IN · nominal sedang,13,190109,358467,0.53,17,0,1,0,0,1,0.6,saldo tujuan tidak konsisten secara logika,0,0
TRANSFER,PAYMENT · nominal kecil,12,70754,70754,1.0,10,4,1,0,1,2,2.9,saldo pengirim tidak konsisten secara logika,1,1
TRANSFER,PAYMENT · nominal kecil,12,556721,556721,1.0,17,4,1,0,1,2,3.5,saldo tujuan tidak konsisten secara logika,1,1
PAYMENT,PAYMENT · nominal kecil,12,12941,0,0.0,18,1,0,0,0,0,0.8,menguras hampir seluruh saldo,0,0
TRANSFER,CASH_OUT · nominal besar,13,90224,5371,10.0,2,3,1,0,1,2,3.57,menguras hampir seluruh saldo,1,0
PAYMENT,PAYMENT · nominal kecil,9,1414,0,0.0,10,1,0,0,0,0,1.66,menguras hampir seluruh saldo,0,0
CASH_IN,CASH_IN · nominal sedang,17,193149,19947810,0.01,19,0,1,1,0,2,1.08,saldo awal pengirim sangat ekstrem,1,0
CASH_IN,CASH_IN · nominal sedang,9,140222,146106,0.96,16,0,1,0,0,1,0.44,saldo tujuan tidak konsisten secara logika,0,0
PAYMENT,PAYMENT · nominal kecil,1,15226,0,0.0,12,1,0,0,0,0,0.93,menguras hampir seluruh saldo,0,0
CASH_IN,CASH_IN · nominal sedang,1,85326,20620572,0.004,15,0,1,1,0,2,0.68,saldo awal pengirim sangat ekstrem,1,0
CASH_OUT,CASH_OUT · nominal besar,9,64076,0,0.0,15,2,1,1,0,2,2.17,saldo tujuan sangat ekstrem,1,0
CASH_IN,CASH_IN · nominal sedang,6,79062,9178208,0.009,15,0,1,1,0,2,0.76,saldo tujuan sangat ekstrem,1,0
CASH_IN,CASH_IN · nominal sedang,12,133000,708808,0.188,20,0,1,0,0,1,1.11,menguras hampir seluruh saldo,0,0
CASH_OUT,CASH_OUT · nominal besar,14,149270,536,10.0,12,3,1,0,0,1,1.56,menguras hampir seluruh saldo,0,0
TRANSFER,PAYMENT · nominal kecil,18,87439,87439,1.0,4,4,1,0,1,2,3.78,saldo pengirim tidak konsisten secara logika,1,1
TRANSFER,CASH_OUT · nominal besar,1,1494082,0,0.0,10,2,1,1,0,2,3.39,saldo tujuan tidak konsisten secara logika,1,0
CASH_OUT,PAYMENT · nominal kecil,7,163852,163852,1.0,6,4,0,0,0,0,3.35,saldo pengirim tidak konsisten secara logika,0,1
TRANSFER,CASH_IN · nominal sedang,10,780066,780066,1.0,13,0,1,0,1,2,3.61,saldo tujuan tidak konsisten secara logika,1,1
TRANSFER,CASH_OUT · nominal besar,18,7328014,0,0.0,8,2,1,1,0,2,3.07,nominal transaksi sangat ekstrem,1,0
PAYMENT,PAYMENT · nominal kecil,7,4827,368677,0.013,17,4,0,0,0,0,0.74,menguras hampir seluruh saldo,0,0
CASH_OUT,CASH_OUT · nominal besar,15,398018,0,0.0,10,2,1,1,0,2,1.44,saldo tujuan sangat ekstrem,1,0
CASH_OUT,CASH_OUT · nominal besar,14,243704,81321,2.997,13,3,0,0,0,0,1.65,saldo awal pengirim sangat ekstrem,0,0
PAYMENT,PAYMENT · nominal kecil,7,24232,0,0.0,20,1,0,0,0,0,1.33,menguras hampir seluruh saldo,0,0
CASH_OUT,CASH_OUT · nominal besar,13,315686,0,0.0,13,2,1,1,0,2,0.88,saldo tujuan sangat ekstrem,1,0
PAYMENT,PAYMENT · nominal kecil,1,46734,560224,0.083,12,4,1,0,0,1,1.33,menguras hampir seluruh saldo,0,0
CASH_OUT,CASH_OUT · nominal besar,17,398953,0,0.0,10,2,1,1,0,2,1.47,saldo tujuan sangat ekstrem,1,0
CASH_OUT,CASH_OUT · nominal besar,13,301914,60728,4.972,14,3,0,0,0,0,1.35,menguras hampir seluruh saldo,0,0
CASH_IN,CASH_OUT · nominal besar,1,91223,5561050,0.016,10,3,1,0,0,1,3.74,saldo awal pengirim sangat ekstrem,0,0
CASH_IN,CASH_IN · nominal sedang,20,132525,13812027,0.01,13,0,1,1,0,2,0.74,saldo awal pengirim sangat ekstrem,1,0
CASH_IN,CASH_OUT · nominal besar,13,127548,2193,10.0,19,3,1,0,0,1,2.62,menguras hampir seluruh saldo,0,0
PAYMENT,PAYMENT · nominal kecil,10,2897,0,0.0,16,1,0,0,0,0,0.77,menguras hampir seluruh saldo,0,0
CASH_IN,CASH_IN · nominal sedang,13,60668,13559605,0.004,13,0,1,1,0,2,0.89,saldo awal pengirim sangat ekstrem,1,0
TRANSFER,CASH_OUT · nominal besar,1,2249374,31260,10.0,13,3,1,1,0,2,2.44,nominal transaksi sangat ekstrem,1,0
CASH_OUT,CASH_OUT · nominal besar,11,183836,19652,9.354,12,3,1,0,0,1,1.27,menguras hampir seluruh saldo,0,0
TRANSFER,CASH_IN · nominal sedang,9,5689516,5689516,1.0,19,0,1,1,1,3,4.17,saldo tujuan tidak konsisten secara logika,1,1
CASH_OUT,CASH_OUT · nominal besar,15,174482,0,0.0,13,2,1,0,0,1,0.68,saldo tujuan sangat ekstrem,0,0
TRANSFER,PAYMENT · nominal kecil,19,624016,624016,1.0,20,4,1,0,1,2,3.69,saldo tujuan tidak konsisten secara logika,1,1
CASH_IN,CASH_IN · nominal sedang,7,358442,15832066,0.023,21,0,1,1,0,2,1.71,saldo awal pengirim sangat ekstrem,1,0
PAYMENT,PAYMENT · nominal kecil,15,10229,244970,0.042,21,4,0,0,0,0,1.36,menguras hampir seluruh saldo,0,0
TRANSFER,PAYMENT · nominal kecil,12,145982,145982,1.0,15,4,1,0,1,2,2.88,saldo pengirim tidak konsisten secara logika,1,1
CASH_OUT,PAYMENT · nominal kecil,4,337995,337995,1.0,16,4,0,0,0,0,2.31,saldo pengirim tidak konsisten secara logika,0,1
CASH_IN,CASH_IN · nominal sedang,7,32991,3417000,0.01,12,0,1,0,0,1,1.14,saldo awal pengirim sangat ekstrem,0,0
CASH_IN,CASH_IN · nominal sedang,8,421326,25163334,0.017,22,0,1,1,0,2,1.88,saldo awal pengirim sangat ekstrem,1,0
CASH_IN,CASH_IN · nominal sedang,10,157283,9431307,0.017,15,0,1,0,0,1,0.61,saldo awal pengirim sangat ekstrem,0,0
CASH_OUT,PAYMENT · nominal kecil,4,8775594,8775594,1.0,23,4,1,1,0,2,4.38,nominal transaksi sangat ekstrem,1,1
CASH_OUT,CASH_OUT · nominal besar,14,106394,6110,10.0,17,3,1,0,0,1,1.63,menguras hampir seluruh saldo,0,0
TRANSFER,CASH_OUT · nominal besar,1,2193895,29874,10.0,9,3,1,1,1,3,3.41,nominal transaksi sangat ekstrem,1,0
PAYMENT,PAYMENT · nominal kecil,7,4228,119,10.0,11,1,1,0,0,1,2.96,menguras hampir seluruh saldo,0,0
PAYMENT,PAYMENT · nominal kecil,2,78,9290,0.008,0,4,0,0,0,0,4.5,menguras hampir seluruh saldo,0,0
CASH_OUT,PAYMENT · nominal kecil,17,932691,932691,1.0,20,4,1,0,0,1,3.28,nominal transaksi sangat ekstrem,0,1
CASH_OUT,CASH_OUT · nominal besar,9,211696,0,0.0,14,2,0,0,0,0,0.49,menguras hampir seluruh saldo,0,0
TRANSFER,PAYMENT · nominal kecil,9,106434,106434,1.0,22,4,1,0,1,2,3.13,saldo pengirim tidak konsisten secara logika,1,1
TRANSFER,CASH_OUT · nominal besar,11,322219,0,0.0,15,2,1,1,0,2,1.27,saldo tujuan sangat ekstrem,1,0
TRANSFER,CASH_OUT · nominal besar,14,4010620,0,0.0,14,2,1,1,0,2,2.25,nominal transaksi sangat ekstrem,1,0
CASH_OUT,CASH_OUT · nominal besar,7,197764,9060,10.0,19,3,1,1,0,2,1.75,saldo tujuan sangat ekstrem,1,0
CASH_IN,CASH_OUT · nominal besar,15,102034,11548,8.836,20,3,1,0,0,1,2.38,menguras hampir seluruh saldo,0,0
CASH_IN,CASH_IN · nominal sedang,13,31666,17058986,0.002,16,0,1,1,0,2,1.34,saldo tujuan sangat ekstrem,1,0
CASH_OUT,CASH_OUT · nominal besar,1,83323,0,0.0,13,2,0,0,0,0,0.74,menguras hampir seluruh saldo,0,0
TRANSFER,CASH_OUT · nominal besar,1,1568267,43097,10.0,8,3,1,0,1,2,2.81,nominal transaksi sangat ekstrem,1,0
CASH_IN,CASH_IN · nominal sedang,22,67206,10142473,0.007,10,0,1,1,0,2,1.35,saldo awal pengirim sangat ekstrem,1,0
CASH_OUT,PAYMENT · nominal kecil,18,13659,13659,1.0,7,4,0,0,0,0,2.81,saldo pengirim tidak konsisten secara logika,0,1
CASH_OUT,CASH_OUT · nominal besar,17,198050,8309,10.0,15,3,1,0,0,1,1.23,menguras hampir seluruh saldo,0,0
CASH_OUT,CASH_OUT · nominal besar,2,141803,0,0.0,19,2,1,0,0,1,0.94,saldo tujuan sangat ekstrem,0,0
CASH_OUT,CASH_OUT · nominal besar,15,4896180,4896180,1.0,4,3,1,1,0,2,4.6,nominal transaksi sangat ekstrem,1,1
PAYMENT,PAYMENT · nominal kecil,7,9598,0,0.0,15,1,0,0,0,0,0.43,menguras hampir seluruh saldo,0,0
CASH_IN,CASH_IN · nominal sedang,11,44179,21987716,0.002,15,0,1,1,0,2,0.84,saldo awal pengirim sangat ekstrem,1,0
CASH_OUT,CASH_OUT · nominal besar,1,216226,0,0.0,19,2,1,0,0,1,2.3,saldo tujuan sangat ekstrem,0,0
PAYMENT,PAYMENT · nominal kecil,15,3818,29738,0.128,23,4,0,0,0,0,1.86,menguras hampir seluruh saldo,0,0
PAYMENT,PAYMENT · nominal kecil,15,7055,81481,0.087,21,4,0,0,0,0,1.35,menguras hampir seluruh saldo,0,0
CASH_OUT,CASH_OUT · nominal besar,8,173461,36443,4.76,19,3,0,0,0,0,1.43,menguras hampir seluruh saldo,0,0
CASH_OUT,CASH_OUT · nominal besar,6,48748,10767,4.528,14,3,1,1,0,2,1.69,saldo tujuan sangat ekstrem,1,0
CASH_IN,CASH_IN · nominal sedang,13,89861,9779863,0.009,19,0,1,1,0,2,1.01,saldo awal pengirim sangat ekstrem,1,0
CASH_IN,CASH_IN · nominal sedang,8,87971,9576392,0.009,17,0,1,1,0,2,0.69,saldo awal pengirim sangat ekstrem,1,0
TRANSFER,CASH_OUT · nominal besar,11,37047,0,0.0,12,2,0,0,0,0,1.59,menguras hampir seluruh saldo,0,0
CASH_OUT,CASH_OUT · nominal besar,7,209337,50328,4.159,19,3,1,0,0,1,1.72,saldo tujuan sangat ekstrem,0,0
TRANSFER,CASH_OUT · nominal besar,16,84040,797,10.0,19,3,1,0,0,1,2.12,menguras hampir seluruh saldo,0,0
CASH_IN,CASH_IN · nominal sedang,5,40470,681937,0.059,0,0,1,0,1,2,4.05,menguras hampir seluruh saldo,1,0
TRANSFER,PAYMENT · nominal kecil,2,214976,214976,1.0,9,4,1,0,1,2,3.4,saldo tujuan tidak konsisten secara logika,1,1
CASH_IN,CASH_IN · nominal sedang,7,89307,12023965,0.007,18,0,1,1,0,2,0.8,saldo awal pengirim sangat ekstrem,1,0
TRANSFER,CASH_IN · nominal sedang,3,813133,813133,1.0,18,0,1,0,1,2,3.63,saldo tujuan tidak konsisten secara logika,1,1
TRANSFER,CASH_IN · nominal sedang,14,975390,975390,1.0,16,0,1,0,1,2,3.62,saldo tujuan tidak konsisten secara logika,1,1
TRANSFER,CASH_OUT · nominal besar,1,1119112,0,0.0,18,2,1,0,0,1,2.57,nominal transaksi sangat ekstrem,0,0
CASH_OUT,PAYMENT · nominal kecil,31,54652,54652,1.0,22,4,0,0,0,0,2.14,saldo pengirim tidak konsisten secara logika,0,1
CASH_OUT,PAYMENT · nominal kecil,12,131594,131594,1.0,10,4,0,0,0,0,2.27,saldo pengirim tidak konsisten secara logika,0,1
CASH_IN,CASH_IN · nominal sedang,8,205346,50693,4.051,10,0,1,0,0,1,1.68,menguras hampir seluruh saldo,0,0
CASH_OUT,PAYMENT · nominal kecil,26,1555182,1555182,1.0,5,4,1,0,0,1,4.14,nominal transaksi sangat ekstrem,0,1
CASH_OUT,PAYMENT · nominal kecil,7,10084,73196,0.138,15,4,0,0,0,0,1.97,menguras hampir seluruh saldo,0,0
CASH_OUT,CASH_OUT · nominal besar,1,222049,0,0.0,12,2,0,0,0,0,1.22,menguras hampir seluruh saldo,0,1
CASH_OUT,CASH_OUT · nominal besar,25,209200,52587,3.978,13,3,1,1,0,2,1.87,saldo tujuan sangat ekstrem,1,0
CASH_IN,CASH_IN · nominal sedang,17,138231,13807921,0.01,11,0,1,1,0,2,1.13,saldo awal pengirim sangat ekstrem,1,0
CASH_OUT,CASH_OUT · nominal besar,2,5489302,5489302,1.0,0,3,1,1,1,3,5.23,nominal transaksi sangat ekstrem,1,1
TRANSFER,PAYMENT · nominal kecil,16,174325,174325,1.0,11,4,1,0,1,2,3.14,saldo pengirim tidak konsisten secara logika,1,1
CASH_IN,CASH_IN · nominal sedang,16,265484,23926560,0.011,18,0,1,1,0,2,1.02,saldo awal pengirim sangat ekstrem,1,0
CASH_IN,CASH_IN · nominal sedang,8,328348,12151373,0.027,20,0,1,1,0,2,1.4,saldo awal pengirim sangat ekstrem,1,0
TRANSFER,PAYMENT · nominal kecil,15,142715,142715,1.0,12,4,1,0,0,1,2.99,saldo pengirim tidak konsisten secara logika,0,1
CASH_IN,CASH_IN · nominal sedang,10,293474,53113,5.525,16,0,1,0,0,1,1.55,saldo tujuan tidak konsisten secara logika,0,0
CASH_OUT,CASH_OUT · nominal besar,8,195131,40482,4.82,11,3,0,0,0,0,1.88,menguras hampir seluruh saldo,0,0
CASH_IN,CASH_IN · nominal sedang,14,229420,30507302,0.008,16,0,1,1,0,2,0.83,saldo awal pengirim sangat ekstrem,1,0
PAYMENT,CASH_OUT · nominal besar,11,13570,510,10.0,16,3,1,0,0,1,2.44,menguras hampir seluruh saldo,0,0
PAYMENT,PAYMENT · nominal kecil,15,49228,0,0.0,9,1,0,0,0,0,1.83,menguras hampir seluruh saldo,0,0
CASH_IN,CASH_IN · nominal sedang,16,185010,15932980,0.012,19,0,1,1,0,2,1.18,saldo awal pengirim sangat ekstrem,1,0
TRANSFER,PAYMENT · nominal kecil,31,69040,69040,1.0,7,4,1,0,1,2,3.26,saldo pengirim tidak konsisten secara logika,1,1
TRANSFER,CASH_OUT · nominal besar,16,42237,0,0.0,18,2,1,1,0,2,1.53,saldo tujuan sangat ekstrem,1,0
CASH_IN,CASH_IN · nominal sedang,12,92821,512221,0.181,13,0,1,0,0,1,0.65,menguras hampir seluruh saldo,0,0
TRANSFER,PAYMENT · nominal kecil,29,49492,49492,1.0,17,4,1,0,0,1,2.5,saldo pengirim tidak konsisten secara logika,0,1
CASH_OUT,CASH_OUT · nominal besar,14,110344,0,0.0,20,2,0,0,0,0,1.15,menguras hampir seluruh saldo,0,0
PAYMENT,PAYMENT · nominal kecil,24,3655,33858,0.108,12,4,0,0,0,0,1.09,menguras hampir seluruh saldo,0,0
CASH_OUT,CASH_IN · nominal sedang,1,88083,288239,0.306,17,0,1,0,0,1,2.9,menguras hampir seluruh saldo,0,0
TRANSFER,PAYMENT · nominal kecil,25,47662,47662,1.0,6,4,1,0,1,2,3.31,saldo pengirim tidak konsisten secara logika,1,1
TRANSFER,CASH_IN · nominal sedang,24,897132,897132,1.0,9,0,1,0,1,2,3.88,saldo tujuan tidak konsisten secara logika,1,1
CASH_OUT,CASH_OUT · nominal besar,9,59057,0,0.0,12,2,1,1,0,2,1.1,saldo tujuan sangat ekstrem,1,0
CASH_IN,CASH_IN · nominal sedang,2,168105,10650721,0.016,19,0,1,1,0,2,1.1,saldo awal pengirim sangat ekstrem,1,0
TRANSFER,CASH_IN · nominal sedang,9,1128580,1128580,1.0,16,0,1,0,1,2,3.65,saldo tujuan tidak konsisten secara logika,1,1
TRANSFER,CASH_OUT · nominal besar,16,6632590,214311,10.0,15,3,1,1,0,2,2.8,nominal transaksi sangat ekstrem,1,0
CASH_IN,CASH_IN · nominal sedang,16,249148,10464307,0.024,19,0,1,1,0,2,1.14,saldo awal pengirim sangat ekstrem,1,0
CASH_OUT,CASH_OUT · nominal besar,1,86940,11665,7.453,9,3,1,1,0,2,2.98,saldo tujuan sangat ekstrem,1,0
PAYMENT,PAYMENT · nominal kecil,2,21341,514588,0.041,9,4,1,0,0,1,1.68,menguras hampir seluruh saldo,0,0
CASH_IN,CASH_OUT · nominal besar,6,263343,10050,10.0,16,3,1,0,0,1,2.48,menguras hampir seluruh saldo,0,0
CASH_IN,CASH_IN · nominal sedang,6,197015,10062981,0.02,18,0,1,1,0,2,0.85,saldo awal pengirim sangat ekstrem,1,0
CASH_IN,CASH_IN · nominal sedang,14,124785,11049417,0.011,16,0,1,1,0,2,0.56,saldo awal pengirim sangat ekstrem,1,0
TRANSFER,CASH_OUT · nominal besar,23,45904,196,10.0,0,3,1,0,1,2,4.0,menguras hampir seluruh saldo,1,0
CASH_IN,CASH_IN · nominal sedang,13,188523,810942,0.232,17,0,1,0,0,1,0.66,saldo tujuan tidak konsisten secara logika,0,0
CASH_IN,CASH_IN · nominal sedang,6,38841,10238892,0.004,12,0,1,1,0,2,1.08,saldo awal pengirim sangat ekstrem,1,0
CASH_IN,CASH_IN · nominal sedang,8,597,20946608,0.0,20,0,1,1,0,2,3.31,saldo awal pengirim sangat ekstrem,1,0
CASH_IN,CASH_IN · nominal sedang,14,183358,6470964,0.028,12,0,1,1,0,2,1.07,saldo tujuan sangat ekstrem,1,0
TRANSFER,CASH_IN · nominal sedang,25,1064426,1064426,1.0,12,0,1,0,1,2,3.71,saldo tujuan tidak konsisten secara logika,1,1
CASH_IN,CASH_IN · nominal sedang,15,429219,6042172,0.071,16,0,1,0,0,1,0.97,saldo tujuan tidak konsisten secara logika,0,0
TRANSFER,CASH_IN · nominal sedang,9,5903046,5903046,1.0,14,0,1,1,1,3,4.11,saldo tujuan tidak konsisten secara logika,1,1
CASH_OUT,CASH_OUT · nominal besar,12,114513,0,0.0,18,2,0,0,0,0,0.74,saldo tujuan sangat ekstrem,0,0
PAYMENT,PAYMENT · nominal kecil,12,9501,42088,0.226,15,4,0,0,0,0,0.48,menguras hampir seluruh saldo,0,0
CASH_IN,CASH_IN · nominal sedang,13,245518,11885211,0.021,16,0,1,1,0,2,0.72,saldo awal pengirim sangat ekstrem,1,0
TRANSFER,PAYMENT · nominal kecil,13,225301,225301,1.0,23,4,1,0,1,2,3.52,saldo tujuan tidak konsisten secara logika,1,1
TRANSFER,PAYMENT · nominal kecil,9,50821,50821,1.0,16,4,1,0,0,1,2.48,saldo pengirim tidak konsisten secara logika,0,1
TRANSFER,CASH_OUT · nominal besar,14,7843330,0,0.0,15,2,1,1,0,2,2.58,nominal transaksi sangat ekstrem,1,0
CASH_IN,CASH_IN · nominal sedang,9,94301,15030377,0.006,11,0,1,1,0,2,1.17,saldo awal pengirim sangat ekstrem,1,0
TRANSFER,CASH_IN · nominal sedang,16,1742012,1742012,1.0,1,0,1,1,1,3,5.0,saldo tujuan tidak konsisten secara logika,1,1
CASH_OUT,PAYMENT · nominal kecil,12,11452,12519,0.915,15,4,0,0,0,0,1.24,menguras hampir seluruh saldo,0,0
CASH_OUT,CASH_OUT · nominal besar,7,302011,0,0.0,12,2,1,1,0,2,1.06,saldo tujuan sangat ekstrem,1,0
CASH_OUT,CASH_OUT · nominal besar,15,49513,10801,4.584,15,3,0,0,0,0,1.43,menguras hampir seluruh saldo,0,0
TRANSFER,CASH_IN · nominal sedang,2,1069508,1069508,1.0,21,0,1,0,1,2,3.86,saldo tujuan tidak konsisten secara logika,1,1
TRANSFER,PAYMENT · nominal kecil,21,567730,567730,1.0,13,4,1,0,1,2,3.55,saldo tujuan tidak konsisten secara logika,1,1
PAYMENT,PAYMENT · nominal kecil,13,623,20192,0.031,19,4,0,0,0,0,1.78,menguras hampir seluruh saldo,0,0
CASH_OUT,CASH_OUT · nominal besar,22,103803,0,0.0,18,2,1,1,0,2,0.82,saldo tujuan sangat ekstrem,1,0
CASH_OUT,PAYMENT · nominal kecil,9,63937,142186,0.45,17,4,0,0,0,0,2.04,menguras hampir seluruh saldo,0,0
PAYMENT,PAYMENT · nominal kecil,14,15529,19819,0.784,22,4,0,0,0,0,1.61,menguras hampir seluruh saldo,0,0
CASH_IN,CASH_IN · nominal sedang,17,53585,25410148,0.002,0,0,1,1,0,2,3.64,saldo awal pengirim sangat ekstrem,1,0
CASH_OUT,CASH_OUT · nominal besar,8,77295,0,0.0,17,2,0,0,0,0,0.67,menguras hampir seluruh saldo,0,0
CASH_IN,CASH_IN · nominal sedang,12,165631,7454342,0.022,10,0,1,0,0,1,1.32,saldo awal pengirim sangat ekstrem,0,0
TRANSFER,CASH_OUT · nominal besar,9,1031572,0,0.0,16,2,1,1,0,2,1.63,saldo tujuan sangat ekstrem,1,0
PAYMENT,PAYMENT · nominal kecil,17,34332,0,0.0,14,1,0,0,0,0,0.97,menguras hampir seluruh saldo,0,0
CASH_IN,CASH_IN · nominal sedang,11,9569,25073624,0.0,19,0,1,1,0,2,1.83,saldo awal pengirim sangat ekstrem,1,0
CASH_IN,CASH_IN · nominal sedang,10,190666,1433318,0.133,15,0,1,0,0,1,0.5,saldo tujuan tidak konsisten secara logika,0,0
CASH_OUT,PAYMENT · nominal kecil,18,837192,837192,1.0,21,4,1,0,0,1,3.04,nominal transaksi sangat ekstrem,0,1
CASH_OUT,PAYMENT · nominal kecil,24,91655,91655,1.0,8,4,0,0,0,0,2.81,saldo pengirim tidak konsisten secara logika,0,1
PAYMENT,PAYMENT · nominal kecil,12,6369,1025,6.213,19,1,0,0,0,0,2.14,menguras hampir seluruh saldo,0,0
CASH_OUT,CASH_OUT · nominal besar,7,34950,0,0.0,20,2,0,0,0,0,1.43,menguras hampir seluruh saldo,0,0
TRANSFER,CASH_OUT · nominal besar,1,1272746,1440,10.0,11,3,1,0,1,2,3.41,saldo tujuan tidak konsisten secara logika,1,0
CASH_OUT,CASH_OUT · nominal besar,12,35480,0,0.0,19,2,1,1,0,2,1.34,saldo tujuan sangat ekstrem,1,0
CASH_OUT,CASH_OUT · nominal besar,1,302744,0,0.0,11,2,1,1,0,2,2.08,saldo tujuan sangat ekstrem,1,0
TRANSFER,CASH_IN · nominal sedang,23,1068399,1068399,1.0,14,0,1,0,1,2,3.64,saldo tujuan tidak konsisten secara logika,1,1
CASH_IN,CASH_IN · nominal sedang,10,97010,119270,0.813,10,0,1,0,0,1,2.26,menguras hampir seluruh saldo,0,0
CASH_IN,CASH_IN · nominal sedang,14,33498,8014324,0.004,18,0,1,0,0,1,1.11,saldo awal pengirim sangat ekstrem,0,0
CASH_IN,CASH_IN · nominal sedang,15,59057,4462628,0.013,18,0,1,0,0,1,0.81,saldo awal pengirim sangat ekstrem,0,0
CASH_IN,CASH_OUT · nominal besar,14,309765,14554,10.0,18,3,1,0,0,1,2.68,menguras hampir seluruh saldo,0,0
PAYMENT,PAYMENT · nominal kecil,15,47804,21097,2.266,17,1,0,0,0,0,2.02,saldo tujuan sangat ekstrem,0,0
PAYMENT,PAYMENT · nominal kecil,11,10340,144298,0.072,14,4,0,0,0,0,0.6,menguras hampir seluruh saldo,0,0
TRANSFER,CASH_OUT · nominal besar,9,325660,0,0.0,18,2,0,0,0,0,1.34,menguras hampir seluruh saldo,0,0
CASH_IN,CASH_IN · nominal sedang,16,288993,8538098,0.034,22,0,1,0,0,1,1.75,saldo awal pengirim sangat ekstrem,0,0
CASH_OUT,PAYMENT · nominal kecil,25,777448,777448,1.0,8,4,1,0,0,1,3.48,nominal transaksi sangat ekstrem,0,1
CASH_IN,CASH_IN · nominal sedang,17,38329,18856324,0.002,19,0,1,1,0,2,1.21,saldo awal pengirim sangat ekstrem,1,0
TRANSFER,CASH_OUT · nominal besar,12,10373559,0,0.0,18,2,1,1,0,2,2.8,nominal transaksi sangat ekstrem,1,0
CASH_OUT,CASH_OUT · nominal besar,16,126768,0,0.0,14,2,0,0,0,0,0.47,menguras hampir seluruh saldo,0,0
CASH_OUT,CASH_OUT · nominal besar,10,148769,30198,4.926,11,3,0,0,0,0,1.59,menguras hampir seluruh saldo,0,0
CASH_OUT,CASH_OUT · nominal besar,1,402231,30944,10.0,13,3,1,0,0,1,2.31,menguras hampir seluruh saldo,0,0
TRANSFER,PAYMENT · nominal kecil,30,66516,66516,1.0,13,4,1,0,0,1,2.64,saldo pengirim tidak konsisten secara logika,0,1
CASH_IN,CASH_IN · nominal sedang,7,30531,24596102,0.001,20,0,1,1,0,2,1.46,saldo awal pengirim sangat ekstrem,1,0
CASH_IN,CASH_IN · nominal sedang,14,42203,15632064,0.003,16,0,1,1,0,2,0.82,saldo awal pengirim sangat ekstrem,1,0
PAYMENT,PAYMENT · nominal kecil,16,2412,0,0.0,10,1,0,0,0,0,1.48,menguras hampir seluruh saldo,0,0
CASH_IN,CASH_IN · nominal sedang,7,686193,3007828,0.228,13,0,1,1,0,2,1.4,saldo tujuan tidak konsisten secara logika,1,0
TRANSFER,CASH_IN · nominal sedang,12,10000000,30536624,0.327,15,0,1,1,1,3,4.3,saldo tujuan tidak konsisten secara logika,1,1
PAYMENT,PAYMENT · nominal kecil,29,369,0,0.0,19,1,0,0,0,0,2.07,menguras hampir seluruh saldo,0,0
TRANSFER,CASH_OUT · nominal besar,12,2523245,0,0.0,20,2,1,1,0,2,2.26,nominal transaksi sangat ekstrem,1,0
CASH_OUT,CASH_OUT · nominal besar,1,330456,0,0.0,9,2,1,0,0,1,2.58,menguras hampir seluruh saldo,0,0
TRANSFER,CASH_IN · nominal sedang,5,2388251,2388251,1.0,5,0,1,1,1,3,4.51,saldo tujuan tidak konsisten secara logika,1,1
CASH_IN,CASH_IN · nominal sedang,2,55895,12014379,0.005,11,0,1,1,0,2,1.19,saldo awal pengirim sangat ekstrem,1,0
CASH_OUT,CASH_OUT · nominal besar,14,358670,16866,10.0,12,3,1,0,0,1,1.4,menguras hampir seluruh saldo,0,0
TRANSFER,CASH_OUT · nominal besar,13,3260143,0,0.0,17,2,1,1,0,2,2.17,nominal transaksi sangat ekstrem,1,0
TRANSFER,CASH_IN · nominal sedang,29,8104558,8104558,1.0,9,0,1,1,1,3,4.45,saldo tujuan tidak konsisten secara logika,1,1
PAYMENT,PAYMENT · nominal kecil,8,255,0,0.0,17,1,0,0,0,0,2.13,menguras hampir seluruh saldo,0,0
TRANSFER,CASH_OUT · nominal besar,11,25304,0,0.0,14,2,0,0,0,0,1.59,menguras hampir seluruh saldo,0,0
CASH_IN,CASH_IN · nominal sedang,1,40436,5613462,0.007,16,0,1,0,0,1,0.74,saldo awal pengirim sangat ekstrem,0,0
CASH_IN,CASH_IN · nominal sedang,14,146813,15648655,0.009,13,0,1,1,0,2,0.81,saldo awal pengirim sangat ekstrem,1,0
CASH_IN,CASH_OUT · nominal besar,24,76904,5559,10.0,19,3,1,1,0,2,2.67,saldo tujuan sangat ekstrem,1,0
CASH_OUT,CASH_OUT · nominal besar,11,380612,0,0.0,12,2,0,0,0,0,1.0,menguras hampir seluruh saldo,0,0
PAYMENT,PAYMENT · nominal kecil,14,14456,0,0.0,13,1,0,0,0,0,0.74,menguras hampir seluruh saldo,0,0
CASH_IN,CASH_IN · nominal sedang,9,130881,9556876,0.014,22,0,1,1,0,2,1.63,saldo awal pengirim sangat ekstrem,1,0
CASH_OUT,CASH_OUT · nominal besar,6,123759,0,0.0,15,2,1,0,0,1,0.47,saldo tujuan sangat ekstrem,0,0
CASH_OUT,CASH_OUT · nominal besar,17,157351,114342,1.376,16,3,0,0,0,0,1.9,saldo tujuan sangat ekstrem,0,0
CASH_IN,PAYMENT · nominal kecil,1,7056,9996386,0.001,15,4,1,1,0,2,3.77,saldo awal pengirim sangat ekstrem,1,0
CASH_OUT,CASH_OUT · nominal besar,13,158899,16701,9.514,20,3,1,0,0,1,1.42,menguras hampir seluruh saldo,0,0
CASH_OUT,PAYMENT · nominal kecil,13,157898,206962,0.763,13,4,0,0,0,0,2.62,menguras hampir seluruh saldo,0,0
TRANSFER,CASH_OUT · nominal besar,6,1095709,99318,10.0,9,3,1,0,1,2,2.6,menguras hampir seluruh saldo,1,0
CASH_OUT,PAYMENT · nominal kecil,15,10358,10358,1.0,22,4,0,0,0,0,1.94,saldo pengirim tidak konsisten secara logika,0,1
TRANSFER,CASH_OUT · nominal besar,17,2000566,0,0.0,15,2,1,1,0,2,1.87,nominal transaksi sangat ekstrem,1,0
PAYMENT,PAYMENT · nominal kecil,10,7942,426023,0.019,20,4,0,0,0,0,1.17,menguras hampir seluruh saldo,0,0
CASH_IN,CASH_IN · nominal sedang,2,92807,11655946,0.008,19,0,1,1,0,2,1.03,saldo awal pengirim sangat ekstrem,1,0
CASH_OUT,CASH_OUT · nominal besar,11,176082,0,0.0,9,2,0,0,0,0,1.51,menguras hampir seluruh saldo,0,0
TRANSFER,CASH_OUT · nominal besar,1,837008,379172,2.207,9,3,1,0,1,2,3.76,saldo tujuan tidak konsisten secara logika,1,0
TRANSFER,CASH_OUT · nominal besar,9,519946,40569,10.0,21,3,1,0,0,1,2.04,menguras hampir seluruh saldo,0,0
CASH_IN,CASH_IN · nominal sedang,1,247401,12127538,0.02,17,0,1,1,0,2,0.82,saldo awal pengirim sangat ekstrem,1,0
TRANSFER,PAYMENT · nominal kecil,1,37100,37100,1.0,22,4,1,0,0,1,2.81,saldo pengirim tidak konsisten secara logika,0,1
PAYMENT,PAYMENT · nominal kecil,13,7793,0,0.0,15,1,0,0,0,0,0.42,menguras hampir seluruh saldo,0,0
PAYMENT,PAYMENT · nominal kecil,15,12771,10708,1.193,11,1,0,0,0,0,1.88,saldo pengirim tidak konsisten secara logika,0,0
CASH_OUT,CASH_OUT · nominal besar,14,107315,33,10.0,15,3,1,0,0,1,1.42,menguras hampir seluruh saldo,0,0
CASH_OUT,CASH_OUT · nominal besar,7,507812,0,0.0,18,2,0,0,0,0,0.99,menguras hampir seluruh saldo,0,0
CASH_IN,CASH_IN · nominal sedang,11,182906,12021784,0.015,14,0,1,1,0,2,0.68,saldo awal pengirim sangat ekstrem,1,0
CASH_OUT,CASH_OUT · nominal besar,8,1736805,1736805,1.0,19,3,1,0,0,1,3.7,nominal transaksi sangat ekstrem,0,1
CASH_OUT,PAYMENT · nominal kecil,14,88325,90222,0.979,20,4,0,0,0,0,2.4,saldo pengirim tidak konsisten secara logika,0,0
TRANSFER,PAYMENT · nominal kecil,30,496421,496421,1.0,5,4,1,0,1,2,4.21,saldo tujuan tidak konsisten secara logika,1,1
CASH_IN,CASH_OUT · nominal besar,24,326883,5911,10.0,15,3,1,0,0,1,2.46,menguras hampir seluruh saldo,0,0
PAYMENT,PAYMENT · nominal kecil,15,9362,0,0.0,11,1,0,0,0,0,1.07,menguras hampir seluruh saldo,0,0
TRANSFER,CASH_OUT · nominal besar,17,1448706,108850,10.0,15,3,1,1,0,2,2.18,saldo tujuan sangat ekstrem,1,0
PAYMENT,PAYMENT · nominal kecil,9,362,50856,0.007,13,4,0,0,0,0,1.96,menguras hampir seluruh saldo,0,0
CASH_IN,CASH_IN · nominal sedang,16,163474,6844148,0.024,20,0,1,0,0,1,1.18,saldo awal pengirim sangat ekstrem,0,0
TRANSFER,CASH_OUT · nominal besar,11,2314640,0,0.0,12,2,1,1,0,2,2.09,nominal transaksi sangat ekstrem,1,0
TRANSFER,PAYMENT · nominal kecil,19,455015,455015,1.0,6,4,1,0,1,2,4.05,saldo tujuan tidak konsisten secara logika,1,1
PAYMENT,PAYMENT · nominal kecil,1,1884,0,0.0,9,1,0,0,0,0,1.74,menguras hampir seluruh saldo,0,0
CASH_OUT,PAYMENT · nominal kecil,1,54334,372630,0.146,19,4,0,0,0,0,2.44,menguras hampir seluruh saldo,0,0
CASH_OUT,CASH_OUT · nominal besar,14,144523,0,0.0,21,2,0,0,0,0,1.37,menguras hampir seluruh saldo,0,0
CASH_OUT,PAYMENT · nominal kecil,17,313937,313937,1.0,0,4,0,0,0,0,4.58,saldo pengirim tidak konsisten secara logika,0,1
CASH_IN,CASH_IN · nominal sedang,6,111202,21880,5.082,14,0,1,0,0,1,1.4,menguras hampir seluruh saldo,0,0
TRANSFER,CASH_OUT · nominal besar,1,644825,0,0.0,9,2,1,1,1,3,3.21,saldo tujuan tidak konsisten secara logika,1,0
TRANSFER,CASH_OUT · nominal besar,1,2423848,0,0.0,8,2,1,1,1,3,3.4,saldo tujuan sangat ekstrem,1,0
CASH_IN,CASH_IN · nominal sedang,13,64372,2493685,0.026,9,0,1,1,0,2,1.67,saldo tujuan sangat ekstrem,1,0
CASH_OUT,CASH_OUT · nominal besar,1,161586,0,0.0,17,2,0,0,0,0,0.5,menguras hampir seluruh saldo,0,0
CASH_IN,CASH_IN · nominal sedang,24,72831,51795,1.406,15,0,1,0,0,1,0.65,saldo tujuan sangat ekstrem,0,0
CASH_IN,CASH_IN · nominal sedang,16,335678,22732684,0.015,20,0,1,1,0,2,1.42,saldo awal pengirim sangat ekstrem,1,0
CASH_OUT,CASH_OUT · nominal besar,10,118234,0,0.0,12,2,1,1,0,2,0.92,saldo tujuan sangat ekstrem,1,0
CASH_OUT,CASH_OUT · nominal besar,24,313799,0,0.0,15,2,0,0,0,0,0.53,menguras hampir seluruh saldo,0,0
CASH_OUT,CASH_OUT · nominal besar,9,25750,0,0.0,15,2,0,0,0,0,1.11,menguras hampir seluruh saldo,0,0
CASH_IN,CASH_IN · nominal sedang,17,11120,20427108,0.001,12,0,1,1,0,2,1.71,saldo awal pengirim sangat ekstrem,1,0
CASH_IN,CASH_IN · nominal sedang,8,29204,16488968,0.002,16,0,1,1,0,2,1.0,saldo awal pengirim sangat ekstrem,1,0
PAYMENT,PAYMENT · nominal kecil,17,380,0,0.0,9,1,0,0,0,0,2.36,menguras hampir seluruh saldo,0,0
PAYMENT,PAYMENT · nominal kecil,16,9789,97772,0.1,14,4,0,0,0,0,0.58,menguras hampir seluruh saldo,0,0
TRANSFER,PAYMENT · nominal kecil,27,55740,55740,1.0,2,4,1,0,1,2,4.02,saldo pengirim tidak konsisten secara logika,1,1
CASH_OUT,CASH_OUT · nominal besar,24,433369,30410,10.0,12,3,1,0,0,1,1.35,menguras hampir seluruh saldo,0,0
PAYMENT,PAYMENT · nominal kecil,7,10348,0,0.0,14,1,0,0,0,0,0.52,menguras hampir seluruh saldo,0,0
CASH_OUT,PAYMENT · nominal kecil,10,538312,538312,1.0,1,4,1,0,0,1,4.5,nominal transaksi sangat ekstrem,0,1
CASH_OUT,PAYMENT · nominal kecil,16,1276301,1276301,1.0,1,4,1,0,1,2,4.5,nominal transaksi sangat ekstrem,1,1
PAYMENT,PAYMENT · nominal kecil,6,66366,623360,0.106,14,4,1,0,0,1,1.27,menguras hampir seluruh saldo,0,0
CASH_OUT,CASH_OUT · nominal besar,8,390908,3853,10.0,9,3,1,0,0,1,1.87,menguras hampir seluruh saldo,0,0
CASH_OUT,PAYMENT · nominal kecil,17,14044,21112,0.665,15,4,0,0,0,0,1.22,menguras hampir seluruh saldo,0,0
PAYMENT,PAYMENT · nominal kecil,25,20864,177355,0.118,12,4,0,0,0,0,1.04,menguras hampir seluruh saldo,0,0
CASH_OUT,CASH_OUT · nominal besar,29,79265,237,10.0,20,3,1,1,0,2,2.01,saldo tujuan sangat ekstrem,1,0
PAYMENT,PAYMENT · nominal kecil,10,173,0,0.0,12,1,0,0,0,0,2.43,menguras hampir seluruh saldo,0,0
TRANSFER,CASH_OUT · nominal besar,8,730920,415150,1.761,11,3,0,0,0,0,2.52,nominal transaksi sangat ekstrem,0,0
DEBIT,PAYMENT · nominal kecil,14,42590,276514,0.154,16,4,0,0,0,0,2.42,saldo tujuan sangat ekstrem,0,0
CASH_OUT,PAYMENT · nominal kecil,17,193707,193707,1.0,8,4,1,1,0,2,4.19,saldo tujuan sangat ekstrem,1,1
CASH_IN,CASH_IN · nominal sedang,14,225137,15590106,0.014,17,0,1,1,0,2,0.79,saldo awal pengirim sangat ekstrem,1,0
CASH_OUT,PAYMENT · nominal kecil,17,1557,51811,0.03,15,4,0,0,0,0,2.41,saldo tujuan sangat ekstrem,0,0
TRANSFER,PAYMENT · nominal kecil,11,428175,428175,1.0,2,4,1,0,1,2,4.6,saldo tujuan tidak konsisten secara logika,1,1
CASH_IN,CASH_IN · nominal sedang,8,409656,15707014,0.026,13,0,1,1,0,2,1.14,saldo awal pengirim sangat ekstrem,1,0
TRANSFER,CASH_OUT · nominal besar,16,801914,0,0.0,16,2,1,1,0,2,1.53,saldo tujuan sangat ekstrem,1,0
CASH_OUT,CASH_OUT · nominal besar,2,151860,91063,1.668,16,3,0,0,0,0,1.99,saldo tujuan sangat ekstrem,0,0
CASH_IN,CASH_IN · nominal sedang,15,174473,10388866,0.017,12,0,1,1,0,2,0.95,saldo awal pengirim sangat ekstrem,1,0
TRANSFER,CASH_IN · nominal sedang,22,3178882,3178882,1.0,6,0,1,1,1,3,4.46,saldo tujuan tidak konsisten secara logika,1,1
TRANSFER,PAYMENT · nominal kecil,11,56847,56847,1.0,9,4,1,0,1,2,2.94,saldo pengirim tidak konsisten secara logika,1,1
CASH_OUT,PAYMENT · nominal kecil,7,99169,99169,1.0,4,4,0,0,0,0,3.22,saldo pengirim tidak konsisten secara logika,0,1
TRANSFER,CASH_IN · nominal sedang,30,2763398,2763398,1.0,3,0,1,1,1,3,4.8,saldo tujuan tidak konsisten secara logika,1,1
CASH_IN,CASH_IN · nominal sedang,10,182691,35268,5.18,10,0,1,0,0,1,1.94,saldo tujuan sangat ekstrem,0,0
PAYMENT,PAYMENT · nominal kecil,14,25962,160026,0.162,10,4,0,0,0,0,1.47,menguras hampir seluruh saldo,0,0
CASH_OUT,CASH_OUT · nominal besar,1,276562,11532,10.0,17,3,1,0,0,1,2.48,menguras hampir seluruh saldo,0,0
CASH_OUT,CASH_OUT · nominal besar,8,122659,186,10.0,12,3,1,0,0,1,1.44,menguras hampir seluruh saldo,0,0
PAYMENT,PAYMENT · nominal kecil,29,35736,30764,1.162,16,1,0,0,0,0,1.91,saldo tujuan sangat ekstrem,0,0
TRANSFER,CASH_OUT · nominal besar,29,494470,240720,2.054,14,3,0,0,0,0,2.23,nominal transaksi sangat ekstrem,0,0
CASH_OUT,CASH_OUT · nominal besar,17,162125,0,0.0,19,2,1,0,0,1,0.96,saldo tujuan sangat ekstrem,0,0
CASH_IN,CASH_IN · nominal sedang,6,44337,4846660,0.009,18,0,1,0,0,1,0.9,saldo awal pengirim sangat ekstrem,0,0
CASH_IN,CASH_IN · nominal sedang,9,74274,18379614,0.004,17,0,1,1,0,2,0.71,saldo awal pengirim sangat ekstrem,1,0
CASH_OUT,PAYMENT · nominal kecil,13,46661,46661,1.0,16,4,0,0,0,0,2.17,saldo pengirim tidak konsisten secara logika,0,1
TRANSFER,PAYMENT · nominal kecil,24,244520,244520,1.0,6,4,1,0,1,2,3.81,saldo tujuan tidak konsisten secara logika,1,1
PAYMENT,PAYMENT · nominal kecil,17,11682,43683,0.267,22,4,0,0,0,0,1.57,menguras hampir seluruh saldo,0,0
TRANSFER,CASH_IN · nominal sedang,29,1411271,1411271,1.0,14,0,1,1,1,3,3.7,saldo tujuan tidak konsisten secara logika,1,1
TRANSFER,CASH_OUT · nominal besar,17,822037,201634,4.077,12,3,1,0,0,1,2.13,nominal transaksi sangat ekstrem,0,0
CASH_OUT,CASH_OUT · nominal besar,13,106463,0,0.0,15,2,0,0,0,0,0.45,menguras hampir seluruh saldo,0,0
CASH_OUT,PAYMENT · nominal kecil,14,15178,15178,1.0,14,4,0,0,0,0,2.09,saldo pengirim tidak konsisten secara logika,0,1
CASH_OUT,CASH_OUT · nominal besar,10,63867,0,0.0,14,2,0,0,0,0,0.71,menguras hampir seluruh saldo,0,0
CASH_IN,CASH_IN · nominal sedang,2,193881,10255249,0.019,18,0,1,1,0,2,0.86,saldo awal pengirim sangat ekstrem,1,0
CASH_IN,CASH_IN · nominal sedang,15,290645,10979325,0.026,15,0,1,1,0,2,1.04,saldo tujuan sangat ekstrem,1,0
CASH_OUT,CASH_OUT · nominal besar,2,188076,0,0.0,13,2,1,0,0,1,0.71,saldo tujuan sangat ekstrem,0,0
CASH_OUT,PAYMENT · nominal kecil,27,61846,61846,1.0,23,4,0,0,0,0,2.94,saldo pengirim tidak konsisten secara logika,0,1
CASH_IN,CASH_IN · nominal sedang,13,233575,22241792,0.011,9,0,1,1,0,2,1.65,saldo awal pengirim sangat ekstrem,1,0
CASH_OUT,CASH_OUT · nominal besar,10,39148,0,0.0,22,2,0,0,0,0,1.79,menguras hampir seluruh saldo,0,0
CASH_IN,CASH_IN · nominal sedang,10,7058,19876546,0.0,14,0,1,1,0,2,1.85,saldo awal pengirim sangat ekstrem,1,0
PAYMENT,PAYMENT · nominal kecil,14,43902,217553,0.202,15,4,0,0,0,0,0.98,menguras hampir seluruh saldo,0,0
CASH_OUT,CASH_OUT · nominal besar,7,173077,0,0.0,12,2,0,0,0,0,0.87,menguras hampir seluruh saldo,0,0
CASH_OUT,CASH_OUT · nominal besar,4,10000000,10000000,1.0,10,3,1,1,0,2,4.22,nominal transaksi sangat ekstrem,1,1
CASH_OUT,CASH_OUT · nominal besar,16,127756,55506,2.302,18,3,0,0,0,0,1.95,saldo tujuan sangat ekstrem,0,0
CASH_OUT,CASH_OUT · nominal besar,14,92512,14378,6.434,23,3,0,0,0,0,2.05,menguras hampir seluruh saldo,0,0
PAYMENT,PAYMENT · nominal kecil,7,47978,356292,0.135,17,4,0,0,0,0,1.09,menguras hampir seluruh saldo,0,0
CASH_OUT,PAYMENT · nominal kecil,12,191427,191427,1.0,13,4,0,0,0,0,2.72,saldo pengirim tidak konsisten secara logika,0,1
CASH_OUT,CASH_OUT · nominal besar,10,142341,26367,5.398,15,3,0,0,0,0,1.08,menguras hampir seluruh saldo,0,0
PAYMENT,PAYMENT · nominal kecil,14,13539,0,0.0,17,1,0,0,0,0,0.64,menguras hampir seluruh saldo,0,0
CASH_IN,CASH_IN · nominal sedang,6,296214,3268864,0.091,15,0,1,1,0,2,0.9,saldo tujuan sangat ekstrem,1,0
PAYMENT,PAYMENT · nominal kecil,2,39261,88386,0.444,13,4,0,0,0,0,1.08,menguras hampir seluruh saldo,0,0
CASH_OUT,CASH_OUT · nominal besar,8,383582,49677,7.722,11,3,0,0,0,0,1.37,menguras hampir seluruh saldo,0,0
PAYMENT,PAYMENT · nominal kecil,1,13492,12081,1.117,14,4,0,0,0,0,1.6,saldo pengirim tidak konsisten secara logika,0,0
PAYMENT,PAYMENT · nominal kecil,2,9845,0,0.0,14,1,0,0,0,0,0.52,menguras hampir seluruh saldo,0,0
PAYMENT,PAYMENT · nominal kecil,13,15606,0,0.0,14,1,0,0,0,0,0.63,menguras hampir seluruh saldo,0,0
CASH_IN,CASH_IN · nominal sedang,12,99823,183794,0.543,18,0,1,0,0,1,1.98,menguras hampir seluruh saldo,0,0
CASH_OUT,PAYMENT · nominal kecil,14,1202444,1202444,1.0,1,4,1,0,0,1,4.7,nominal transaksi sangat ekstrem,0,1
CASH_IN,CASH_IN · nominal sedang,29,181287,4755252,0.038,20,0,1,0,0,1,1.21,saldo awal pengirim sangat ekstrem,0,0
TRANSFER,CASH_OUT · nominal besar,16,3194094,0,0.0,20,2,1,1,0,2,2.37,nominal transaksi sangat ekstrem,1,0
CASH_OUT,CASH_OUT · nominal besar,12,38399,0,0.0,13,2,0,0,0,0,1.04,menguras hampir seluruh saldo,0,0
PAYMENT,CASH_OUT · nominal besar,7,7374,152,10.0,11,3,1,0,0,1,2.88,menguras hampir seluruh saldo,0,0
PAYMENT,PAYMENT · nominal kecil,11,2327,236,9.86,21,1,1,0,0,1,3.14,menguras hampir seluruh saldo,0,0
CASH_IN,CASH_IN · nominal sedang,13,103157,12138544,0.008,18,0,1,1,0,2,0.92,saldo awal pengirim sangat ekstrem,1,0
CASH_OUT,CASH_OUT · nominal besar,6,107794,0,0.0,14,2,0,0,0,0,0.58,menguras hampir seluruh saldo,0,0
PAYMENT,PAYMENT · nominal kecil,13,19181,11244,1.706,14,1,0,0,0,0,1.68,saldo tujuan sangat ekstrem,0,0
TRANSFER,PAYMENT · nominal kecil,20,86112,86112,1.0,8,4,1,0,1,2,3.19,saldo pengirim tidak konsisten secara logika,1,1
CASH_IN,CASH_IN · nominal sedang,22,105177,14890714,0.007,18,0,1,1,0,2,0.81,saldo awal pengirim sangat ekstrem,1,0
PAYMENT,PAYMENT · nominal kecil,14,32573,0,0.0,20,1,0,0,0,0,1.42,menguras hampir seluruh saldo,0,0
TRANSFER,PAYMENT · nominal kecil,17,65365,65365,1.0,17,4,1,0,1,2,2.59,saldo pengirim tidak konsisten secara logika,1,1
CASH_OUT,CASH_OUT · nominal besar,1,118558,69591,1.704,22,3,0,0,0,0,2.71,saldo tujuan sangat ekstrem,0,0
CASH_IN,CASH_IN · nominal sedang,7,170915,23885,7.156,18,0,1,0,0,1,2.03,menguras hampir seluruh saldo,0,0
CASH_IN,CASH_IN · nominal sedang,9,252878,10698623,0.024,12,0,1,1,0,2,1.05,saldo awal pengirim sangat ekstrem,1,0
CASH_IN,CASH_OUT · nominal besar,2,167989,3778816,0.044,15,3,1,1,0,2,3.79,saldo tujuan tidak konsisten secara logika,1,0
TRANSFER,CASH_IN · nominal sedang,7,7114590,7114590,1.0,2,0,1,1,1,3,5.18,saldo tujuan tidak konsisten secara logika,1,1
TRANSFER,CASH_IN · nominal sedang,18,1346265,1346265,1.0,16,0,1,0,1,2,3.68,saldo tujuan tidak konsisten secara logika,1,1
CASH_IN,CASH_IN · nominal sedang,11,91058,134001,0.68,23,0,1,0,0,1,2.6,menguras hampir seluruh saldo,0,0
PAYMENT,PAYMENT · nominal kecil,14,11827,39869,0.297,15,4,0,0,0,0,0.5,menguras hampir seluruh saldo,0,0
CASH_OUT,PAYMENT · nominal kecil,4,1619332,1619332,1.0,7,4,1,0,0,1,3.69,nominal transaksi sangat ekstrem,0,1
PAYMENT,PAYMENT · nominal kecil,14,21534,0,0.0,17,1,0,0,0,0,0.8,menguras hampir seluruh saldo,0,0
CASH_IN,CASH_IN · nominal sedang,1,117019,22074022,0.005,20,0,1,1,0,2,1.24,saldo awal pengirim sangat ekstrem,1,0
CASH_IN,CASH_IN · nominal sedang,13,61257,26972,2.271,17,0,1,0,0,1,0.93,saldo awal pengirim sangat ekstrem,0,0
PAYMENT,PAYMENT · nominal kecil,11,1753,8977,0.195,20,4,0,0,0,0,1.51,menguras hampir seluruh saldo,0,0
PAYMENT,PAYMENT · nominal kecil,12,12575,0,0.0,18,1,0,0,0,0,0.79,menguras hampir seluruh saldo,0,0
CASH_OUT,CASH_OUT · nominal besar,8,286913,20710,10.0,21,3,1,0,0,1,2.86,menguras hampir seluruh saldo,0,0
TRANSFER,CASH_IN · nominal sedang,10,3452539,3452539,1.0,1,0,1,1,1,3,5.14,saldo tujuan tidak konsisten secara logika,1,1
CASH_OUT,PAYMENT · nominal kecil,12,127917,127917,1.0,1,4,0,0,0,0,4.22,saldo pengirim tidak konsisten secara logika,0,1
CASH_OUT,PAYMENT · nominal kecil,15,15681,40322,0.389,13,4,0,0,0,0,2.01,menguras hampir seluruh saldo,0,0
CASH_OUT,PAYMENT · nominal kecil,7,1438,0,0.0,15,1,0,0,0,0,2.48,menguras hampir seluruh saldo,0,0
CASH_IN,CASH_IN · nominal sedang,28,335099,9763416,0.034,21,0,1,1,0,2,1.6,saldo awal pengirim sangat ekstrem,1,0
PAYMENT,CASH_OUT · nominal besar,6,12619,144,10.0,0,3,1,0,1,2,4.31,menguras hampir seluruh saldo,1,0
PAYMENT,PAYMENT · nominal kecil,17,35329,21858,1.616,17,1,0,0,0,0,1.91,saldo tujuan sangat ekstrem,0,0
CASH_IN,CASH_OUT · nominal besar,10,150956,9612,10.0,21,3,1,0,0,1,2.74,menguras hampir seluruh saldo,0,0
PAYMENT,PAYMENT · nominal kecil,1,18343,162549,0.113,14,4,0,0,0,0,0.7,menguras hampir seluruh saldo,0,0
CASH_OUT,CASH_OUT · nominal besar,9,216453,22218,9.742,9,3,1,0,0,1,1.74,menguras hampir seluruh saldo,0,0
CASH_IN,CASH_IN · nominal sedang,7,77818,13632032,0.006,18,0,1,1,0,2,0.82,saldo awal pengirim sangat ekstrem,1,0
CASH_OUT,CASH_OUT · nominal besar,16,83021,0,0.0,21,2,1,0,0,1,1.41,saldo tujuan sangat ekstrem,0,0
CASH_OUT,CASH_OUT · nominal besar,12,332192,0,0.0,17,2,1,0,0,1,0.76,saldo tujuan sangat ekstrem,0,0
CASH_IN,CASH_OUT · nominal besar,19,328578,15647,10.0,13,3,1,0,0,1,2.58,menguras hampir seluruh saldo,0,0
CASH_OUT,CASH_OUT · nominal besar,11,242105,22583,10.0,13,3,1,1,0,2,1.51,saldo tujuan sangat ekstrem,1,0
CASH_OUT,CASH_OUT · nominal besar,7,259649,0,0.0,17,2,1,0,0,1,1.93,menguras hampir seluruh saldo,0,0
CASH_OUT,CASH_OUT · nominal besar,8,393920,2441,10.0,14,3,1,0,0,1,1.67,menguras hampir seluruh saldo,0,0
TRANSFER,PAYMENT · nominal kecil,19,146061,146061,1.0,18,4,1,0,0,1,2.94,saldo pengirim tidak konsisten secara logika,0,1
CASH_IN,CASH_IN · nominal sedang,13,273341,5380788,0.051,22,0,1,1,0,2,1.83,saldo tujuan sangat ekstrem,1,0
CASH_OUT,PAYMENT · nominal kecil,6,166445,416161,0.4,15,4,0,0,0,0,1.99,menguras hampir seluruh saldo,0,0
TRANSFER,CASH_OUT · nominal besar,2,432978,3142,10.0,19,3,1,0,0,1,2.12,menguras hampir seluruh saldo,0,0
PAYMENT,PAYMENT · nominal kecil,10,1233,57,10.0,0,1,1,0,1,2,4.61,menguras hampir seluruh saldo,1,0
TRANSFER,CASH_OUT · nominal besar,16,1414442,104696,10.0,12,3,1,0,0,1,1.99,menguras hampir seluruh saldo,0,0
TRANSFER,CASH_IN · nominal sedang,24,10000000,23576298,0.424,2,0,1,1,1,3,5.29,saldo tujuan tidak konsisten secara logika,1,1
CASH_IN,CASH_IN · nominal sedang,22,75293,9745424,0.008,10,0,1,1,0,2,1.33,saldo awal pengirim sangat ekstrem,1,0
PAYMENT,CASH_OUT · nominal besar,1,14434,1164,10.0,19,3,1,0,0,1,2.55,menguras hampir seluruh saldo,0,0
CASH_IN,CASH_IN · nominal sedang,1,85044,14352895,0.006,21,0,1,1,0,2,1.42,saldo awal pengirim sangat ekstrem,1,0
CASH_IN,CASH_IN · nominal sedang,16,215113,15881811,0.014,12,0,1,1,0,2,1.02,saldo awal pengirim sangat ekstrem,1,0
TRANSFER,CASH_IN · nominal sedang,29,971134,971134,1.0,16,0,1,0,1,2,3.61,saldo tujuan tidak konsisten secara logika,1,1
CASH_OUT,CASH_OUT · nominal besar,8,196826,0,0.0,12,2,1,1,0,2,0.94,saldo tujuan sangat ekstrem,1,0
TRANSFER,CASH_OUT · nominal besar,17,2360557,0,0.0,12,2,1,1,0,2,2.1,nominal transaksi sangat ekstrem,1,0
CASH_IN,CASH_IN · nominal sedang,13,196627,21317308,0.009,17,0,1,1,0,2,0.81,saldo awal pengirim sangat ekstrem,1,0
CASH_OUT,PAYMENT · nominal kecil,8,106642,106642,1.0,8,4,0,0,0,0,2.63,saldo pengirim tidak konsisten secara logika,0,1
PAYMENT,PAYMENT · nominal kecil,1,6185,11485,0.538,22,4,0,0,0,0,1.62,menguras hampir seluruh saldo,0,0
CASH_OUT,CASH_OUT · nominal besar,2,4919642,4919642,1.0,21,3,1,1,0,2,4.08,nominal transaksi sangat ekstrem,1,1
TRANSFER,PAYMENT · nominal kecil,15,376059,376059,1.0,22,4,1,0,1,2,3.62,saldo tujuan tidak konsisten secara logika,1,1
CASH_OUT,PAYMENT · nominal kecil,8,908858,908858,1.0,2,4,1,0,0,1,4.21,nominal transaksi sangat ekstrem,0,1
PAYMENT,PAYMENT · nominal kecil,11,26230,0,0.0,17,1,0,0,0,0,0.89,menguras hampir seluruh saldo,0,0
PAYMENT,PAYMENT · nominal kecil,16,2304,107,10.0,23,1,1,0,0,1,3.37,menguras hampir seluruh saldo,0,0
TRANSFER,PAYMENT · nominal kecil,24,151715,151715,1.0,20,4,1,0,1,2,3.07,saldo pengirim tidak konsisten secara logika,1,1
CASH_OUT,PAYMENT · nominal kecil,24,112959,112959,1.0,13,4,0,0,0,0,2.35,saldo pengirim tidak konsisten secara logika,0,1
CASH_OUT,PAYMENT · nominal kecil,21,21832,21832,1.0,20,4,0,0,0,0,2.02,saldo pengirim tidak konsisten secara logika,0,1
CASH_IN,CASH_IN · nominal sedang,17,25511,29372974,0.001,14,0,1,1,0,2,1.19,saldo awal pengirim sangat ekstrem,1,0
CASH_IN,CASH_OUT · nominal besar,15,299564,18971,10.0,16,3,1,0,0,1,2.58,menguras hampir seluruh saldo,0,0
CASH_OUT,CASH_OUT · nominal besar,5,3595912,3595912,1.0,15,3,1,1,0,2,3.68,nominal transaksi sangat ekstrem,1,1
CASH_IN,CASH_IN · nominal sedang,9,323941,16472620,0.02,12,0,1,1,0,2,1.22,saldo awal pengirim sangat ekstrem,1,0
CASH_OUT,CASH_OUT · nominal besar,8,68476,0,0.0,14,2,0,0,0,0,0.66,menguras hampir seluruh saldo,0,0
TRANSFER,CASH_OUT · nominal besar,11,109834,0,0.0,17,2,0,0,0,0,1.19,menguras hampir seluruh saldo,0,0
TRANSFER,CASH_OUT · nominal besar,10,729660,20579,10.0,16,3,1,0,0,1,1.74,menguras hampir seluruh saldo,0,0
TRANSFER,CASH_IN · nominal sedang,31,10000000,11810045,0.847,14,0,1,1,1,3,4.29,saldo tujuan tidak konsisten secara logika,1,1
CASH_OUT,CASH_OUT · nominal besar,2,138039,0,0.0,16,2,0,0,0,0,0.36,menguras hampir seluruh saldo,0,0
CASH_IN,CASH_IN · nominal sedang,2,84437,36306,2.326,13,0,1,0,0,1,0.95,saldo tujuan sangat ekstrem,0,0
CASH_IN,CASH_IN · nominal sedang,17,71842,23525498,0.003,20,0,1,1,0,2,1.26,saldo awal pengirim sangat ekstrem,1,0
CASH_OUT,PAYMENT · nominal kecil,22,501101,501101,1.0,0,4,1,0,0,1,4.66,nominal transaksi sangat ekstrem,0,1
CASH_OUT,PAYMENT · nominal kecil,6,222097,222097,1.0,5,4,0,0,0,0,3.57,saldo pengirim tidak konsisten secara logika,0,1
TRANSFER,CASH_OUT · nominal besar,9,2925772,0,0.0,20,2,1,1,0,2,2.37,saldo tujuan sangat ekstrem,1,0
TRANSFER,CASH_OUT · nominal besar,9,102692,40305,2.548,22,3,0,0,0,0,2.75,saldo tujuan sangat ekstrem,0,0
PAYMENT,PAYMENT · nominal kecil,10,16912,22620,0.748,18,4,0,0,0,0,0.83,menguras hampir seluruh saldo,0,0
CASH_OUT,PAYMENT · nominal kecil,19,842554,842554,1.0,4,4,1,0,0,1,4.16,nominal transaksi sangat ekstrem,0,1
CASH_OUT,CASH_OUT · nominal besar,16,39198,0,0.0,15,2,0,0,0,0,0.87,menguras hampir seluruh saldo,0,0
PAYMENT,PAYMENT · nominal kecil,12,7207,282460,0.026,15,4,0,0,0,0,0.56,menguras hampir seluruh saldo,0,0
CASH_IN,CASH_IN · nominal sedang,16,169633,27813618,0.006,14,0,1,1,0,2,0.79,saldo awal pengirim sangat ekstrem,1,0
TRANSFER,CASH_OUT · nominal besar,26,524905,0,0.0,19,2,1,1,0,2,1.63,saldo tujuan sangat ekstrem,1,0
TRANSFER,PAYMENT · nominal kecil,6,417726,458489,0.911,18,4,1,0,1,2,3.18,saldo tujuan sangat ekstrem,1,0
CASH_IN,CASH_IN · nominal sedang,7,97983,13493903,0.007,17,0,1,1,0,2,0.68,saldo awal pengirim sangat ekstrem,1,0
PAYMENT,PAYMENT · nominal kecil,29,10241,9946,1.03,18,4,0,0,0,0,1.39,saldo pengirim tidak konsisten secara logika,0,0
DEBIT,PAYMENT · nominal kecil,10,699,66188,0.011,20,4,1,0,1,2,2.96,saldo tujuan sangat ekstrem,1,0
CASH_IN,CASH_OUT · nominal besar,11,164852,196,10.0,16,3,1,0,0,1,2.56,menguras hampir seluruh saldo,0,0
CASH_IN,CASH_IN · nominal sedang,14,42319,3340317,0.013,9,0,1,0,0,1,1.6,saldo awal pengirim sangat ekstrem,0,0
CASH_OUT,PAYMENT · nominal kecil,15,80800,80800,1.0,13,4,0,0,0,0,1.77,saldo pengirim tidak konsisten secara logika,0,1
CASH_IN,CASH_IN · nominal sedang,17,108866,17611926,0.006,19,0,1,1,0,2,1.01,saldo awal pengirim sangat ekstrem,1,0
TRANSFER,CASH_OUT · nominal besar,7,535389,0,0.0,19,2,0,0,0,0,1.58,nominal transaksi sangat ekstrem,0,0
PAYMENT,PAYMENT · nominal kecil,10,3589,19562,0.183,15,4,0,0,0,0,0.76,menguras hampir seluruh saldo,0,0
TRANSFER,CASH_OUT · nominal besar,14,915236,32798,10.0,11,3,1,0,0,1,2.3,menguras hampir seluruh saldo,0,0
PAYMENT,PAYMENT · nominal kecil,11,10030,3955,2.536,21,1,0,0,0,0,2.0,saldo tujuan sangat ekstrem,0,0
CASH_IN,CASH_IN · nominal sedang,2,30510,12820902,0.002,22,0,1,1,0,2,1.81,saldo awal pengirim sangat ekstrem,1,0
CASH_OUT,CASH_OUT · nominal besar,8,314008,0,0.0,11,2,0,0,0,0,1.14,menguras hampir seluruh saldo,0,0
CASH_OUT,CASH_OUT · nominal besar,10,9500,0,0.0,20,2,1,1,0,2,2.02,saldo tujuan sangat ekstrem,1,0
PAYMENT,PAYMENT · nominal kecil,15,8508,4052,2.1,18,1,0,0,0,0,1.6,saldo pengirim tidak konsisten secara logika,0,0
CASH_OUT,CASH_OUT · nominal besar,29,337275,0,0.0,12,2,0,0,0,0,0.95,menguras hampir seluruh saldo,0,0
CASH_OUT,CASH_OUT · nominal besar,12,5926746,5926746,1.0,7,3,1,1,0,2,4.35,nominal transaksi sangat ekstrem,1,1
PAYMENT,PAYMENT · nominal kecil,13,46431,0,0.0,19,1,0,0,0,0,1.39,menguras hampir seluruh saldo,0,0
TRANSFER,CASH_OUT · nominal besar,2,298901,113577,2.632,21,3,0,0,0,0,2.32,saldo tujuan sangat ekstrem,0,0
TRANSFER,CASH_IN · nominal sedang,1,1096187,1096187,1.0,2,0,1,0,1,2,4.77,saldo tujuan tidak konsisten secara logika,1,1
CASH_OUT,CASH_OUT · nominal besar,16,390499,0,0.0,19,2,0,0,0,0,1.07,menguras hampir seluruh saldo,0,0
CASH_IN,CASH_IN · nominal sedang,2,240712,4589682,0.052,18,0,1,0,0,1,0.87,saldo awal pengirim sangat ekstrem,0,0
CASH_OUT,CASH_OUT · nominal besar,9,171244,0,0.0,18,2,0,0,0,0,0.72,menguras hampir seluruh saldo,0,0
CASH_OUT,PAYMENT · nominal kecil,7,30181,166365,0.181,22,4,0,0,0,0,2.57,menguras hampir seluruh saldo,0,0
CASH_IN,PAYMENT · nominal kecil,1,2458,10816915,0.0,16,4,1,1,0,2,3.65,saldo awal pengirim sangat ekstrem,1,0
CASH_IN,CASH_IN · nominal sedang,14,44758,3984868,0.011,15,0,1,0,0,1,0.76,saldo awal pengirim sangat ekstrem,0,0
CASH_IN,CASH_OUT · nominal besar,14,179700,7037,10.0,19,3,1,0,0,1,2.58,menguras hampir seluruh saldo,0,0
CASH_OUT,CASH_OUT · nominal besar,17,262191,0,0.0,12,2,0,0,0,0,0.9,menguras hampir seluruh saldo,0,0
CASH_OUT,CASH_OUT · nominal besar,27,3020974,3020974,1.0,1,3,1,1,0,2,4.93,nominal transaksi sangat ekstrem,1,1
PAYMENT,PAYMENT · nominal kecil,17,3860,21182,0.182,14,4,0,0,0,0,0.8,menguras hampir seluruh saldo,0,0
CASH_IN,CASH_IN · nominal sedang,14,352525,19236272,0.018,10,0,1,1,0,2,1.56,saldo awal pengirim sangat ekstrem,1,0
TRANSFER,PAYMENT · nominal kecil,23,412668,412668,1.0,16,4,1,0,1,2,3.35,saldo tujuan tidak konsisten secara logika,1,1
CASH_OUT,CASH_OUT · nominal besar,1,263154,0,0.0,13,2,1,0,0,1,2.14,menguras hampir seluruh saldo,0,0
CASH_IN,CASH_IN · nominal sedang,7,67360,12591425,0.005,14,0,1,1,0,2,0.76,saldo awal pengirim sangat ekstrem,1,0
CASH_OUT,PAYMENT · nominal kecil,23,116295,157263,0.739,12,4,0,0,0,0,2.5,menguras hampir seluruh saldo,0,0
CASH_IN,CASH_IN · nominal sedang,12,29784,5257164,0.006,16,0,1,0,0,1,0.9,saldo awal pengirim sangat ekstrem,0,0
CASH_IN,CASH_IN · nominal sedang,16,33647,21276010,0.002,15,0,1,1,0,2,0.94,saldo awal pengirim sangat ekstrem,1,0
PAYMENT,PAYMENT · nominal kecil,15,33704,0,0.0,19,1,0,0,0,0,1.26,menguras hampir seluruh saldo,0,0
PAYMENT,PAYMENT · nominal kecil,7,20184,12237,1.65,1,1,0,0,0,0,3.7,saldo tujuan sangat ekstrem,0,0
CASH_OUT,PAYMENT · nominal kecil,21,144452,144452,1.0,13,4,0,0,0,0,2.47,saldo pengirim tidak konsisten secara logika,0,1
PAYMENT,PAYMENT · nominal kecil,12,1746,100448,0.017,11,4,0,0,0,0,1.49,menguras hampir seluruh saldo,0,0
PAYMENT,PAYMENT · nominal kecil,16,12614,41730,0.302,20,4,0,0,0,0,1.14,menguras hampir seluruh saldo,0,0
CASH_IN,CASH_OUT · nominal besar,13,106676,7275,10.0,20,3,1,0,0,1,2.57,menguras hampir seluruh saldo,0,0
CASH_IN,CASH_IN · nominal sedang,1,61135,13644376,0.004,18,0,1,1,0,2,0.89,saldo awal pengirim sangat ekstrem,1,0
CASH_IN,CASH_IN · nominal sedang,7,202557,51573,3.928,16,0,1,0,0,1,2.15,menguras hampir seluruh saldo,0,0
CASH_OUT,PAYMENT · nominal kecil,22,497929,497929,1.0,19,4,1,0,0,1,3.23,saldo tujuan sangat ekstrem,0,1
CASH_IN,CASH_IN · nominal sedang,10,131269,2218792,0.059,15,0,1,0,0,1,0.36,menguras hampir seluruh saldo,0,0
PAYMENT,PAYMENT · nominal kecil,1,25130,84126,0.299,8,4,0,0,0,0,1.88,menguras hampir seluruh saldo,0,0
CASH_IN,CASH_IN · nominal sedang,8,33970,354988,0.096,19,0,1,0,0,1,1.21,saldo tujuan sangat ekstrem,0,0
CASH_OUT,CASH_OUT · nominal besar,14,66070,0,0.0,14,2,0,0,0,0,0.68,menguras hampir seluruh saldo,0,0
CASH_OUT,CASH_OUT · nominal besar,8,535863,0,0.0,16,2,0,0,0,0,0.81,nominal transaksi sangat ekstrem,0,0
CASH_OUT,PAYMENT · nominal kecil,12,64319,64319,1.0,7,4,0,0,0,0,3.12,saldo tujuan sangat ekstrem,0,1
CASH_OUT,PAYMENT · nominal kecil,26,347893,347893,1.0,19,4,0,0,0,0,2.46,saldo pengirim tidak konsisten secara logika,0,1
CASH_OUT,PAYMENT · nominal kecil,9,590229,590229,1.0,7,4,1,0,0,1,3.57,nominal transaksi sangat ekstrem,0,1
TRANSFER,CASH_IN · nominal sedang,16,692895,692895,1.0,3,0,1,0,1,2,4.55,saldo tujuan tidak konsisten secara logika,1,1
TRANSFER,CASH_IN · nominal sedang,3,969259,969259,1.0,4,0,1,0,1,2,4.46,saldo tujuan tidak konsisten secara logika,1,1
CASH_OUT,PAYMENT · nominal kecil,12,395532,395532,1.0,6,4,0,0,0,0,3.25,nominal transaksi sangat ekstrem,0,1
TRANSFER,CASH_OUT · nominal besar,1,865659,202648,4.272,13,3,1,1,1,3,3.38,saldo tujuan tidak konsisten secara logika,1,0
CASH_IN,CASH_IN · nominal sedang,9,113664,4038684,0.028,22,0,1,1,0,2,1.68,saldo tujuan sangat ekstrem,1,0
CASH_OUT,CASH_OUT · nominal besar,7,151628,0,0.0,19,2,0,0,0,0,0.91,menguras hampir seluruh saldo,0,0
CASH_IN,CASH_IN · nominal sedang,8,118847,395918,0.3,21,0,1,0,0,1,2.28,menguras hampir seluruh saldo,0,0
PAYMENT,PAYMENT · nominal kecil,12,6450,10212,0.632,9,4,0,0,0,0,1.64,menguras hampir seluruh saldo,0,0
CASH_OUT,CASH_OUT · nominal besar,10,381964,50762,7.525,21,3,0,0,0,0,2.03,menguras hampir seluruh saldo,0,0
CASH_OUT,PAYMENT · nominal kecil,23,3547486,3547486,1.0,3,4,1,1,0,2,4.57,nominal transaksi sangat ekstrem,1,1
CASH_OUT,CASH_OUT · nominal besar,1,131338,0,0.0,18,2,0,0,0,0,0.72,menguras hampir seluruh saldo,0,0
CASH_OUT,CASH_OUT · nominal besar,16,123309,49565,2.488,19,3,0,0,0,0,1.83,saldo tujuan sangat ekstrem,0,0
CASH_OUT,CASH_OUT · nominal besar,9,103298,9959,10.0,15,3,1,0,0,1,1.57,menguras hampir seluruh saldo,0,0
TRANSFER,CASH_OUT · nominal besar,16,78752,0,0.0,23,2,1,1,0,2,2.16,saldo tujuan sangat ekstrem,1,0
CASH_OUT,CASH_OUT · nominal besar,11,140222,49439,2.836,11,3,0,0,0,0,1.8,saldo tujuan sangat ekstrem,0,0
PAYMENT,PAYMENT · nominal kecil,15,5958,0,0.0,20,1,0,0,0,0,1.19,menguras hampir seluruh saldo,0,0
TRANSFER,PAYMENT · nominal kecil,7,115536,115536,1.0,9,4,1,0,1,2,3.17,saldo pengirim tidak konsisten secara logika,1,1
CASH_OUT,PAYMENT · nominal kecil,15,74390,109314,0.681,21,4,0,0,0,0,2.06,menguras hampir seluruh saldo,0,0
PAYMENT,PAYMENT · nominal kecil,7,27566,0,0.0,19,1,0,0,0,0,1.19,menguras hampir seluruh saldo,0,0
TRANSFER,PAYMENT · nominal kecil,9,566156,566156,1.0,13,4,1,0,1,2,3.55,saldo tujuan tidak konsisten secara logika,1,1
CASH_OUT,CASH_OUT · nominal besar,11,188406,11050,10.0,14,3,1,0,0,1,0.99,menguras hampir seluruh saldo,0,0
PAYMENT,PAYMENT · nominal kecil,7,19894,84296,0.236,9,4,0,0,0,0,1.63,menguras hampir seluruh saldo,0,0
PAYMENT,PAYMENT · nominal kecil,17,15293,488681,0.031,19,4,1,0,0,1,1.01,menguras hampir seluruh saldo,0,0
CASH_OUT,CASH_OUT · nominal besar,14,344821,20512,10.0,10,3,1,0,0,1,1.61,menguras hampir seluruh saldo,0,0
CASH_IN,CASH_IN · nominal sedang,13,57903,9881898,0.006,20,0,1,1,0,2,1.24,saldo awal pengirim sangat ekstrem,1,0
CASH_IN,CASH_IN · nominal sedang,8,35692,105853,0.337,19,0,1,0,0,1,1.17,menguras hampir seluruh saldo,0,0
CASH_IN,CASH_IN · nominal sedang,2,105322,15491698,0.007,13,0,1,1,0,2,0.9,saldo awal pengirim sangat ekstrem,1,0
CASH_OUT,CASH_OUT · nominal besar,1,254268,891,10.0,15,3,1,0,0,1,1.62,menguras hampir seluruh saldo,0,0
CASH_IN,CASH_IN · nominal sedang,2,8698,21182170,0.0,18,0,1,1,0,2,1.76,saldo awal pengirim sangat ekstrem,1,0
CASH_IN,CASH_OUT · nominal besar,7,272973,547,10.0,10,3,1,0,0,1,2.8,menguras hampir seluruh saldo,0,0
CASH_OUT,CASH_OUT · nominal besar,8,87840,15719,5.588,20,3,1,0,0,1,2.31,menguras hampir seluruh saldo,0,0
TRANSFER,PAYMENT · nominal kecil,17,432959,432959,1.0,9,4,1,0,1,2,3.69,saldo tujuan tidak konsisten secara logika,1,1
TRANSFER,CASH_OUT · nominal besar,15,3547592,389098,9.117,11,3,1,1,0,2,2.62,nominal transaksi sangat ekstrem,1,0
PAYMENT,PAYMENT · nominal kecil,16,10903,10750,1.014,17,4,0,0,0,0,1.2,saldo pengirim tidak konsisten secara logika,0,0
CASH_IN,CASH_IN · nominal sedang,13,24379,24987968,0.001,18,0,1,1,0,2,1.27,saldo awal pengirim sangat ekstrem,1,0
CASH_IN,CASH_IN · nominal sedang,6,22854,11394356,0.002,17,0,1,1,0,2,1.15,saldo awal pengirim sangat ekstrem,1,0
PAYMENT,PAYMENT · nominal kecil,13,292,16,10.0,23,1,1,0,1,2,3.8,menguras hampir seluruh saldo,1,0
PAYMENT,PAYMENT · nominal kecil,6,20178,0,0.0,14,1,0,0,0,0,0.73,menguras hampir seluruh saldo,0,0
TRANSFER,PAYMENT · nominal kecil,20,217666,217666,1.0,4,4,1,0,1,2,4.06,saldo tujuan tidak konsisten secara logika,1,1
CASH_OUT,CASH_OUT · nominal besar,2,82426,31503,2.616,12,3,1,1,0,2,3.36,saldo tujuan tidak konsisten secara logika,1,0
PAYMENT,PAYMENT · nominal kecil,9,3135,0,0.0,13,1,0,0,0,0,0.88,menguras hampir seluruh saldo,0,0
CASH_OUT,CASH_OUT · nominal besar,28,916886,916886,1.0,2,3,1,0,0,1,4.59,nominal transaksi sangat ekstrem,0,1
CASH_OUT,CASH_OUT · nominal besar,13,138979,0,0.0,14,2,0,0,0,0,0.48,saldo tujuan sangat ekstrem,0,0
CASH_IN,CASH_IN · nominal sedang,1,3080,11797505,0.0,18,0,1,1,0,2,2.31,saldo awal pengirim sangat ekstrem,1,0
CASH_IN,CASH_IN · nominal sedang,15,30689,13698990,0.002,14,0,1,1,0,2,1.13,saldo awal pengirim sangat ekstrem,1,0
CASH_OUT,PAYMENT · nominal kecil,20,5937,5937,1.0,11,4,0,0,0,0,2.04,saldo pengirim tidak konsisten secara logika,0,1
TRANSFER,CASH_OUT · nominal besar,2,2598493,0,0.0,20,2,1,1,0,2,2.3,nominal transaksi sangat ekstrem,1,0
TRANSFER,CASH_IN · nominal sedang,28,929106,929106,1.0,22,0,1,0,1,2,3.92,saldo tujuan tidak konsisten secara logika,1,1
PAYMENT,PAYMENT · nominal kecil,7,5418,232555,0.023,19,4,0,0,0,0,1.0,menguras hampir seluruh saldo,0,0
PAYMENT,PAYMENT · nominal kecil,17,25327,100684,0.252,21,4,0,0,0,0,1.44,menguras hampir seluruh saldo,0,0
CASH_IN,CASH_IN · nominal sedang,12,21428,12589217,0.002,22,0,1,1,0,2,1.91,saldo awal pengirim sangat ekstrem,1,0
CASH_OUT,PAYMENT · nominal kecil,19,7762,21154,0.367,17,4,0,0,0,0,1.25,menguras hampir seluruh saldo,0,0
CASH_IN,CASH_IN · nominal sedang,17,24624,30620,0.804,18,0,1,0,0,1,1.27,menguras hampir seluruh saldo,0,0
PAYMENT,PAYMENT · nominal kecil,16,38788,10781,3.598,16,1,0,0,0,0,1.97,menguras hampir seluruh saldo,0,0
CASH_IN,CASH_IN · nominal sedang,9,379719,28747000,0.013,12,0,1,1,0,2,1.29,saldo awal pengirim sangat ekstrem,1,0
TRANSFER,CASH_OUT · nominal besar,8,598634,0,0.0,9,2,1,0,0,1,3.01,nominal transaksi sangat ekstrem,0,0
TRANSFER,CASH_OUT · nominal besar,14,1705322,0,0.0,19,2,1,1,0,2,2.02,saldo tujuan sangat ekstrem,1,0
CASH_IN,CASH_OUT · nominal besar,6,128468,5320,10.0,14,3,1,0,0,1,2.3,menguras hampir seluruh saldo,0,0
CASH_IN,CASH_OUT · nominal besar,22,175736,19678,8.931,13,3,1,0,0,1,2.57,menguras hampir seluruh saldo,0,0
CASH_IN,CASH_IN · nominal sedang,13,71122,6163608,0.012,16,0,1,1,0,2,0.76,saldo tujuan sangat ekstrem,1,0
CASH_OUT,PAYMENT · nominal kecil,13,10000000,10000000,1.0,17,4,1,1,0,2,4.11,nominal transaksi sangat ekstrem,1,1
PAYMENT,PAYMENT · nominal kecil,14,5144,22092,0.233,23,4,0,0,0,0,1.83,menguras hampir seluruh saldo,0,0
CASH_IN,CASH_IN · nominal sedang,1,232261,24856346,0.009,19,0,1,1,0,2,1.18,saldo awal pengirim sangat ekstrem,1,0
CASH_OUT,CASH_OUT · nominal besar,9,74049,1265,10.0,15,3,1,0,0,1,1.41,menguras hampir seluruh saldo,0,0
TRANSFER,CASH_IN · nominal sedang,15,5338163,5338163,1.0,19,0,1,1,1,3,4.15,saldo tujuan tidak konsisten secara logika,1,1
CASH_OUT,CASH_OUT · nominal besar,7,489628,0,0.0,19,2,0,0,0,0,1.13,menguras hampir seluruh saldo,0,0
CASH_OUT,CASH_OUT · nominal besar,13,63343,585,10.0,2,3,1,0,0,1,3.28,menguras hampir seluruh saldo,0,0
PAYMENT,PAYMENT · nominal kecil,8,12932,0,0.0,14,1,0,0,0,0,0.57,menguras hampir seluruh saldo,0,0
PAYMENT,PAYMENT · nominal kecil,11,4090,19804,0.207,9,4,0,0,0,0,1.67,menguras hampir seluruh saldo,0,0
CASH_IN,CASH_IN · nominal sedang,15,59577,11466,5.196,19,0,1,1,0,2,1.83,saldo tujuan sangat ekstrem,1,0
TRANSFER,PAYMENT · nominal kecil,23,254773,254773,1.0,9,4,1,0,1,2,3.47,saldo tujuan tidak konsisten secara logika,1,1
CASH_OUT,CASH_OUT · nominal besar,15,224149,567,10.0,19,3,1,0,0,1,1.47,menguras hampir seluruh saldo,0,0
CASH_IN,CASH_IN · nominal sedang,7,242618,4037011,0.06,16,0,1,0,0,1,0.69,saldo awal pengirim sangat ekstrem,0,0
CASH_IN,CASH_IN · nominal sedang,12,46642,12512,3.728,20,0,1,1,0,2,1.74,saldo tujuan sangat ekstrem,1,0
CASH_IN,CASH_IN · nominal sedang,14,8940,30476,0.293,15,0,1,0,0,1,1.67,menguras hampir seluruh saldo,0,0
PAYMENT,PAYMENT · nominal kecil,15,10332,0,0.0,21,1,0,0,0,0,1.39,menguras hampir seluruh saldo,0,0
PAYMENT,PAYMENT · nominal kecil,2,3890,572,6.8,17,1,0,0,0,0,2.13,menguras hampir seluruh saldo,0,0
PAYMENT,PAYMENT · nominal kecil,12,7580,531134,0.014,15,4,1,0,0,1,0.61,menguras hampir seluruh saldo,0,0
TRANSFER,CASH_IN · nominal sedang,15,2239461,2239461,1.0,21,0,1,1,1,3,4.03,saldo tujuan tidak konsisten secara logika,1,1
CASH_IN,CASH_IN · nominal sedang,17,342181,3001891,0.114,18,0,1,0,0,1,1.0,saldo tujuan tidak konsisten secara logika,0,0
CASH_OUT,CASH_OUT · nominal besar,11,2684142,2684142,1.0,18,3,1,1,0,2,3.68,nominal transaksi sangat ekstrem,1,1
PAYMENT,PAYMENT · nominal kecil,6,13375,0,0.0,10,1,0,0,0,0,1.32,menguras hampir seluruh saldo,0,0
TRANSFER,PAYMENT · nominal kecil,7,338230,338230,1.0,7,4,1,0,1,2,3.81,saldo tujuan tidak konsisten secara logika,1,1
CASH_IN,CASH_IN · nominal sedang,8,62771,10791784,0.006,14,0,1,1,0,2,0.64,saldo awal pengirim sangat ekstrem,1,0
PAYMENT,PAYMENT · nominal kecil,9,13338,0,0.0,9,1,0,0,0,0,1.53,menguras hampir seluruh saldo,0,0
CASH_IN,CASH_IN · nominal sedang,17,154436,18631176,0.008,14,0,1,1,0,2,0.69,saldo awal pengirim sangat ekstrem,1,0
CASH_IN,CASH_IN · nominal sedang,6,232158,14936998,0.016,18,0,1,1,0,2,0.99,saldo awal pengirim sangat ekstrem,1,0
PAYMENT,PAYMENT · nominal kecil,13,5043,25617,0.197,19,4,0,0,0,0,1.0,menguras hampir seluruh saldo,0,0
CASH_IN,CASH_IN · nominal sedang,14,18719,12801615,0.001,18,0,1,1,0,2,1.35,saldo awal pengirim sangat ekstrem,1,0
CASH_IN,CASH_IN · nominal sedang,2,152574,10155545,0.015,14,0,1,1,0,2,0.68,saldo awal pengirim sangat ekstrem,1,0
TRANSFER,PAYMENT · nominal kecil,22,159724,159724,1.0,9,4,1,0,1,2,3.29,saldo pengirim tidak konsisten secara logika,1,1
TRANSFER,CASH_OUT · nominal besar,16,476769,0,0.0,9,2,1,0,0,1,1.96,saldo tujuan sangat ekstrem,0,0
TRANSFER,CASH_OUT · nominal besar,13,10000000,288307,10.0,17,3,1,1,1,3,4.36,saldo tujuan tidak konsisten secara logika,1,0
CASH_IN,CASH_IN · nominal sedang,13,112050,10086480,0.011,13,0,1,1,0,2,0.75,saldo awal pengirim sangat ekstrem,1,0
CASH_OUT,PAYMENT · nominal kecil,17,47984,47984,1.0,11,4,0,0,0,0,2.35,saldo pengirim tidak konsisten secara logika,0,1
CASH_OUT,CASH_OUT · nominal besar,11,148606,15018,9.895,14,3,1,0,0,1,1.56,menguras hampir seluruh saldo,0,0
CASH_OUT,PAYMENT · nominal kecil,17,3580542,3580542,1.0,14,4,1,1,0,2,3.56,nominal transaksi sangat ekstrem,1,1
CASH_OUT,PAYMENT · nominal kecil,15,114308,114308,1.0,6,4,0,0,0,0,2.86,saldo pengirim tidak konsisten secara logika,0,1
PAYMENT,PAYMENT · nominal kecil,7,12134,0,0.0,9,1,0,0,0,0,1.53,menguras hampir seluruh saldo,0,0
CASH_OUT,CASH_OUT · nominal besar,9,95066,67,10.0,19,3,1,1,0,2,1.91,saldo tujuan sangat ekstrem,1,0
CASH_IN,CASH_IN · nominal sedang,17,310400,16173908,0.019,16,0,1,1,0,2,0.89,saldo awal pengirim sangat ekstrem,1,0
CASH_OUT,PAYMENT · nominal kecil,6,63784,269767,0.236,16,4,0,0,0,0,2.08,menguras hampir seluruh saldo,0,0
CASH_IN,CASH_IN · nominal sedang,22,150888,21879184,0.007,18,0,1,1,0,2,0.94,saldo awal pengirim sangat ekstrem,1,0
PAYMENT,PAYMENT · nominal kecil,1,4473,13084,0.342,14,4,0,0,0,0,0.78,menguras hampir seluruh saldo,0,0
CASH_OUT,CASH_OUT · nominal besar,1,440843,0,0.0,12,2,1,1,0,2,2.63,saldo tujuan tidak konsisten secara logika,1,0
CASH_OUT,CASH_OUT · nominal besar,13,12627,0,0.0,19,2,0,0,0,0,1.75,menguras hampir seluruh saldo,0,0
PAYMENT,PAYMENT · nominal kecil,15,25333,203388,0.125,10,4,0,0,0,0,1.47,menguras hampir seluruh saldo,0,0
CASH_OUT,CASH_OUT · nominal besar,12,98230,52046,1.887,12,3,0,0,0,0,2.0,saldo awal pengirim sangat ekstrem,0,0
CASH_IN,CASH_IN · nominal sedang,10,1948,406535,0.005,18,0,1,0,0,1,2.59,menguras hampir seluruh saldo,0,0
CASH_OUT,CASH_OUT · nominal besar,16,226085,0,0.0,20,2,1,1,0,2,1.2,saldo tujuan sangat ekstrem,1,0
CASH_IN,CASH_IN · nominal sedang,9,131728,2567998,0.051,18,0,1,0,0,1,0.71,saldo awal pengirim sangat ekstrem,0,0
PAYMENT,PAYMENT · nominal kecil,25,19616,0,0.0,23,1,0,0,0,0,1.9,menguras hampir seluruh saldo,0,0
TRANSFER,PAYMENT · nominal kecil,16,1737,0,0.0,16,1,0,0,0,0,2.45,menguras hampir seluruh saldo,0,0
CASH_OUT,PAYMENT · nominal kecil,2,326884,326884,1.0,12,4,0,0,0,0,2.86,saldo pengirim tidak konsisten secara logika,0,1
PAYMENT,CASH_OUT · nominal besar,13,11451,733,10.0,14,3,1,0,0,1,2.5,menguras hampir seluruh saldo,0,0
CASH_OUT,CASH_OUT · nominal besar,29,38676,0,0.0,16,2,0,0,0,0,0.93,menguras hampir seluruh saldo,0,0
TRANSFER,CASH_OUT · nominal besar,11,1131937,530691,2.133,18,3,1,0,1,2,3.58,nominal transaksi sangat ekstrem,1,0
CASH_OUT,PAYMENT · nominal kecil,4,4094,4094,1.0,13,4,0,0,0,0,2.11,saldo pengirim tidak konsisten secara logika,0,1
CASH_OUT,PAYMENT · nominal kecil,17,205170,205170,1.0,15,4,1,1,0,2,2.92,saldo tujuan sangat ekstrem,1,1
CASH_OUT,PAYMENT · nominal kecil,5,466360,466360,1.0,21,4,1,0,0,1,3.23,nominal transaksi sangat ekstrem,0,1
PAYMENT,PAYMENT · nominal kecil,9,1348,16150,0.083,16,4,0,0,0,0,1.21,menguras hampir seluruh saldo,0,0
TRANSFER,CASH_IN · nominal sedang,20,4364760,4364760,1.0,10,0,1,1,1,3,4.18,saldo tujuan tidak konsisten secara logika,1,1
CASH_IN,CASH_IN · nominal sedang,11,137693,14063417,0.01,13,0,1,1,0,2,0.78,saldo awal pengirim sangat ekstrem,1,0
TRANSFER,PAYMENT · nominal kecil,19,107364,107364,1.0,9,4,1,0,1,2,3.14,saldo pengirim tidak konsisten secara logika,1,1
CASH_IN,CASH_IN · nominal sedang,13,93083,10327298,0.009,22,0,1,1,0,2,1.62,saldo awal pengirim sangat ekstrem,1,0
CASH_OUT,PAYMENT · nominal kecil,31,1312694,1312694,1.0,20,4,1,0,0,1,3.17,nominal transaksi sangat ekstrem,0,1
CASH_OUT,PAYMENT · nominal kecil,13,38513,38513,1.0,4,4,0,0,0,0,3.3,saldo pengirim tidak konsisten secara logika,0,1
CASH_OUT,CASH_OUT · nominal besar,12,30328,0,0.0,14,2,1,1,0,2,1.12,saldo tujuan sangat ekstrem,1,0
PAYMENT,PAYMENT · nominal kecil,6,6189,0,0.0,23,1,0,0,0,0,1.84,menguras hampir seluruh saldo,0,0
CASH_OUT,CASH_OUT · nominal besar,15,183305,41691,4.397,10,3,0,0,0,0,2.06,menguras hampir seluruh saldo,0,0
TRANSFER,CASH_OUT · nominal besar,6,85485,0,0.0,10,2,0,0,0,0,1.69,menguras hampir seluruh saldo,0,0
CASH_OUT,CASH_OUT · nominal besar,25,129117,0,0.0,14,2,0,0,0,0,0.5,menguras hampir seluruh saldo,0,0
CASH_IN,CASH_IN · nominal sedang,13,100353,25713,3.903,20,0,1,0,0,1,2.4,menguras hampir seluruh saldo,0,0
PAYMENT,PAYMENT · nominal kecil,25,213,0,0.0,12,1,0,0,0,0,2.32,menguras hampir seluruh saldo,0,0
CASH_OUT,CASH_OUT · nominal besar,6,346350,25309,10.0,15,3,1,0,0,1,0.98,menguras hampir seluruh saldo,0,0
CASH_OUT,CASH_OUT · nominal besar,13,174097,21067,8.264,18,3,0,0,0,0,0.93,menguras hampir seluruh saldo,0,0
CASH_OUT,PAYMENT · nominal kecil,12,482,482,1.0,18,4,0,0,0,0,2.29,saldo pengirim tidak konsisten secara logika,0,1
CASH_IN,CASH_OUT · nominal besar,10,162257,646,10.0,12,3,1,1,0,2,2.74,saldo tujuan sangat ekstrem,1,0
CASH_IN,CASH_IN · nominal sedang,9,47373,25121222,0.002,17,0,1,1,0,2,0.97,saldo awal pengirim sangat ekstrem,1,0
CASH_IN,CASH_IN · nominal sedang,8,228465,10608240,0.022,12,0,1,1,0,2,1.06,saldo awal pengirim sangat ekstrem,1,0
CASH_OUT,CASH_OUT · nominal besar,2,175515,22043,7.963,20,3,1,1,0,2,1.68,saldo tujuan sangat ekstrem,1,0
PAYMENT,PAYMENT · nominal kecil,2,1655,31229,0.053,15,4,0,0,0,0,1.09,menguras hampir seluruh saldo,0,0
CASH_OUT,CASH_OUT · nominal besar,17,181753,0,0.0,19,2,1,1,0,2,1.0,saldo tujuan sangat ekstrem,1,0
PAYMENT,CASH_OUT · nominal besar,4,14786,1207,10.0,22,3,1,0,0,1,2.86,menguras hampir seluruh saldo,0,0
CASH_IN,CASH_IN · nominal sedang,8,55418,3324720,0.017,17,0,1,1,0,2,0.84,saldo tujuan sangat ekstrem,1,0
PAYMENT,PAYMENT · nominal kecil,1,6825,576223,0.012,12,4,1,0,0,1,1.03,menguras hampir seluruh saldo,0,0
PAYMENT,PAYMENT · nominal kecil,6,35624,0,0.0,13,1,0,0,0,0,1.08,menguras hampir seluruh saldo,0,0
CASH_OUT,CASH_OUT · nominal besar,25,126887,0,0.0,14,2,0,0,0,0,0.53,menguras hampir seluruh saldo,0,0
CASH_IN,CASH_IN · nominal sedang,12,233039,5738156,0.041,10,0,1,0,0,1,1.38,saldo awal pengirim sangat ekstrem,0,0
CASH_OUT,CASH_OUT · nominal besar,9,68027,380,10.0,14,3,1,0,0,1,1.34,menguras hampir seluruh saldo,0,0
TRANSFER,PAYMENT · nominal kecil,29,272717,272717,1.0,8,4,1,0,1,2,3.6,saldo tujuan tidak konsisten secara logika,1,1
CASH_OUT,CASH_OUT · nominal besar,9,325101,51677,6.291,9,3,1,0,0,1,1.92,saldo tujuan sangat ekstrem,0,0
PAYMENT,PAYMENT · nominal kecil,14,26847,10552,2.544,10,1,0,0,0,0,2.14,saldo tujuan sangat ekstrem,0,0
CASH_OUT,PAYMENT · nominal kecil,13,88264,511735,0.172,16,4,1,0,0,1,2.35,menguras hampir seluruh saldo,0,0
CASH_IN,CASH_IN · nominal sedang,12,226110,10483450,0.022,17,0,1,1,0,2,0.83,saldo awal pengirim sangat ekstrem,1,0
TRANSFER,CASH_OUT · nominal besar,11,3386422,5037,10.0,13,3,1,1,0,2,2.6,nominal transaksi sangat ekstrem,1,0
CASH_OUT,CASH_OUT · nominal besar,6,4483869,4483869,1.0,8,3,1,1,0,2,4.16,nominal transaksi sangat ekstrem,1,1
CASH_OUT,CASH_OUT · nominal besar,2,71494,2644,10.0,16,3,1,0,0,1,1.65,menguras hampir seluruh saldo,0,0
CASH_IN,CASH_IN · nominal sedang,15,11178,5871708,0.002,11,0,1,0,0,1,1.76,saldo awal pengirim sangat ekstrem,0,0
TRANSFER,PAYMENT · nominal kecil,12,140523,140523,1.0,18,4,1,0,0,1,2.92,saldo pengirim tidak konsisten secara logika,0,1
CASH_OUT,PAYMENT · nominal kecil,17,680224,680224,1.0,4,4,1,0,0,1,4.13,nominal transaksi sangat ekstrem,0,1
CASH_OUT,CASH_OUT · nominal besar,31,4009058,4009058,1.0,22,3,1,1,0,2,4.1,nominal transaksi sangat ekstrem,1,1
CASH_OUT,PAYMENT · nominal kecil,2,64470,381516,0.169,14,4,1,0,0,1,2.53,saldo tujuan sangat ekstrem,0,0
TRANSFER,PAYMENT · nominal kecil,13,172344,172344,1.0,7,4,1,0,1,2,3.55,saldo pengirim tidak konsisten secara logika,1,1
CASH_IN,CASH_OUT · nominal besar,9,207799,323,10.0,10,3,1,0,0,1,2.81,menguras hampir seluruh saldo,0,0
CASH_OUT,CASH_OUT · nominal besar,12,264548,13154,10.0,15,3,1,0,0,1,2.39,menguras hampir seluruh saldo,0,0
PAYMENT,PAYMENT · nominal kecil,2,5032,0,0.0,12,1,0,0,0,0,0.91,menguras hampir seluruh saldo,0,0
CASH_IN,CASH_IN · nominal sedang,14,86065,17913182,0.005,20,0,1,1,0,2,1.24,saldo awal pengirim sangat ekstrem,1,0
TRANSFER,PAYMENT · nominal kecil,26,86002,86002,1.0,13,4,1,0,1,2,2.73,saldo pengirim tidak konsisten secara logika,1,1
CASH_OUT,CASH_OUT · nominal besar,2,355491,0,0.0,19,2,1,1,0,2,1.15,saldo tujuan sangat ekstrem,1,0
PAYMENT,PAYMENT · nominal kecil,1,23800,5267,4.519,0,1,0,0,0,0,4.01,menguras hampir seluruh saldo,0,0
CASH_IN,CASH_IN · nominal sedang,16,132465,3300163,0.04,13,0,1,1,0,2,0.87,saldo tujuan sangat ekstrem,1,0
CASH_IN,CASH_IN · nominal sedang,6,242360,6654555,0.036,10,0,1,1,0,2,1.5,saldo tujuan sangat ekstrem,1,0
PAYMENT,CASH_OUT · nominal besar,15,8712,447,10.0,20,3,1,0,0,1,2.84,menguras hampir seluruh saldo,0,0
TRANSFER,CASH_IN · nominal sedang,7,1284959,1284959,1.0,16,0,1,0,1,2,3.67,saldo tujuan tidak konsisten secara logika,1,1
TRANSFER,PAYMENT · nominal kecil,25,1075,1075,1.0,23,4,1,0,1,2,2.87,saldo pengirim tidak konsisten secara logika,1,1
CASH_OUT,CASH_OUT · nominal besar,8,65320,0,0.0,16,2,0,0,0,0,0.71,menguras hampir seluruh saldo,0,0
CASH_OUT,CASH_OUT · nominal besar,8,857588,0,0.0,9,2,1,1,0,2,1.85,saldo tujuan sangat ekstrem,1,0
TRANSFER,CASH_OUT · nominal besar,13,4673568,186065,10.0,15,3,1,1,0,2,2.65,nominal transaksi sangat ekstrem,1,0
CASH_IN,CASH_IN · nominal sedang,6,229749,14993594,0.015,19,0,1,1,0,2,1.1,saldo awal pengirim sangat ekstrem,1,0
PAYMENT,PAYMENT · nominal kecil,11,7865,0,0.0,14,1,0,0,0,0,0.51,menguras hampir seluruh saldo,0,0
CASH_OUT,CASH_OUT · nominal besar,23,2463191,2463191,1.0,9,3,1,1,0,2,3.91,nominal transaksi sangat ekstrem,1,1
PAYMENT,PAYMENT · nominal kecil,19,14369,0,0.0,7,1,0,0,0,0,1.98,menguras hampir seluruh saldo,0,0
CASH_IN,CASH_IN · nominal sedang,11,20273,10596854,0.002,10,0,1,1,0,2,1.67,saldo awal pengirim sangat ekstrem,1,0
CASH_IN,CASH_IN · nominal sedang,1,50026,17672780,0.003,10,0,1,1,0,2,1.42,saldo awal pengirim sangat ekstrem,1,0
TRANSFER,PAYMENT · nominal kecil,14,364376,364376,1.0,16,4,1,0,1,2,3.29,saldo tujuan tidak konsisten secara logika,1,1
CASH_IN,CASH_IN · nominal sedang,17,287732,10759517,0.027,9,0,1,1,0,2,1.69,saldo awal pengirim sangat ekstrem,1,0
CASH_OUT,CASH_OUT · nominal besar,11,240867,1243,10.0,16,3,1,0,0,1,0.98,menguras hampir seluruh saldo,0,0
PAYMENT,CASH_OUT · nominal besar,15,52098,44,10.0,11,3,1,0,0,1,2.4,menguras hampir seluruh saldo,0,0
TRANSFER,PAYMENT · nominal kecil,11,213463,213463,1.0,10,4,1,0,1,2,3.3,saldo tujuan tidak konsisten secara logika,1,1
PAYMENT,PAYMENT · nominal kecil,2,18559,0,0.0,9,1,0,0,0,0,1.58,menguras hampir seluruh saldo,0,0
CASH_OUT,PAYMENT · nominal kecil,15,75735,75735,1.0,16,4,0,0,0,0,2.48,saldo tujuan sangat ekstrem,0,1
CASH_OUT,CASH_OUT · nominal besar,16,83918,11276,7.442,19,3,0,0,0,0,1.24,menguras hampir seluruh saldo,0,0
CASH_OUT,CASH_OUT · nominal besar,17,107047,0,0.0,12,2,0,0,0,0,0.86,menguras hampir seluruh saldo,0,0
CASH_IN,CASH_IN · nominal sedang,17,370446,25480428,0.015,20,0,1,1,0,2,1.48,saldo awal pengirim sangat ekstrem,1,0
CASH_IN,CASH_IN · nominal sedang,7,90538,201757,0.449,19,0,1,0,0,1,0.93,menguras hampir seluruh saldo,0,0
PAYMENT,PAYMENT · nominal kecil,13,5010,20964,0.239,19,4,0,0,0,0,1.01,menguras hampir seluruh saldo,0,0
CASH_IN,CASH_IN · nominal sedang,8,137903,17223504,0.008,16,0,1,1,0,2,0.7,saldo awal pengirim sangat ekstrem,1,0
CASH_IN,CASH_IN · nominal sedang,7,13567,15404207,0.001,17,0,1,1,0,2,1.43,saldo awal pengirim sangat ekstrem,1,0
CASH_IN,CASH_OUT · nominal besar,2,695872,50400,10.0,13,3,1,0,0,1,2.7,menguras hampir seluruh saldo,0,0
PAYMENT,CASH_OUT · nominal besar,1,7458,396,10.0,0,3,1,0,1,2,4.41,menguras hampir seluruh saldo,1,0
TRANSFER,PAYMENT · nominal kecil,16,49076,49076,1.0,20,4,1,0,0,1,2.68,saldo pengirim tidak konsisten secara logika,0,1
CASH_OUT,PAYMENT · nominal kecil,12,14992,14992,1.0,6,4,0,0,0,0,2.77,saldo pengirim tidak konsisten secara logika,0,1
CASH_OUT,CASH_OUT · nominal besar,15,502495,28758,10.0,14,3,1,0,0,1,1.71,menguras hampir seluruh saldo,0,0
CASH_OUT,CASH_OUT · nominal besar,16,46691,0,0.0,16,2,0,0,0,0,0.79,menguras hampir seluruh saldo,0,0
CASH_IN,CASH_IN · nominal sedang,14,225296,10510758,0.021,20,0,1,1,0,2,1.26,saldo awal pengirim sangat ekstrem,1,0
CASH_OUT,CASH_OUT · nominal besar,14,159673,0,0.0,15,2,0,0,0,0,0.33,menguras hampir seluruh saldo,0,0
CASH_IN,CASH_IN · nominal sedang,7,219563,157055,1.398,19,0,1,0,0,1,1.09,saldo tujuan tidak konsisten secara logika,0,0
CASH_IN,CASH_IN · nominal sedang,16,248653,14307633,0.017,12,0,1,1,0,2,1.14,saldo awal pengirim sangat ekstrem,1,0
TRANSFER,CASH_IN · nominal sedang,17,2371325,2371325,1.0,19,0,1,1,1,3,3.91,saldo tujuan tidak konsisten secara logika,1,1
PAYMENT,PAYMENT · nominal kecil,15,35098,0,0.0,18,1,0,0,0,0,1.13,menguras hampir seluruh saldo,0,0
CASH_OUT,CASH_OUT · nominal besar,8,34221,0,0.0,20,2,1,1,0,2,1.49,saldo tujuan sangat ekstrem,1,0
CASH_OUT,CASH_OUT · nominal besar,1,222351,0,0.0,15,2,0,0,0,0,0.39,menguras hampir seluruh saldo,0,0
PAYMENT,PAYMENT · nominal kecil,2,21916,7245,3.025,12,1,0,0,0,0,1.88,saldo tujuan sangat ekstrem,0,0
CASH_OUT,CASH_OUT · nominal besar,2,50111,0,0.0,18,2,0,0,0,0,0.97,menguras hampir seluruh saldo,0,0
CASH_IN,CASH_IN · nominal sedang,6,204934,11375446,0.018,16,0,1,1,0,2,0.65,saldo awal pengirim sangat ekstrem,1,0
PAYMENT,PAYMENT · nominal kecil,9,19552,463161,0.042,12,4,1,0,0,1,1.07,menguras hampir seluruh saldo,0,0
TRANSFER,CASH_OUT · nominal besar,2,2782589,0,0.0,23,2,1,1,0,2,2.73,nominal transaksi sangat ekstrem,1,0
TRANSFER,CASH_OUT · nominal besar,12,385927,0,0.0,21,2,0,0,0,0,1.8,menguras hampir seluruh saldo,0,0
PAYMENT,PAYMENT · nominal kecil,7,20137,743241,0.027,20,4,1,0,0,1,1.27,menguras hampir seluruh saldo,0,0
CASH_IN,CASH_IN · nominal sedang,13,31828,10684105,0.003,18,0,1,1,0,2,1.08,saldo awal pengirim sangat ekstrem,1,0
CASH_IN,CASH_IN · nominal sedang,17,27621,30313830,0.001,15,0,1,1,0,2,1.05,saldo awal pengirim sangat ekstrem,1,0
CASH_OUT,PAYMENT · nominal kecil,6,20204,217774,0.093,12,4,0,0,0,0,1.99,menguras hampir seluruh saldo,0,0
CASH_OUT,PAYMENT · nominal kecil,4,244814,244814,1.0,8,4,1,0,0,1,3.4,saldo tujuan sangat ekstrem,0,1
CASH_IN,CASH_IN · nominal sedang,9,79137,5037044,0.016,23,0,1,0,0,1,1.82,saldo awal pengirim sangat ekstrem,0,0
CASH_OUT,CASH_OUT · nominal besar,11,199865,10262,10.0,13,3,1,0,0,1,1.19,menguras hampir seluruh saldo,0,0
TRANSFER,PAYMENT · nominal kecil,31,123146,123146,1.0,15,4,1,0,1,2,2.81,saldo pengirim tidak konsisten secara logika,1,1
CASH_IN,CASH_IN · nominal sedang,12,30409,11938010,0.003,12,0,1,1,0,2,1.19,saldo awal pengirim sangat ekstrem,1,0
PAYMENT,PAYMENT · nominal kecil,2,1340,79697,0.017,22,4,0,0,0,0,1.9,menguras hampir seluruh saldo,0,0
PAYMENT,PAYMENT · nominal kecil,13,2980,0,0.0,11,1,0,0,0,0,1.23,menguras hampir seluruh saldo,0,0
CASH_IN,CASH_IN · nominal sedang,11,406564,3331200,0.122,17,0,1,0,0,1,1.01,saldo tujuan tidak konsisten secara logika,0,0
CASH_OUT,CASH_OUT · nominal besar,14,376320,521,10.0,17,3,1,1,0,2,1.66,saldo tujuan sangat ekstrem,1,0
CASH_OUT,CASH_OUT · nominal besar,8,120450,49604,2.428,9,3,0,0,0,0,2.19,saldo awal pengirim sangat ekstrem,0,0
PAYMENT,PAYMENT · nominal kecil,16,38887,0,0.0,18,1,0,0,0,0,1.18,menguras hampir seluruh saldo,0,0
PAYMENT,PAYMENT · nominal kecil,9,23451,30440,0.77,11,4,0,0,0,0,1.26,menguras hampir seluruh saldo,0,0
CASH_IN,CASH_IN · nominal sedang,1,316678,12035095,0.026,19,0,1,1,0,2,1.23,saldo awal pengirim sangat ekstrem,1,0
PAYMENT,PAYMENT · nominal kecil,1,6574,4921,1.336,3,1,0,0,0,0,3.21,saldo pengirim tidak konsisten secara logika,0,0
CASH_IN,CASH_IN · nominal sedang,13,183395,19625438,0.009,17,0,1,1,0,2,0.75,saldo awal pengirim sangat ekstrem,1,0
CASH_IN,CASH_IN · nominal sedang,29,208394,11816662,0.018,23,0,1,1,0,2,1.89,saldo awal pengirim sangat ekstrem,1,0
TRANSFER,PAYMENT · nominal kecil,6,32076,32076,1.0,23,4,1,0,0,1,2.91,saldo pengirim tidak konsisten secara logika,0,1
CASH_IN,CASH_OUT · nominal besar,1,282010,19217,10.0,12,3,1,0,0,1,2.76,menguras hampir seluruh saldo,0,0
CASH_OUT,CASH_OUT · nominal besar,1,184208,25986,7.089,18,3,1,0,0,1,2.22,menguras hampir seluruh saldo,0,0
PAYMENT,PAYMENT · nominal kecil,28,19690,22282,0.884,13,4,0,0,0,0,0.89,menguras hampir seluruh saldo,0,0
CASH_IN,CASH_IN · nominal sedang,8,82564,9963248,0.008,16,0,1,1,0,2,0.57,saldo awal pengirim sangat ekstrem,1,0
TRANSFER,PAYMENT · nominal kecil,27,144255,144255,1.0,16,4,1,0,1,2,2.88,saldo pengirim tidak konsisten secara logika,1,1
PAYMENT,PAYMENT · nominal kecil,6,441,0,0.0,16,1,0,0,0,0,1.78,menguras hampir seluruh saldo,0,0
TRANSFER,CASH_OUT · nominal besar,8,2345479,0,0.0,17,2,1,1,0,2,2.0,nominal transaksi sangat ekstrem,1,0
CASH_IN,CASH_OUT · nominal besar,2,334899,1058,10.0,18,3,1,0,0,1,2.59,menguras hampir seluruh saldo,0,0
CASH_IN,CASH_IN · nominal sedang,17,335271,1635190,0.205,20,0,1,0,0,1,1.31,saldo tujuan tidak konsisten secara logika,0,0
TRANSFER,CASH_IN · nominal sedang,11,2241630,2241630,1.0,21,0,1,1,1,3,4.03,saldo tujuan tidak konsisten secara logika,1,1
PAYMENT,PAYMENT · nominal kecil,1,7951,5532,1.437,7,1,0,0,0,0,2.43,saldo pengirim tidak konsisten secara logika,0,0
DEBIT,CASH_IN · nominal sedang,1,1911,356,5.369,19,0,1,0,1,2,3.5,menguras hampir seluruh saldo,1,0
CASH_OUT,CASH_OUT · nominal besar,13,164760,0,0.0,11,2,0,0,0,0,1.08,menguras hampir seluruh saldo,0,0
CASH_OUT,PAYMENT · nominal kecil,11,16639,441574,0.038,16,4,1,0,0,1,2.13,menguras hampir seluruh saldo,0,0
CASH_OUT,CASH_OUT · nominal besar,9,365062,0,0.0,14,2,0,0,0,0,0.67,menguras hampir seluruh saldo,0,0
CASH_IN,CASH_IN · nominal sedang,16,59347,22498702,0.003,13,0,1,1,0,2,0.88,saldo awal pengirim sangat ekstrem,1,0
TRANSFER,CASH_OUT · nominal besar,10,2407126,14513,10.0,19,3,1,1,0,2,2.24,nominal transaksi sangat ekstrem,1,0
TRANSFER,PAYMENT · nominal kecil,21,185392,185392,1.0,21,4,1,0,1,2,3.24,saldo pengirim tidak konsisten secara logika,1,1
CASH_IN,CASH_IN · nominal sedang,14,92576,12185835,0.008,23,0,1,1,0,2,1.86,saldo awal pengirim sangat ekstrem,1,0
CASH_IN,CASH_IN · nominal sedang,2,222021,661183,0.336,13,0,1,0,0,1,0.72,saldo tujuan tidak konsisten secara logika,0,0
PAYMENT,PAYMENT · nominal kecil,2,1439,246343,0.006,14,4,0,0,0,0,1.22,menguras hampir seluruh saldo,0,0
CASH_OUT,PAYMENT · nominal kecil,26,2582642,2582642,1.0,6,4,1,1,0,2,4.02,nominal transaksi sangat ekstrem,1,1
TRANSFER,CASH_OUT · nominal besar,13,2001381,76333,10.0,11,3,1,1,0,2,2.22,nominal transaksi sangat ekstrem,1,0
CASH_IN,CASH_IN · nominal sedang,16,66337,9597097,0.007,12,0,1,1,0,2,0.93,saldo awal pengirim sangat ekstrem,1,0
PAYMENT,PAYMENT · nominal kecil,17,9117,0,0.0,9,1,0,0,0,0,1.51,menguras hampir seluruh saldo,0,0
TRANSFER,CASH_OUT · nominal besar,17,1625531,26275,10.0,13,3,1,0,0,1,2.08,nominal transaksi sangat ekstrem,0,0
TRANSFER,CASH_IN · nominal sedang,21,918088,918088,1.0,17,0,1,0,1,2,3.62,saldo tujuan tidak konsisten secara logika,1,1
TRANSFER,CASH_IN · nominal sedang,27,10000000,40399044,0.248,22,0,1,1,1,3,4.58,saldo tujuan tidak konsisten secara logika,1,1
TRANSFER,CASH_IN · nominal sedang,31,1810045,1810045,1.0,14,0,1,1,1,3,3.76,saldo tujuan tidak konsisten secara logika,1,1
CASH_OUT,PAYMENT · nominal kecil,11,345426,345426,1.0,11,4,0,0,0,0,2.92,saldo pengirim tidak konsisten secara logika,0,1
CASH_OUT,PAYMENT · nominal kecil,5,2066848,2066848,1.0,20,4,1,1,0,2,3.4,nominal transaksi sangat ekstrem,1,1
TRANSFER,PAYMENT · nominal kecil,13,30820,30820,1.0,3,4,1,0,1,2,3.72,saldo pengirim tidak konsisten secara logika,1,1
CASH_IN,CASH_IN · nominal sedang,6,29875,17109510,0.002,11,0,1,1,0,2,1.48,saldo awal pengirim sangat ekstrem,1,0
CASH_IN,CASH_IN · nominal sedang,13,247503,27221174,0.009,19,0,1,1,0,2,1.18,saldo awal pengirim sangat ekstrem,1,0
CASH_IN,CASH_IN · nominal sedang,1,360263,11163522,0.032,5,0,1,1,0,2,2.63,saldo tujuan sangat ekstrem,1,0
CASH_OUT,CASH_OUT · nominal besar,10,60790,159,10.0,16,3,1,1,0,2,1.72,saldo tujuan sangat ekstrem,1,0
CASH_IN,CASH_IN · nominal sedang,16,125457,26578778,0.005,20,0,1,1,0,2,1.25,saldo awal pengirim sangat ekstrem,1,0
CASH_OUT,PAYMENT · nominal kecil,11,42422,403125,0.105,19,4,1,1,0,2,2.65,saldo tujuan sangat ekstrem,1,0
CASH_IN,CASH_IN · nominal sedang,14,289745,12311850,0.024,12,0,1,1,0,2,1.19,saldo awal pengirim sangat ekstrem,1,0
TRANSFER,CASH_OUT · nominal besar,17,1661070,730,10.0,10,3,1,1,0,2,2.57,saldo tujuan sangat ekstrem,1,0
CASH_IN,CASH_IN · nominal sedang,7,55301,573692,0.096,18,0,1,0,0,1,0.79,menguras hampir seluruh saldo,0,0
PAYMENT,PAYMENT · nominal kecil,17,10520,28509,0.369,22,4,0,0,0,0,1.57,menguras hampir seluruh saldo,0,0
CASH_OUT,PAYMENT · nominal kecil,27,13128,13128,1.0,11,4,0,0,0,0,2.2,saldo pengirim tidak konsisten secara logika,0,1
CASH_OUT,CASH_OUT · nominal besar,9,208556,796,10.0,15,3,1,0,0,1,1.15,menguras hampir seluruh saldo,0,0
CASH_OUT,PAYMENT · nominal kecil,11,541115,541115,1.0,14,4,1,0,0,1,2.84,nominal transaksi sangat ekstrem,0,1
PAYMENT,PAYMENT · nominal kecil,11,2563,0,0.0,9,1,0,0,0,0,1.66,menguras hampir seluruh saldo,0,0
TRANSFER,CASH_OUT · nominal besar,7,420907,120,10.0,20,3,1,1,0,2,2.27,saldo tujuan sangat ekstrem,1,0
CASH_OUT,CASH_OUT · nominal besar,6,87619,30,10.0,19,3,1,0,0,1,2.09,menguras hampir seluruh saldo,0,0
CASH_OUT,CASH_OUT · nominal besar,8,98767,13209,7.477,18,3,0,0,0,0,1.19,menguras hampir seluruh saldo,0,0
CASH_IN,CASH_IN · nominal sedang,2,267736,177032,1.512,12,0,1,0,0,1,1.04,saldo tujuan tidak konsisten secara logika,0,0
TRANSFER,CASH_OUT · nominal besar,8,281820,0,0.0,19,2,0,0,0,0,1.44,menguras hampir seluruh saldo,0,0
CASH_OUT,CASH_OUT · nominal besar,14,173634,21795,7.967,9,3,1,0,0,1,1.85,saldo tujuan sangat ekstrem,0,0
CASH_OUT,CASH_OUT · nominal besar,8,150290,107820,1.394,10,3,0,0,0,0,2.57,saldo tujuan sangat ekstrem,0,0
TRANSFER,PAYMENT · nominal kecil,24,316878,316878,1.0,6,4,1,0,1,2,3.91,saldo tujuan tidak konsisten secara logika,1,1
CASH_OUT,CASH_OUT · nominal besar,23,183866,0,0.0,16,2,1,1,0,2,0.53,saldo tujuan sangat ekstrem,1,0
PAYMENT,PAYMENT · nominal kecil,10,670,0,0.0,19,1,0,0,0,0,1.76,menguras hampir seluruh saldo,0,0
TRANSFER,CASH_OUT · nominal besar,9,226205,0,0.0,14,2,0,0,0,0,1.17,menguras hampir seluruh saldo,0,0
PAYMENT,PAYMENT · nominal kecil,12,18399,8813,2.088,18,1,0,0,0,0,1.75,saldo tujuan sangat ekstrem,0,0
TRANSFER,CASH_IN · nominal sedang,29,10000000,12651994,0.79,8,0,1,1,1,3,4.61,saldo tujuan tidak konsisten secara logika,1,1
CASH_OUT,PAYMENT · nominal kecil,1,125716,196619,0.639,8,4,1,1,0,2,4.03,saldo tujuan tidak konsisten secara logika,1,0
TRANSFER,CASH_IN · nominal sedang,3,1021130,1021130,1.0,1,0,1,0,1,2,4.91,saldo tujuan tidak konsisten secara logika,1,1
TRANSFER,CASH_OUT · nominal besar,1,697246,0,0.0,9,2,1,1,1,3,3.14,saldo tujuan tidak konsisten secara logika,1,0
CASH_OUT,PAYMENT · nominal kecil,18,115085,115085,1.0,5,4,0,0,0,0,3.47,saldo pengirim tidak konsisten secara logika,0,1
TRANSFER,CASH_OUT · nominal besar,15,4091892,0,0.0,14,2,1,1,0,2,2.25,nominal transaksi sangat ekstrem,1,0
CASH_IN,CASH_OUT · nominal besar,1,36835,9907703,0.004,15,3,1,1,0,2,3.78,saldo awal pengirim sangat ekstrem,1,0
CASH_OUT,PAYMENT · nominal kecil,23,10000000,10000000,1.0,13,4,1,1,0,2,4.14,nominal transaksi sangat ekstrem,1,1
CASH_OUT,PAYMENT · nominal kecil,13,456931,456931,1.0,17,4,1,0,0,1,2.48,nominal transaksi sangat ekstrem,0,1
CASH_IN,CASH_IN · nominal sedang,2,77769,27590244,0.003,11,0,1,1,0,2,1.19,saldo awal pengirim sangat ekstrem,1,0
CASH_OUT,PAYMENT · nominal kecil,29,665676,665676,1.0,23,4,1,0,0,1,3.16,nominal transaksi sangat ekstrem,0,1
CASH_OUT,CASH_OUT · nominal besar,11,80545,0,0.0,9,2,0,0,0,0,1.55,menguras hampir seluruh saldo,0,0
CASH_IN,CASH_IN · nominal sedang,6,72558,16669359,0.004,13,0,1,1,0,2,0.79,saldo awal pengirim sangat ekstrem,1,0
CASH_OUT,PAYMENT · nominal kecil,10,67050,67050,1.0,20,4,0,0,0,0,1.9,saldo pengirim tidak konsisten secara logika,0,1
CASH_OUT,PAYMENT · nominal kecil,15,265999,339864,0.783,11,4,0,0,0,0,2.43,menguras hampir seluruh saldo,0,0
CASH_IN,CASH_IN · nominal sedang,8,243153,10743220,0.023,19,0,1,1,0,2,1.11,saldo awal pengirim sangat ekstrem,1,0
PAYMENT,PAYMENT · nominal kecil,14,1855,245400,0.008,11,4,0,0,0,0,1.48,menguras hampir seluruh saldo,0,0
CASH_OUT,PAYMENT · nominal kecil,3,115881,115881,1.0,3,4,1,0,0,1,3.92,saldo tujuan sangat ekstrem,0,1
PAYMENT,PAYMENT · nominal kecil,12,81016,0,0.0,19,1,0,0,0,0,1.64,menguras hampir seluruh saldo,0,0
CASH_OUT,CASH_OUT · nominal besar,16,345182,23514,10.0,13,3,1,0,0,1,1.69,menguras hampir seluruh saldo,0,0
CASH_IN,CASH_IN · nominal sedang,1,63058,19740256,0.003,13,0,1,1,0,2,0.84,saldo awal pengirim sangat ekstrem,1,0
CASH_IN,CASH_IN · nominal sedang,12,66886,12041082,0.006,11,0,1,1,0,2,1.21,saldo awal pengirim sangat ekstrem,1,0
PAYMENT,PAYMENT · nominal kecil,15,19714,55496,0.355,13,4,0,0,0,0,0.85,menguras hampir seluruh saldo,0,0
CASH_IN,CASH_IN · nominal sedang,2,658707,25185288,0.026,17,0,1,1,0,2,1.33,saldo awal pengirim sangat ekstrem,1,0
CASH_OUT,CASH_OUT · nominal besar,6,139595,90595,1.541,20,3,0,0,0,0,2.2,saldo awal pengirim sangat ekstrem,0,0
CASH_IN,CASH_IN · nominal sedang,16,347280,16330815,0.021,19,0,1,1,0,2,1.25,saldo awal pengirim sangat ekstrem,1,0
CASH_OUT,CASH_IN · nominal sedang,11,150502,55964,2.689,21,0,1,1,0,2,2.14,saldo tujuan tidak konsisten secara logika,1,0
CASH_OUT,PAYMENT · nominal kecil,14,22595,87270,0.259,19,4,0,0,0,0,2.31,menguras hampir seluruh saldo,0,0
DEBIT,PAYMENT · nominal kecil,10,4591,10554,0.435,15,4,1,0,1,2,2.97,saldo tujuan tidak konsisten secara logika,1,0
TRANSFER,CASH_IN · nominal sedang,29,10000000,12254417,0.816,8,0,1,1,1,3,4.61,saldo tujuan tidak konsisten secara logika,1,1
CASH_OUT,CASH_OUT · nominal besar,7,108010,0,0.0,14,2,0,0,0,0,0.54,menguras hampir seluruh saldo,0,0
PAYMENT,PAYMENT · nominal kecil,10,13656,6391,2.137,21,1,0,0,0,0,2.04,saldo tujuan sangat ekstrem,0,0
CASH_IN,CASH_IN · nominal sedang,17,225445,128548,1.754,9,0,1,0,0,1,1.62,saldo tujuan tidak konsisten secara logika,0,0
CASH_OUT,CASH_OUT · nominal besar,8,183052,184,10.0,23,3,1,0,0,1,2.49,menguras hampir seluruh saldo,0,0
PAYMENT,PAYMENT · nominal kecil,13,6332,13489,0.469,17,4,0,0,0,0,0.68,menguras hampir seluruh saldo,0,0
PAYMENT,PAYMENT · nominal kecil,4,3313,144717,0.023,22,4,0,0,0,0,1.67,menguras hampir seluruh saldo,0,0
CASH_IN,CASH_IN · nominal sedang,9,101323,6763850,0.015,12,0,1,0,0,1,0.86,saldo awal pengirim sangat ekstrem,0,0
CASH_OUT,CASH_OUT · nominal besar,30,10000000,10000000,1.0,14,3,1,1,0,2,4.02,nominal transaksi sangat ekstrem,1,1
CASH_OUT,CASH_OUT · nominal besar,1,147804,66,10.0,1,3,1,0,1,2,4.01,menguras hampir seluruh saldo,1,0
CASH_IN,CASH_IN · nominal sedang,17,168677,13612513,0.012,14,0,1,1,0,2,0.65,saldo awal pengirim sangat ekstrem,1,0
CASH_IN,CASH_OUT · nominal besar,15,219692,7841,10.0,11,3,1,0,0,1,2.51,menguras hampir seluruh saldo,0,0
CASH_OUT,PAYMENT · nominal kecil,12,48412,48412,1.0,5,4,0,0,0,0,3.24,saldo pengirim tidak konsisten secara logika,0,1
CASH_IN,CASH_IN · nominal sedang,17,156778,18719278,0.008,12,0,1,1,0,2,0.97,saldo awal pengirim sangat ekstrem,1,0
TRANSFER,CASH_OUT · nominal besar,22,4065360,24963,10.0,10,3,1,1,0,2,2.6,nominal transaksi sangat ekstrem,1,0
TRANSFER,PAYMENT · nominal kecil,29,145067,145067,1.0,1,4,1,0,1,2,4.43,saldo pengirim tidak konsisten secara logika,1,1
PAYMENT,PAYMENT · nominal kecil,16,6162,211017,0.029,22,4,0,0,0,0,1.59,menguras hampir seluruh saldo,0,0
TRANSFER,CASH_OUT · nominal besar,1,1465010,1264519,1.159,9,3,1,0,1,2,4.03,saldo tujuan tidak konsisten secara logika,1,0
CASH_IN,CASH_IN · nominal sedang,2,135135,7547900,0.018,18,0,1,0,0,1,0.77,saldo awal pengirim sangat ekstrem,0,0
CASH_OUT,CASH_OUT · nominal besar,15,38746,0,0.0,15,2,1,1,0,2,0.95,saldo tujuan sangat ekstrem,1,0
CASH_IN,CASH_OUT · nominal besar,14,2217,153,10.0,18,3,1,0,1,2,3.4,menguras hampir seluruh saldo,1,0
TRANSFER,CASH_OUT · nominal besar,11,194997,21779,8.954,12,3,1,1,0,2,1.83,saldo tujuan sangat ekstrem,1,0
DEBIT,PAYMENT · nominal kecil,1,5916,30539,0.194,18,4,1,0,1,2,3.08,saldo tujuan tidak konsisten secara logika,1,0
TRANSFER,PAYMENT · nominal kecil,10,122091,122091,1.0,17,4,1,0,1,2,2.83,saldo pengirim tidak konsisten secara logika,1,1
CASH_OUT,PAYMENT · nominal kecil,14,64341,64972,0.99,12,4,0,0,0,0,2.24,saldo pengirim tidak konsisten secara logika,0,0
CASH_OUT,PAYMENT · nominal kecil,3,14386,14386,1.0,23,4,0,0,0,0,2.41,saldo pengirim tidak konsisten secara logika,0,1
CASH_IN,CASH_IN · nominal sedang,8,70677,5912778,0.012,13,0,1,0,0,1,0.73,saldo awal pengirim sangat ekstrem,0,0
PAYMENT,CASH_OUT · nominal besar,1,21216,150,10.0,11,3,1,0,0,1,2.53,menguras hampir seluruh saldo,0,0
CASH_OUT,CASH_OUT · nominal besar,21,8020192,8020192,1.0,21,3,1,1,0,2,4.16,nominal transaksi sangat ekstrem,1,1
CASH_OUT,CASH_OUT · nominal besar,9,99874,262,10.0,22,3,1,1,0,2,2.24,saldo tujuan sangat ekstrem,1,0
CASH_OUT,CASH_IN · nominal sedang,10,235076,235076,1.0,9,0,1,0,0,1,3.24,saldo tujuan tidak konsisten secara logika,0,1
CASH_OUT,CASH_OUT · nominal besar,17,77138,0,0.0,18,2,1,1,0,2,2.3,saldo tujuan sangat ekstrem,1,0
CASH_OUT,CASH_OUT · nominal besar,13,86606,0,0.0,17,2,0,0,0,0,0.67,menguras hampir seluruh saldo,0,0
CASH_IN,CASH_IN · nominal sedang,12,68850,24059964,0.003,19,0,1,1,0,2,1.12,saldo awal pengirim sangat ekstrem,1,0
CASH_OUT,PAYMENT · nominal kecil,10,176007,176007,1.0,11,4,0,0,0,0,2.26,saldo pengirim tidak konsisten secara logika,0,1
PAYMENT,PAYMENT · nominal kecil,12,10540,21170,0.498,10,4,0,0,0,0,1.38,menguras hampir seluruh saldo,0,0
CASH_IN,CASH_IN · nominal sedang,17,513259,52065,9.858,16,0,1,1,0,2,2.83,saldo tujuan sangat ekstrem,1,0
CASH_IN,CASH_IN · nominal sedang,17,136966,125351,1.093,22,0,1,0,0,1,1.64,saldo tujuan tidak konsisten secara logika,0,0
PAYMENT,CASH_OUT · nominal besar,10,15128,461,10.0,16,3,1,0,0,1,2.41,menguras hampir seluruh saldo,0,0
PAYMENT,CASH_OUT · nominal besar,13,99490,7343,10.0,15,3,1,0,0,1,1.89,menguras hampir seluruh saldo,0,0
CASH_OUT,PAYMENT · nominal kecil,2,45162,69333,0.651,12,4,0,0,0,0,1.67,menguras hampir seluruh saldo,0,0
CASH_IN,CASH_IN · nominal sedang,1,40154,11344974,0.004,17,0,1,1,0,2,0.89,saldo awal pengirim sangat ekstrem,1,0
CASH_IN,CASH_OUT · nominal besar,8,143309,11531,10.0,20,3,1,0,0,1,2.63,menguras hampir seluruh saldo,0,0
PAYMENT,PAYMENT · nominal kecil,16,13887,53803,0.258,14,4,0,0,0,0,0.62,menguras hampir seluruh saldo,0,0
CASH_OUT,CASH_OUT · nominal besar,10,2684261,2684261,1.0,19,3,1,1,0,2,3.78,nominal transaksi sangat ekstrem,1,1
CASH_OUT,CASH_OUT · nominal besar,2,123408,0,0.0,11,2,1,0,0,1,1.08,saldo tujuan sangat ekstrem,0,0
PAYMENT,PAYMENT · nominal kecil,9,3166,117923,0.027,14,4,0,0,0,0,0.85,menguras hampir seluruh saldo,0,0
CASH_OUT,CASH_OUT · nominal besar,13,515043,0,0.0,11,2,1,0,0,1,1.29,saldo tujuan sangat ekstrem,0,0
CASH_IN,CASH_IN · nominal sedang,8,78813,15434,5.106,21,0,1,0,0,1,1.94,menguras hampir seluruh saldo,0,0
TRANSFER,CASH_OUT · nominal besar,7,3971393,0,0.0,21,2,1,1,0,2,2.58,nominal transaksi sangat ekstrem,1,0
PAYMENT,PAYMENT · nominal kecil,8,9801,265583,0.037,22,4,0,0,0,0,1.58,menguras hampir seluruh saldo,0,0
CASH_OUT,CASH_OUT · nominal besar,14,205775,21042,9.779,17,3,1,1,0,2,1.45,saldo tujuan sangat ekstrem,1,0
CASH_IN,CASH_IN · nominal sedang,13,269467,1331890,0.202,20,0,1,0,0,1,1.24,saldo tujuan tidak konsisten secara logika,0,0
CASH_IN,CASH_IN · nominal sedang,29,44391,5079532,0.009,15,0,1,0,0,1,0.66,saldo awal pengirim sangat ekstrem,0,0
TRANSFER,CASH_OUT · nominal besar,13,2450790,7024,10.0,14,3,1,1,0,2,2.25,nominal transaksi sangat ekstrem,1,0
TRANSFER,PAYMENT · nominal kecil,28,48712,48712,1.0,6,4,1,0,1,2,3.31,saldo pengirim tidak konsisten secara logika,1,1
CASH_IN,CASH_IN · nominal sedang,10,80070,463258,0.173,22,0,1,0,0,1,2.43,menguras hampir seluruh saldo,0,0
PAYMENT,PAYMENT · nominal kecil,17,10090,600680,0.017,0,4,1,0,0,1,3.65,menguras hampir seluruh saldo,0,0
CASH_IN,CASH_IN · nominal sedang,21,226707,292732,0.774,20,0,1,0,0,1,1.25,saldo tujuan tidak konsisten secara logika,0,0
CASH_OUT,CASH_OUT · nominal besar,16,122789,0,0.0,14,2,0,0,0,0,0.55,menguras hampir seluruh saldo,0,0
CASH_OUT,CASH_OUT · nominal besar,16,91656,0,0.0,20,2,1,1,0,2,1.22,saldo tujuan sangat ekstrem,1,0
CASH_IN,CASH_IN · nominal sedang,17,43608,25066296,0.002,15,0,1,1,0,2,0.82,saldo awal pengirim sangat ekstrem,1,0
TRANSFER,CASH_OUT · nominal besar,12,27986074,0,0.0,13,2,1,1,0,2,3.33,nominal transaksi sangat ekstrem,1,0
TRANSFER,PAYMENT · nominal kecil,1,361560,361560,1.0,9,4,1,0,1,2,3.56,saldo tujuan tidak konsisten secara logika,1,1
PAYMENT,PAYMENT · nominal kecil,7,3072,224209,0.014,12,4,0,0,0,0,1.15,menguras hampir seluruh saldo,0,0
PAYMENT,PAYMENT · nominal kecil,11,5679,31038,0.183,9,4,0,0,0,0,1.62,menguras hampir seluruh saldo,0,0
PAYMENT,PAYMENT · nominal kecil,25,1866,0,0.0,14,1,0,0,0,0,1.02,menguras hampir seluruh saldo,0,0
CASH_IN,CASH_IN · nominal sedang,16,266463,25666596,0.01,14,0,1,1,0,2,0.99,saldo awal pengirim sangat ekstrem,1,0
CASH_OUT,PAYMENT · nominal kecil,12,89303,89303,1.0,14,4,0,0,0,0,2.21,saldo pengirim tidak konsisten secara logika,0,1
TRANSFER,CASH_OUT · nominal besar,14,4315548,0,0.0,19,2,1,1,0,2,2.41,nominal transaksi sangat ekstrem,1,0
CASH_OUT,PAYMENT · nominal kecil,9,5788,31145,0.186,18,4,0,0,0,0,1.34,menguras hampir seluruh saldo,0,0
PAYMENT,PAYMENT · nominal kecil,1,690,0,0.0,15,1,0,0,0,0,1.52,menguras hampir seluruh saldo,0,0
CASH_OUT,PAYMENT · nominal kecil,9,846590,846590,1.0,13,4,1,0,0,1,2.83,nominal transaksi sangat ekstrem,0,1
TRANSFER,CASH_OUT · nominal besar,6,1483167,21767,10.0,20,3,1,0,1,2,2.91,menguras hampir seluruh saldo,1,0
TRANSFER,PAYMENT · nominal kecil,21,22991,22991,1.0,3,4,1,0,1,2,3.68,saldo pengirim tidak konsisten secara logika,1,1
CASH_IN,CASH_IN · nominal sedang,15,16631,14601581,0.001,17,0,1,1,0,2,1.4,saldo awal pengirim sangat ekstrem,1,0
TRANSFER,PAYMENT · nominal kecil,3,216,216,1.0,17,4,1,0,1,2,2.86,saldo pengirim tidak konsisten secara logika,1,1
CASH_IN,CASH_IN · nominal sedang,12,167895,11857882,0.014,10,0,1,1,0,2,1.38,saldo awal pengirim sangat ekstrem,1,0
TRANSFER,CASH_OUT · nominal besar,21,764639,348,10.0,15,3,1,0,0,1,1.87,menguras hampir seluruh saldo,0,0
CASH_IN,CASH_IN · nominal sedang,17,192599,16224568,0.012,10,0,1,1,0,2,1.39,saldo awal pengirim sangat ekstrem,1,0
TRANSFER,PAYMENT · nominal kecil,12,164502,164502,1.0,20,4,1,0,1,2,3.11,saldo pengirim tidak konsisten secara logika,1,1
CASH_OUT,CASH_OUT · nominal besar,11,411944,0,0.0,12,2,0,0,0,0,1.01,menguras hampir seluruh saldo,0,0
PAYMENT,PAYMENT · nominal kecil,2,7130,0,0.0,12,1,0,0,0,0,0.87,menguras hampir seluruh saldo,0,0
TRANSFER,CASH_IN · nominal sedang,6,829012,829012,1.0,7,0,1,0,1,2,4.07,saldo tujuan tidak konsisten secara logika,1,1
PAYMENT,PAYMENT · nominal kecil,15,10461,25516,0.41,12,4,0,0,0,0,0.96,menguras hampir seluruh saldo,0,0
TRANSFER,PAYMENT · nominal kecil,16,70125,70125,1.0,20,4,1,0,1,2,2.79,saldo pengirim tidak konsisten secara logika,1,1
CASH_IN,CASH_IN · nominal sedang,9,217954,14117351,0.015,20,0,1,1,0,2,1.42,saldo tujuan sangat ekstrem,1,0
TRANSFER,PAYMENT · nominal kecil,2,13172,13172,1.0,23,4,1,0,1,2,2.75,saldo pengirim tidak konsisten secara logika,1,1
CASH_OUT,CASH_OUT · nominal besar,12,31537,0,0.0,15,2,0,0,0,0,1.07,menguras hampir seluruh saldo,0,0
CASH_OUT,CASH_OUT · nominal besar,15,445413,202165,2.203,14,3,0,0,0,0,1.9,nominal transaksi sangat ekstrem,0,0
CASH_IN,CASH_IN · nominal sedang,6,8402,20239946,0.0,15,0,1,1,0,2,1.7,saldo awal pengirim sangat ekstrem,1,0
TRANSFER,CASH_IN · nominal sedang,25,10000000,30353874,0.329,10,0,1,1,1,3,4.48,saldo tujuan tidak konsisten secara logika,1,1
PAYMENT,PAYMENT · nominal kecil,8,2294,200911,0.011,0,4,0,0,0,0,3.72,menguras hampir seluruh saldo,0,0
CASH_IN,CASH_IN · nominal sedang,23,570766,284410,2.007,18,0,1,1,0,2,1.43,saldo tujuan sangat ekstrem,1,0
CASH_IN,PAYMENT · nominal kecil,7,1432,1751128,0.001,13,4,1,0,0,1,3.61,menguras hampir seluruh saldo,0,0
TRANSFER,CASH_IN · nominal sedang,4,4830219,4830219,1.0,12,0,1,1,1,3,4.1,saldo tujuan tidak konsisten secara logika,1,1
CASH_IN,CASH_OUT · nominal besar,1,373212,9085,10.0,16,3,1,0,0,1,2.43,menguras hampir seluruh saldo,0,0
PAYMENT,PAYMENT · nominal kecil,7,22755,21907,1.039,13,4,0,0,0,0,1.62,saldo pengirim tidak konsisten secara logika,0,0
CASH_IN,CASH_IN · nominal sedang,10,381739,21690898,0.018,11,0,1,1,0,2,1.39,saldo awal pengirim sangat ekstrem,1,0
CASH_OUT,CASH_OUT · nominal besar,10,124245,0,0.0,12,2,1,1,0,2,0.94,saldo tujuan sangat ekstrem,1,0
TRANSFER,CASH_IN · nominal sedang,21,1673066,1673066,1.0,22,0,1,1,1,3,4.04,saldo tujuan tidak konsisten secara logika,1,1
TRANSFER,CASH_OUT · nominal besar,7,202586,0,0.0,9,2,1,1,0,2,2.85,saldo tujuan sangat ekstrem,1,0
CASH_OUT,PAYMENT · nominal kecil,1,20199,130530,0.155,18,4,1,0,0,1,3.08,saldo tujuan sangat ekstrem,0,0
TRANSFER,CASH_OUT · nominal besar,20,2242738,0,0.0,13,2,1,1,0,2,2.0,nominal transaksi sangat ekstrem,1,0
CASH_OUT,PAYMENT · nominal kecil,12,6406,107731,0.059,20,4,0,0,0,0,2.33,menguras hampir seluruh saldo,0,0
CASH_OUT,CASH_OUT · nominal besar,22,4553004,4553004,1.0,1,3,1,1,1,3,4.97,nominal transaksi sangat ekstrem,1,1
TRANSFER,CASH_OUT · nominal besar,17,410779,0,0.0,20,2,1,0,0,1,1.67,saldo tujuan sangat ekstrem,0,0
CASH_IN,CASH_OUT · nominal besar,1,159400,42,10.0,10,3,1,0,0,1,2.7,menguras hampir seluruh saldo,0,0
CASH_OUT,CASH_OUT · nominal besar,2,130484,0,0.0,16,2,0,0,0,0,0.39,menguras hampir seluruh saldo,0,0
CASH_OUT,PAYMENT · nominal kecil,24,615955,615955,1.0,9,4,1,0,0,1,3.54,nominal transaksi sangat ekstrem,0,1
PAYMENT,PAYMENT · nominal kecil,15,802,271269,0.003,17,4,0,0,0,0,1.5,menguras hampir seluruh saldo,0,0
TRANSFER,PAYMENT · nominal kecil,6,100109,100109,1.0,14,4,1,0,1,2,2.75,saldo pengirim tidak konsisten secara logika,1,1
CASH_IN,CASH_IN · nominal sedang,22,227804,23086068,0.01,21,0,1,1,0,2,1.54,saldo awal pengirim sangat ekstrem,1,0
CASH_IN,CASH_IN · nominal sedang,11,234136,131048,1.787,16,0,1,0,0,1,0.75,saldo tujuan tidak konsisten secara logika,0,0
CASH_IN,CASH_IN · nominal sedang,10,71771,4501964,0.016,19,0,1,0,0,1,0.96,saldo awal pengirim sangat ekstrem,0,0
CASH_OUT,PAYMENT · nominal kecil,7,1627389,1627389,1.0,20,4,1,0,0,1,4.1,nominal transaksi sangat ekstrem,0,1
CASH_OUT,PAYMENT · nominal kecil,10,1454889,1454889,1.0,16,4,1,0,0,1,3.39,nominal transaksi sangat ekstrem,0,1
CASH_OUT,PAYMENT · nominal kecil,11,56301,338749,0.166,11,4,0,0,0,0,2.3,menguras hampir seluruh saldo,0,0
CASH_OUT,CASH_OUT · nominal besar,12,344059,0,0.0,17,2,1,1,0,2,0.79,saldo tujuan sangat ekstrem,1,0
CASH_OUT,CASH_OUT · nominal besar,12,32587,0,0.0,18,2,0,0,0,0,1.15,menguras hampir seluruh saldo,0,0
CASH_OUT,CASH_OUT · nominal besar,17,153536,1082,10.0,12,3,1,0,0,1,1.75,menguras hampir seluruh saldo,0,0
TRANSFER,CASH_OUT · nominal besar,11,1026019,280,10.0,9,3,1,0,1,2,3.39,menguras hampir seluruh saldo,1,0
CASH_IN,CASH_IN · nominal sedang,13,47005,11068082,0.004,18,0,1,1,0,2,0.98,saldo awal pengirim sangat ekstrem,1,0
CASH_IN,CASH_OUT · nominal besar,16,306795,13131,10.0,15,3,1,0,0,1,2.38,menguras hampir seluruh saldo,0,0
CASH_OUT,PAYMENT · nominal kecil,1,93811,93811,1.0,10,4,1,0,0,1,2.86,saldo tujuan sangat ekstrem,0,1
CASH_OUT,CASH_OUT · nominal besar,7,65959,0,0.0,18,2,0,0,0,0,0.86,menguras hampir seluruh saldo,0,0
PAYMENT,PAYMENT · nominal kecil,1,31633,0,0.0,14,1,0,0,0,0,0.93,menguras hampir seluruh saldo,0,0
TRANSFER,CASH_OUT · nominal besar,2,1420468,83183,10.0,1,3,1,0,1,2,3.78,menguras hampir seluruh saldo,1,0
PAYMENT,PAYMENT · nominal kecil,10,749,260319,0.003,14,4,0,0,0,0,1.54,menguras hampir seluruh saldo,0,0
PAYMENT,PAYMENT · nominal kecil,24,6560,16711,0.393,22,4,0,0,0,0,1.6,menguras hampir seluruh saldo,0,0
CASH_IN,CASH_IN · nominal sedang,17,18457,21386822,0.001,10,0,1,1,0,2,1.73,saldo awal pengirim sangat ekstrem,1,0
CASH_IN,CASH_IN · nominal sedang,16,211468,14865922,0.014,19,0,1,1,0,2,1.08,saldo awal pengirim sangat ekstrem,1,0
TRANSFER,PAYMENT · nominal kecil,2,93083,93083,1.0,13,4,1,0,1,2,2.76,saldo pengirim tidak konsisten secara logika,1,1
CASH_IN,CASH_IN · nominal sedang,6,1523,18159712,0.0,11,0,1,1,0,2,2.86,saldo awal pengirim sangat ekstrem,1,0
CASH_IN,CASH_OUT · nominal besar,1,285353,14941,10.0,20,3,1,0,0,1,2.75,menguras hampir seluruh saldo,0,0
TRANSFER,CASH_OUT · nominal besar,2,2059073,50623,10.0,10,3,1,1,1,3,3.09,nominal transaksi sangat ekstrem,1,0
TRANSFER,CASH_IN · nominal sedang,2,1462356,1462356,1.0,10,0,1,1,1,3,3.9,saldo tujuan tidak konsisten secara logika,1,1
CASH_IN,CASH_IN · nominal sedang,16,208159,33131,6.283,18,0,1,0,0,1,1.81,menguras hampir seluruh saldo,0,0
CASH_OUT,CASH_OUT · nominal besar,1,239989,18228,10.0,16,3,1,0,0,1,1.12,menguras hampir seluruh saldo,0,0
CASH_OUT,CASH_OUT · nominal besar,17,141366,15696,9.006,17,3,1,0,0,1,1.52,menguras hampir seluruh saldo,0,0
CASH_OUT,PAYMENT · nominal kecil,30,346103,346103,1.0,4,4,0,0,0,0,3.88,saldo pengirim tidak konsisten secara logika,0,1
TRANSFER,CASH_IN · nominal sedang,26,2626958,2626958,1.0,0,0,1,1,1,3,5.23,saldo tujuan tidak konsisten secara logika,1,1
CASH_IN,CASH_IN · nominal sedang,13,41573,9849051,0.004,18,0,1,1,0,2,0.98,saldo awal pengirim sangat ekstrem,1,0
CASH_OUT,PAYMENT · nominal kecil,20,1153156,1153156,1.0,3,4,1,0,0,1,4.13,nominal transaksi sangat ekstrem,0,1
PAYMENT,PAYMENT · nominal kecil,8,10290,0,0.0,18,1,0,0,0,0,0.76,menguras hampir seluruh saldo,0,0
PAYMENT,PAYMENT · nominal kecil,15,10155,20577,0.494,12,4,0,0,0,0,0.97,menguras hampir seluruh saldo,0,0
CASH_IN,CASH_IN · nominal sedang,25,95470,2548164,0.037,11,0,1,0,0,1,1.08,saldo awal pengirim sangat ekstrem,0,0
CASH_OUT,PAYMENT · nominal kecil,24,8770,8770,1.0,10,4,0,0,0,0,1.79,saldo pengirim tidak konsisten secara logika,0,1
CASH_OUT,CASH_OUT · nominal besar,1,166898,0,0.0,18,2,0,0,0,0,0.74,menguras hampir seluruh saldo,0,0
PAYMENT,PAYMENT · nominal kecil,10,7403,0,0.0,14,1,0,0,0,0,0.51,menguras hampir seluruh saldo,0,0
CASH_IN,CASH_IN · nominal sedang,17,163570,5143938,0.032,13,0,1,0,0,1,0.7,saldo awal pengirim sangat ekstrem,0,0
PAYMENT,PAYMENT · nominal kecil,16,15024,0,0.0,10,1,0,0,0,0,1.33,menguras hampir seluruh saldo,0,0
TRANSFER,CASH_OUT · nominal besar,15,615170,49645,10.0,14,3,1,0,0,1,1.84,menguras hampir seluruh saldo,0,0
TRANSFER,CASH_IN · nominal sedang,20,2739870,2739870,1.0,16,0,1,1,1,3,3.86,saldo tujuan tidak konsisten secara logika,1,1
CASH_IN,CASH_IN · nominal sedang,10,82129,18362596,0.004,12,0,1,1,0,2,0.96,saldo awal pengirim sangat ekstrem,1,0
CASH_OUT,CASH_OUT · nominal besar,6,180232,2155,10.0,10,3,1,0,0,1,1.62,menguras hampir seluruh saldo,0,0
CASH_OUT,CASH_OUT · nominal besar,9,190526,0,0.0,19,2,1,1,0,2,1.03,saldo tujuan sangat ekstrem,1,0
TRANSFER,CASH_OUT · nominal besar,9,23601,0,0.0,21,2,0,0,0,0,2.09,menguras hampir seluruh saldo,0,0
CASH_OUT,CASH_OUT · nominal besar,14,299886,19371,10.0,16,3,1,0,0,1,1.1,menguras hampir seluruh saldo,0,0
CASH_IN,CASH_IN · nominal sedang,15,174962,2380642,0.073,21,0,1,0,0,1,1.4,saldo tujuan tidak konsisten secara logika,0,0
CASH_IN,CASH_IN · nominal sedang,15,210396,11133586,0.019,19,0,1,1,0,2,1.07,saldo awal pengirim sangat ekstrem,1,0
CASH_IN,CASH_IN · nominal sedang,17,212890,4158010,0.051,9,0,1,0,0,1,1.56,saldo awal pengirim sangat ekstrem,0,0
PAYMENT,PAYMENT · nominal kecil,11,5789,51916,0.112,9,4,0,0,0,0,1.61,menguras hampir seluruh saldo,0,0
CASH_IN,CASH_IN · nominal sedang,17,174440,12385543,0.014,2,0,1,1,0,2,3.15,saldo awal pengirim sangat ekstrem,1,0
CASH_OUT,PAYMENT · nominal kecil,11,70123,92273,0.76,10,4,0,0,0,0,2.06,menguras hampir seluruh saldo,0,0
CASH_IN,CASH_IN · nominal sedang,8,176516,12528403,0.014,18,0,1,1,0,2,0.9,saldo awal pengirim sangat ekstrem,1,0
CASH_OUT,CASH_OUT · nominal besar,6,47156,0,0.0,19,2,1,0,0,1,2.27,menguras hampir seluruh saldo,0,0
CASH_OUT,CASH_OUT · nominal besar,15,281249,0,0.0,22,2,0,0,0,0,1.62,menguras hampir seluruh saldo,0,0
CASH_IN,CASH_IN · nominal sedang,10,327237,102969,3.178,11,0,1,0,0,1,1.43,saldo tujuan tidak konsisten secara logika,0,0
CASH_IN,CASH_IN · nominal sedang,2,259223,10471914,0.025,14,0,1,1,0,2,0.81,saldo awal pengirim sangat ekstrem,1,0
CASH_IN,CASH_IN · nominal sedang,9,276031,26807650,0.01,19,0,1,1,0,2,1.2,saldo awal pengirim sangat ekstrem,1,0
CASH_OUT,CASH_OUT · nominal besar,15,558645,10894,10.0,15,3,1,0,0,1,1.48,menguras hampir seluruh saldo,0,0
CASH_IN,CASH_IN · nominal sedang,11,195730,18873044,0.01,10,0,1,1,0,2,1.4,saldo awal pengirim sangat ekstrem,1,0
CASH_IN,CASH_IN · nominal sedang,14,233091,1411369,0.165,14,0,1,0,0,1,0.67,saldo tujuan tidak konsisten secara logika,0,0
CASH_OUT,CASH_OUT · nominal besar,16,55999,0,0.0,20,2,0,0,0,0,1.28,menguras hampir seluruh saldo,0,0
TRANSFER,PAYMENT · nominal kecil,29,343429,343429,1.0,18,4,1,0,1,2,3.31,saldo tujuan tidak konsisten secara logika,1,1
CASH_OUT,CASH_OUT · nominal besar,1,235142,98,10.0,14,3,1,0,0,1,2.62,menguras hampir seluruh saldo,0,0
CASH_IN,CASH_IN · nominal sedang,1,240344,1002277,0.24,20,0,1,0,0,1,1.21,saldo tujuan tidak konsisten secara logika,0,0
CASH_IN,CASH_IN · nominal sedang,14,278575,9767217,0.029,19,0,1,1,0,2,1.18,saldo awal pengirim sangat ekstrem,1,0
PAYMENT,PAYMENT · nominal kecil,10,8577,0,0.0,16,1,0,0,0,0,0.45,menguras hampir seluruh saldo,0,0
CASH_IN,CASH_IN · nominal sedang,12,68222,13127721,0.005,13,0,1,1,0,2,0.78,saldo awal pengirim sangat ekstrem,1,0
PAYMENT,PAYMENT · nominal kecil,16,21994,0,0.0,12,1,0,0,0,0,1.03,menguras hampir seluruh saldo,0,0
PAYMENT,PAYMENT · nominal kecil,10,19090,51471,0.371,13,4,0,0,0,0,0.84,menguras hampir seluruh saldo,0,0
TRANSFER,CASH_OUT · nominal besar,6,271175,0,0.0,14,2,0,0,0,0,1.2,menguras hampir seluruh saldo,0,0
TRANSFER,CASH_OUT · nominal besar,29,1092779,0,0.0,20,2,1,0,0,1,1.94,nominal transaksi sangat ekstrem,0,0
CASH_IN,CASH_IN · nominal sedang,6,108586,10099267,0.011,18,0,1,1,0,2,0.84,saldo awal pengirim sangat ekstrem,1,0
CASH_OUT,CASH_OUT · nominal besar,6,115534,79251,1.458,20,3,0,0,0,0,2.23,saldo pengirim tidak konsisten secara logika,0,0
CASH_IN,CASH_IN · nominal sedang,8,165926,23131358,0.007,19,0,1,1,0,2,1.18,saldo awal pengirim sangat ekstrem,1,0
CASH_OUT,PAYMENT · nominal kecil,8,382961,382961,1.0,9,4,0,0,0,0,3.31,nominal transaksi sangat ekstrem,0,1
CASH_OUT,PAYMENT · nominal kecil,2,268642,268642,1.0,5,4,0,0,0,0,3.58,saldo pengirim tidak konsisten secara logika,0,1
TRANSFER,CASH_IN · nominal sedang,19,8006429,8006429,1.0,5,0,1,1,1,3,4.83,saldo tujuan tidak konsisten secara logika,1,1
TRANSFER,CASH_OUT · nominal besar,13,10000000,0,0.0,16,2,1,1,1,3,3.88,saldo tujuan tidak konsisten secara logika,1,0
CASH_IN,CASH_OUT · nominal besar,17,80723,12769,6.322,19,3,1,0,0,1,2.61,menguras hampir seluruh saldo,0,0
PAYMENT,PAYMENT · nominal kecil,14,3800,0,0.0,17,1,0,0,0,0,0.74,menguras hampir seluruh saldo,0,0
TRANSFER,CASH_OUT · nominal besar,14,9261889,206578,10.0,15,3,1,1,1,3,3.04,nominal transaksi sangat ekstrem,1,0
TRANSFER,CASH_OUT · nominal besar,1,1044853,0,0.0,13,2,1,1,1,3,2.91,saldo tujuan tidak konsisten secara logika,1,0
CASH_OUT,CASH_OUT · nominal besar,7,286266,0,0.0,20,2,0,0,0,0,1.19,menguras hampir seluruh saldo,0,0
TRANSFER,CASH_IN · nominal sedang,14,5818863,5818863,1.0,1,0,1,1,1,3,5.26,saldo tujuan tidak konsisten secara logika,1,1
PAYMENT,PAYMENT · nominal kecil,9,13046,20624,0.633,22,4,0,0,0,0,1.59,menguras hampir seluruh saldo,0,0
TRANSFER,PAYMENT · nominal kecil,4,42659,42659,1.0,8,4,1,0,1,2,2.99,saldo pengirim tidak konsisten secara logika,1,1
DEBIT,PAYMENT · nominal kecil,9,1458,0,0.0,15,1,0,0,1,1,2.38,menguras hampir seluruh saldo,0,0
CASH_OUT,PAYMENT · nominal kecil,20,2254718,2254718,1.0,22,4,1,1,0,2,3.86,nominal transaksi sangat ekstrem,1,1
TRANSFER,PAYMENT · nominal kecil,10,156035,381826,0.409,14,4,1,0,1,2,2.9,saldo tujuan sangat ekstrem,1,0
TRANSFER,PAYMENT · nominal kecil,28,114627,114627,1.0,6,4,1,0,1,2,3.55,saldo pengirim tidak konsisten secara logika,1,1
CASH_OUT,CASH_OUT · nominal besar,12,295718,275123,1.075,11,3,1,1,0,2,2.56,saldo tujuan sangat ekstrem,1,0
CASH_IN,CASH_IN · nominal sedang,11,364819,13051142,0.028,20,0,1,1,0,2,1.55,saldo tujuan sangat ekstrem,1,0
CASH_IN,CASH_OUT · nominal besar,10,48761,5039,9.677,19,3,1,1,0,2,2.7,saldo tujuan sangat ekstrem,1,0
CASH_OUT,CASH_OUT · nominal besar,17,678693,1975,10.0,16,3,1,0,0,1,1.79,menguras hampir seluruh saldo,0,0
TRANSFER,CASH_OUT · nominal besar,16,3031851,99688,10.0,10,3,1,1,1,3,2.8,nominal transaksi sangat ekstrem,1,0
PAYMENT,PAYMENT · nominal kecil,10,2438,0,0.0,16,1,0,0,0,0,0.85,menguras hampir seluruh saldo,0,0
CASH_OUT,CASH_OUT · nominal besar,1,125299,1478,10.0,16,3,1,1,0,2,3.08,saldo tujuan tidak konsisten secara logika,1,0
PAYMENT,PAYMENT · nominal kecil,2,23322,12036,1.938,10,1,0,0,0,0,2.1,saldo tujuan sangat ekstrem,0,0
CASH_OUT,CASH_OUT · nominal besar,6,265947,50529,5.263,20,3,0,0,0,0,1.47,menguras hampir seluruh saldo,0,0
TRANSFER,PAYMENT · nominal kecil,26,222213,222213,1.0,5,4,1,0,1,2,3.92,saldo tujuan tidak konsisten secara logika,1,1
TRANSFER,CASH_IN · nominal sedang,19,10000000,13752521,0.727,12,0,1,1,1,3,4.35,saldo tujuan tidak konsisten secara logika,1,1
PAYMENT,PAYMENT · nominal kecil,2,2386,0,0.0,20,1,0,0,0,0,1.38,menguras hampir seluruh saldo,0,0
CASH_IN,CASH_OUT · nominal besar,17,61189,1252,10.0,13,3,1,0,0,1,2.56,saldo tujuan sangat ekstrem,0,0
TRANSFER,CASH_OUT · nominal besar,1,2217838,0,0.0,15,2,1,1,0,2,1.93,nominal transaksi sangat ekstrem,1,0
CASH_IN,CASH_IN · nominal sedang,6,42542,13050781,0.003,15,0,1,1,0,2,0.75,saldo awal pengirim sangat ekstrem,1,0
TRANSFER,PAYMENT · nominal kecil,30,116798,116798,1.0,21,4,1,0,1,2,3.06,saldo pengirim tidak konsisten secara logika,1,1
CASH_OUT,PAYMENT · nominal kecil,9,103369,103369,1.0,1,4,0,0,0,0,3.8,saldo pengirim tidak konsisten secara logika,0,1
CASH_OUT,CASH_OUT · nominal besar,11,5256,0,0.0,12,2,0,0,0,0,2.15,menguras hampir seluruh saldo,0,0
CASH_OUT,PAYMENT · nominal kecil,11,213463,213463,1.0,10,4,1,0,0,1,3.17,saldo pengirim tidak konsisten secara logika,0,1
CASH_OUT,CASH_OUT · nominal besar,7,67242,57283,1.174,22,3,0,0,0,0,2.64,saldo pengirim tidak konsisten secara logika,0,0
CASH_OUT,PAYMENT · nominal kecil,29,272717,272717,1.0,8,4,0,0,0,0,3.27,saldo pengirim tidak konsisten secara logika,0,1
CASH_IN,CASH_IN · nominal sedang,16,60829,11413033,0.005,21,0,1,1,0,2,1.48,saldo awal pengirim sangat ekstrem,1,0
CASH_IN,CASH_IN · nominal sedang,9,41388,13332851,0.003,13,0,1,1,0,2,1.02,saldo awal pengirim sangat ekstrem,1,0
CASH_IN,CASH_IN · nominal sedang,7,124974,19768356,0.006,9,0,1,1,0,2,1.57,saldo awal pengirim sangat ekstrem,1,0
CASH_OUT,PAYMENT · nominal kecil,22,120599,120599,1.0,19,4,0,0,0,0,2.63,saldo pengirim tidak konsisten secara logika,0,1
CASH_OUT,CASH_OUT · nominal besar,12,266089,0,0.0,12,2,0,0,0,0,0.89,menguras hampir seluruh saldo,0,0
CASH_IN,CASH_IN · nominal sedang,1,247996,10308652,0.024,8,0,1,1,0,2,1.83,saldo awal pengirim sangat ekstrem,1,0
PAYMENT,PAYMENT · nominal kecil,22,8555,155448,0.055,16,4,0,0,0,0,0.49,menguras hampir seluruh saldo,0,0
CASH_IN,CASH_IN · nominal sedang,7,47184,12501,3.774,18,0,1,0,0,1,1.39,menguras hampir seluruh saldo,0,0
TRANSFER,CASH_OUT · nominal besar,11,2289989,65130,10.0,9,3,1,1,1,3,2.8,nominal transaksi sangat ekstrem,1,0
CASH_OUT,CASH_OUT · nominal besar,29,171512,0,0.0,14,2,0,0,0,0,0.45,menguras hampir seluruh saldo,0,0
TRANSFER,CASH_OUT · nominal besar,17,510618,31732,10.0,17,3,1,0,0,1,1.6,menguras hampir seluruh saldo,0,0
PAYMENT,PAYMENT · nominal kecil,11,16720,16863,0.991,15,4,0,0,0,0,0.65,saldo pengirim tidak konsisten secara logika,0,0
TRANSFER,CASH_OUT · nominal besar,13,208305,0,0.0,12,2,1,0,0,1,2.6,saldo tujuan tidak konsisten secara logika,0,0
CASH_IN,CASH_IN · nominal sedang,1,121401,7844133,0.015,19,0,1,0,0,1,0.97,saldo awal pengirim sangat ekstrem,0,0
CASH_OUT,CASH_OUT · nominal besar,7,266217,122,10.0,19,3,1,0,0,1,1.54,menguras hampir seluruh saldo,0,0
PAYMENT,PAYMENT · nominal kecil,13,737,0,0.0,19,1,0,0,0,0,1.72,menguras hampir seluruh saldo,0,0
TRANSFER,CASH_OUT · nominal besar,11,351429,25358,10.0,21,3,1,0,0,1,2.15,menguras hampir seluruh saldo,0,0
CASH_IN,CASH_IN · nominal sedang,6,151550,6214104,0.024,16,0,1,0,0,1,0.46,saldo awal pengirim sangat ekstrem,0,0
CASH_OUT,CASH_OUT · nominal besar,2,513169,15794,10.0,13,3,1,0,0,1,1.44,menguras hampir seluruh saldo,0,0
CASH_IN,CASH_IN · nominal sedang,14,103241,30421,3.394,15,0,1,0,0,1,0.99,saldo tujuan tidak konsisten secara logika,0,0
CASH_OUT,PAYMENT · nominal kecil,2,95910,374787,0.256,17,4,0,0,0,0,2.47,menguras hampir seluruh saldo,0,0
CASH_OUT,CASH_OUT · nominal besar,9,319078,0,0.0,16,2,0,0,0,0,0.56,menguras hampir seluruh saldo,0,0
CASH_IN,CASH_IN · nominal sedang,7,59883,11662019,0.005,11,0,1,1,0,2,1.23,saldo awal pengirim sangat ekstrem,1,0
TRANSFER,CASH_IN · nominal sedang,23,3439121,3439121,1.0,5,0,1,1,1,3,4.59,saldo tujuan tidak konsisten secara logika,1,1
DEBIT,PAYMENT · nominal kecil,24,2944,986,2.986,21,1,0,0,0,0,2.91,saldo pengirim tidak konsisten secara logika,0,0
CASH_OUT,CASH_OUT · nominal besar,1,178021,125071,1.423,17,3,0,0,0,0,1.98,saldo tujuan sangat ekstrem,0,0
PAYMENT,PAYMENT · nominal kecil,16,6276,152341,0.041,19,4,0,0,0,0,0.96,menguras hampir seluruh saldo,0,0
TRANSFER,CASH_IN · nominal sedang,12,1796407,1796407,1.0,23,0,1,1,1,3,4.15,saldo tujuan tidak konsisten secara logika,1,1
CASH_OUT,CASH_OUT · nominal besar,13,73229,0,0.0,17,2,0,0,0,0,0.67,menguras hampir seluruh saldo,0,0
TRANSFER,CASH_OUT · nominal besar,10,186925,12591,10.0,15,3,1,0,0,1,1.52,menguras hampir seluruh saldo,0,0
DEBIT,PAYMENT · nominal kecil,2,392,232109,0.002,17,4,1,1,1,3,3.04,saldo tujuan sangat ekstrem,1,0
TRANSFER,CASH_OUT · nominal besar,13,10000000,136174,10.0,16,3,1,1,1,3,4.21,nominal transaksi sangat ekstrem,1,0
CASH_OUT,PAYMENT · nominal kecil,7,66448,66448,1.0,1,4,1,0,0,1,4.19,saldo tujuan sangat ekstrem,0,1
DEBIT,PAYMENT · nominal kecil,2,1505,6184,0.243,22,4,1,0,1,2,2.98,saldo tujuan sangat ekstrem,1,0
CASH_OUT,CASH_OUT · nominal besar,17,118528,63025,1.881,18,3,1,1,0,2,2.15,saldo tujuan sangat ekstrem,1,0
PAYMENT,PAYMENT · nominal kecil,7,6362,0,0.0,13,1,0,0,0,0,0.69,menguras hampir seluruh saldo,0,0
PAYMENT,PAYMENT · nominal kecil,2,7642,0,0.0,20,1,0,0,0,0,1.17,menguras hampir seluruh saldo,0,0
CASH_IN,CASH_IN · nominal sedang,8,173828,11034542,0.016,12,0,1,1,0,2,1.02,saldo awal pengirim sangat ekstrem,1,0
CASH_OUT,CASH_OUT · nominal besar,12,192276,0,0.0,13,2,0,0,0,0,0.65,menguras hampir seluruh saldo,0,0
CASH_OUT,CASH_OUT · nominal besar,10,12510,10242,1.221,16,2,1,1,0,2,2.6,saldo tujuan sangat ekstrem,1,0
TRANSFER,CASH_OUT · nominal besar,14,279150,0,0.0,20,2,1,1,0,2,1.64,saldo tujuan sangat ekstrem,1,0
PAYMENT,PAYMENT · nominal kecil,2,32159,20513,1.568,13,1,0,0,0,0,1.9,saldo tujuan sangat ekstrem,0,0
CASH_OUT,CASH_OUT · nominal besar,6,451857,0,0.0,15,2,0,0,0,0,0.71,menguras hampir seluruh saldo,0,0
CASH_IN,CASH_IN · nominal sedang,16,222540,725699,0.307,22,0,1,1,0,2,1.73,saldo tujuan sangat ekstrem,1,0
CASH_IN,CASH_IN · nominal sedang,14,82044,6790174,0.012,9,0,1,0,0,1,1.52,saldo awal pengirim sangat ekstrem,0,0
CASH_IN,CASH_IN · nominal sedang,10,160773,13569272,0.012,18,0,1,1,0,2,0.88,saldo awal pengirim sangat ekstrem,1,0
CASH_OUT,CASH_OUT · nominal besar,15,33883,11237,3.015,18,3,0,0,0,0,1.84,saldo tujuan sangat ekstrem,0,0
PAYMENT,PAYMENT · nominal kecil,12,5435,409361,0.013,16,4,0,0,0,0,0.64,menguras hampir seluruh saldo,0,0
CASH_IN,CASH_IN · nominal sedang,10,19248,20503862,0.001,9,0,1,1,0,2,1.93,saldo awal pengirim sangat ekstrem,1,0
TRANSFER,CASH_OUT · nominal besar,14,7739562,41665,10.0,15,3,1,1,1,3,3.53,nominal transaksi sangat ekstrem,1,0
TRANSFER,CASH_OUT · nominal besar,14,2132174,0,0.0,16,2,1,1,0,2,1.92,nominal transaksi sangat ekstrem,1,0
DEBIT,CASH_OUT · nominal besar,10,1458,153,9.526,18,3,1,0,1,2,3.33,menguras hampir seluruh saldo,1,0
CASH_IN,CASH_IN · nominal sedang,8,206532,14569328,0.014,18,0,1,1,0,2,0.94,saldo awal pengirim sangat ekstrem,1,0
PAYMENT,PAYMENT · nominal kecil,10,7056,20985,0.336,22,4,0,0,0,0,1.59,menguras hampir seluruh saldo,0,0
CASH_IN,CASH_IN · nominal sedang,7,143405,1468386,0.098,16,0,1,1,0,2,0.77,saldo tujuan sangat ekstrem,1,0
CASH_OUT,CASH_OUT · nominal besar,22,1048100,1048100,1.0,2,3,1,0,0,1,4.61,nominal transaksi sangat ekstrem,0,1
DEBIT,CASH_OUT · nominal besar,9,4421,804,5.499,22,3,1,0,1,2,3.19,saldo tujuan sangat ekstrem,1,0
TRANSFER,CASH_OUT · nominal besar,12,5513960,0,0.0,16,2,1,1,0,2,2.4,nominal transaksi sangat ekstrem,1,0
CASH_OUT,PAYMENT · nominal kecil,9,1391,64803,0.021,9,4,0,0,0,0,2.19,menguras hampir seluruh saldo,0,0
CASH_OUT,CASH_OUT · nominal besar,15,64178,353,10.0,15,3,1,0,0,1,1.19,menguras hampir seluruh saldo,0,0
CASH_IN,CASH_IN · nominal sedang,11,21168,7654634,0.003,19,0,1,0,0,1,1.38,saldo awal pengirim sangat ekstrem,0,0
CASH_OUT,PAYMENT · nominal kecil,7,250980,307313,0.817,16,4,0,0,0,0,2.76,menguras hampir seluruh saldo,0,0
PAYMENT,CASH_OUT · nominal besar,8,20732,91,10.0,13,3,1,0,0,1,2.43,menguras hampir seluruh saldo,0,0
CASH_OUT,PAYMENT · nominal kecil,20,283415,283415,1.0,1,4,0,0,0,0,4.03,saldo pengirim tidak konsisten secara logika,0,1
CASH_IN,CASH_OUT · nominal besar,16,305903,21271,10.0,17,3,1,1,0,2,2.72,saldo tujuan sangat ekstrem,1,0
CASH_IN,CASH_IN · nominal sedang,7,28126,4761304,0.006,9,0,1,0,0,1,1.72,saldo awal pengirim sangat ekstrem,0,0
CASH_IN,CASH_IN · nominal sedang,6,61237,617347,0.099,15,0,1,0,0,1,0.46,menguras hampir seluruh saldo,0,0
CASH_OUT,CASH_OUT · nominal besar,10,18623,0,0.0,15,2,0,0,0,0,1.31,menguras hampir seluruh saldo,0,0
CASH_IN,CASH_IN · nominal sedang,15,403391,16233352,0.025,20,0,1,1,0,2,1.46,saldo awal pengirim sangat ekstrem,1,0
CASH_IN,CASH_IN · nominal sedang,6,207987,10774025,0.019,20,0,1,1,0,2,1.25,saldo awal pengirim sangat ekstrem,1,0
CASH_IN,CASH_IN · nominal sedang,7,219434,12033297,0.018,21,0,1,1,0,2,1.47,saldo awal pengirim sangat ekstrem,1,0
TRANSFER,CASH_IN · nominal sedang,21,1189987,1189987,1.0,9,0,1,0,1,2,3.93,saldo tujuan tidak konsisten secara logika,1,1
TRANSFER,CASH_OUT · nominal besar,14,2455422,94987,10.0,11,3,1,1,0,2,2.37,nominal transaksi sangat ekstrem,1,0
CASH_OUT,CASH_OUT · nominal besar,15,28412,0,0.0,18,2,0,0,0,0,1.22,menguras hampir seluruh saldo,0,0
CASH_OUT,PAYMENT · nominal kecil,2,180968,180968,1.0,13,4,0,0,0,0,2.47,saldo pengirim tidak konsisten secara logika,0,1
TRANSFER,CASH_OUT · nominal besar,8,608729,0,0.0,12,2,0,0,0,0,1.58,nominal transaksi sangat ekstrem,0,0
CASH_IN,CASH_IN · nominal sedang,12,80334,705410,0.114,11,0,1,0,0,1,1.05,menguras hampir seluruh saldo,0,0
CASH_OUT,CASH_OUT · nominal besar,8,143360,0,0.0,11,2,0,0,0,0,1.05,menguras hampir seluruh saldo,0,0
CASH_IN,CASH_IN · nominal sedang,16,109186,10178838,0.011,21,0,1,1,0,2,1.4,saldo awal pengirim sangat ekstrem,1,0
DEBIT,CASH_OUT · nominal besar,17,4698,1116,4.21,11,3,1,0,1,2,2.96,saldo tujuan sangat ekstrem,1,0
CASH_IN,CASH_IN · nominal sedang,1,89061,17384322,0.005,13,0,1,1,0,2,0.87,saldo awal pengirim sangat ekstrem,1,0
CASH_OUT,PAYMENT · nominal kecil,19,278578,278578,1.0,22,4,0,0,0,0,2.99,saldo pengirim tidak konsisten secara logika,0,1
TRANSFER,CASH_IN · nominal sedang,18,9033761,9033761,1.0,1,0,1,1,1,3,5.38,saldo tujuan tidak konsisten secara logika,1,1
CASH_IN,CASH_IN · nominal sedang,9,388376,17803844,0.022,17,0,1,1,0,2,1.13,saldo awal pengirim sangat ekstrem,1,0
CASH_OUT,CASH_OUT · nominal besar,9,66580,0,0.0,14,2,1,1,0,2,0.82,saldo tujuan sangat ekstrem,1,0
PAYMENT,PAYMENT · nominal kecil,15,36577,0,0.0,13,1,0,0,0,0,1.1,menguras hampir seluruh saldo,0,0
CASH_OUT,CASH_OUT · nominal besar,13,625529,79,10.0,16,3,1,1,0,2,1.97,saldo tujuan sangat ekstrem,1,0
CASH_OUT,PAYMENT · nominal kecil,5,535655,535655,1.0,14,4,1,0,0,1,2.99,nominal transaksi sangat ekstrem,0,1
CASH_IN,CASH_OUT · nominal besar,14,61745,51,10.0,20,3,1,0,0,1,2.69,menguras hampir seluruh saldo,0,0
CASH_IN,CASH_IN · nominal sedang,11,147137,2253822,0.065,9,0,1,0,0,1,1.56,saldo tujuan sangat ekstrem,0,0
TRANSFER,CASH_IN · nominal sedang,17,1806516,1806516,1.0,17,0,1,1,1,3,3.77,saldo tujuan tidak konsisten secara logika,1,1
CASH_IN,CASH_IN · nominal sedang,9,78977,13322863,0.006,11,0,1,1,0,2,1.14,saldo awal pengirim sangat ekstrem,1,0
CASH_OUT,CASH_OUT · nominal besar,9,68344,30867,2.214,15,3,0,0,0,0,1.92,saldo tujuan sangat ekstrem,0,0
CASH_OUT,PAYMENT · nominal kecil,24,10000000,10000000,1.0,2,4,1,1,1,3,5.16,nominal transaksi sangat ekstrem,1,1
CASH_IN,PAYMENT · nominal kecil,1,12163,12138724,0.001,14,4,1,1,0,2,3.47,saldo awal pengirim sangat ekstrem,1,0
CASH_IN,CASH_IN · nominal sedang,19,89432,7915515,0.011,16,0,1,0,0,1,0.59,saldo awal pengirim sangat ekstrem,0,0
TRANSFER,CASH_IN · nominal sedang,27,709951,709951,1.0,4,0,1,0,1,2,4.41,saldo tujuan tidak konsisten secara logika,1,1
TRANSFER,PAYMENT · nominal kecil,16,2785,2785,1.0,20,4,1,0,1,2,2.35,saldo pengirim tidak konsisten secara logika,1,1
TRANSFER,CASH_IN · nominal sedang,19,4135944,4135944,1.0,4,0,1,1,1,3,4.77,saldo tujuan tidak konsisten secara logika,1,1
PAYMENT,PAYMENT · nominal kecil,1,31656,31363,1.009,8,4,0,0,0,0,2.23,saldo pengirim tidak konsisten secara logika,0,0
CASH_OUT,CASH_OUT · nominal besar,12,209950,796,10.0,12,3,1,0,0,1,1.77,menguras hampir seluruh saldo,0,0
CASH_IN,CASH_IN · nominal sedang,17,85542,12092621,0.007,17,0,1,1,0,2,0.79,saldo awal pengirim sangat ekstrem,1,0
TRANSFER,CASH_OUT · nominal besar,15,1116978,0,0.0,18,2,1,1,0,2,1.79,saldo tujuan sangat ekstrem,1,0
CASH_OUT,CASH_OUT · nominal besar,7,114609,0,0.0,16,2,1,0,0,1,0.51,saldo tujuan sangat ekstrem,0,0
PAYMENT,PAYMENT · nominal kecil,6,7048,14510,0.486,19,4,0,0,0,0,0.98,menguras hampir seluruh saldo,0,0
PAYMENT,PAYMENT · nominal kecil,4,7247,19921,0.364,0,4,0,0,0,0,3.64,menguras hampir seluruh saldo,0,0
CASH_OUT,CASH_OUT · nominal besar,6,68280,23764,2.873,9,3,0,0,0,0,2.45,saldo tujuan sangat ekstrem,0,0
TRANSFER,CASH_IN · nominal sedang,4,8267760,8267760,1.0,0,0,1,1,1,3,5.5,saldo tujuan tidak konsisten secara logika,1,1
CASH_IN,CASH_IN · nominal sedang,14,118072,20443,5.776,19,0,1,0,0,1,1.78,menguras hampir seluruh saldo,0,0
CASH_OUT,CASH_OUT · nominal besar,8,186298,0,0.0,14,2,1,1,0,2,0.62,saldo tujuan sangat ekstrem,1,0
CASH_IN,CASH_OUT · nominal besar,13,156185,18559,8.416,0,3,1,0,0,1,4.17,menguras hampir seluruh saldo,0,0
TRANSFER,PAYMENT · nominal kecil,4,19743,19743,1.0,20,4,1,0,0,1,2.45,saldo pengirim tidak konsisten secara logika,0,1
DEBIT,PAYMENT · nominal kecil,10,2473,29995,0.082,16,4,0,0,0,0,2.23,menguras hampir seluruh saldo,0,0
CASH_OUT,CASH_OUT · nominal besar,1,9646,0,0.0,18,2,1,0,0,1,2.81,saldo tujuan tidak konsisten secara logika,0,0
CASH_OUT,CASH_IN · nominal sedang,11,451727,339767,1.33,12,0,1,0,0,1,1.85,nominal transaksi sangat ekstrem,0,0
CASH_IN,CASH_IN · nominal sedang,7,451131,9251303,0.049,17,0,1,1,0,2,1.2,saldo tujuan sangat ekstrem,1,0
CASH_IN,CASH_IN · nominal sedang,15,29839,17415960,0.002,17,0,1,1,0,2,1.03,saldo awal pengirim sangat ekstrem,1,0
TRANSFER,CASH_IN · nominal sedang,21,854065,854065,1.0,23,0,1,0,1,2,4.0,saldo tujuan tidak konsisten secara logika,1,1
CASH_IN,CASH_IN · nominal sedang,11,96176,19452232,0.005,20,0,1,1,0,2,1.34,saldo awal pengirim sangat ekstrem,1,0
PAYMENT,PAYMENT · nominal kecil,14,37296,31826,1.172,15,1,0,0,0,0,1.91,saldo tujuan sangat ekstrem,0,0
CASH_OUT,PAYMENT · nominal kecil,30,6219566,6219566,1.0,23,4,1,1,0,2,4.21,nominal transaksi sangat ekstrem,1,1
TRANSFER,CASH_OUT · nominal besar,22,4859966,0,0.0,16,2,1,1,0,2,2.33,nominal transaksi sangat ekstrem,1,0
TRANSFER,CASH_OUT · nominal besar,15,3760616,99949,10.0,9,3,1,1,0,2,2.76,nominal transaksi sangat ekstrem,1,0
CASH_IN,CASH_IN · nominal sedang,8,198136,20695680,0.01,14,0,1,1,0,2,0.74,saldo awal pengirim sangat ekstrem,1,0
CASH_IN,CASH_IN · nominal sedang,16,104693,5808442,0.018,10,0,1,0,0,1,1.34,saldo awal pengirim sangat ekstrem,0,0
TRANSFER,CASH_OUT · nominal besar,7,76761,0,0.0,15,2,1,0,0,1,2.43,saldo tujuan tidak konsisten secara logika,0,0
CASH_OUT,CASH_OUT · nominal besar,6,177812,13167,10.0,12,3,1,1,0,2,2.78,saldo tujuan sangat ekstrem,1,0
CASH_OUT,CASH_OUT · nominal besar,23,3707342,3707342,1.0,12,3,1,1,0,2,3.8,nominal transaksi sangat ekstrem,1,1
CASH_IN,CASH_IN · nominal sedang,1,103903,11061695,0.009,11,0,1,1,0,2,1.2,saldo awal pengirim sangat ekstrem,1,0
TRANSFER,CASH_IN · nominal sedang,3,829885,829885,1.0,8,0,1,0,1,2,3.96,saldo tujuan tidak konsisten secara logika,1,1
TRANSFER,CASH_OUT · nominal besar,2,122819,0,0.0,15,2,1,1,0,2,1.19,saldo tujuan sangat ekstrem,1,0
CASH_OUT,CASH_OUT · nominal besar,6,85474,0,0.0,9,2,0,0,0,0,1.54,menguras hampir seluruh saldo,0,0
CASH_OUT,CASH_OUT · nominal besar,6,139201,0,0.0,11,2,1,0,0,1,1.09,saldo tujuan sangat ekstrem,0,0
CASH_OUT,PAYMENT · nominal kecil,6,355832,355832,1.0,2,4,0,0,0,0,4.12,saldo pengirim tidak konsisten secara logika,0,1
CASH_IN,CASH_IN · nominal sedang,28,226346,2659234,0.085,13,0,1,0,0,1,0.8,saldo tujuan tidak konsisten secara logika,0,0
CASH_OUT,PAYMENT · nominal kecil,11,212265,562011,0.378,17,4,1,0,0,1,2.73,menguras hampir seluruh saldo,0,0
CASH_IN,CASH_IN · nominal sedang,3,64763,12758631,0.005,1,0,1,1,0,2,3.37,saldo awal pengirim sangat ekstrem,1,0
CASH_IN,CASH_IN · nominal sedang,2,164879,25141,6.558,9,0,1,0,0,1,2.28,menguras hampir seluruh saldo,0,0
CASH_OUT,CASH_OUT · nominal besar,17,207745,0,0.0,15,2,0,0,0,0,0.39,menguras hampir seluruh saldo,0,0
TRANSFER,CASH_OUT · nominal besar,1,396394,67263,5.893,17,3,0,0,0,0,1.54,menguras hampir seluruh saldo,0,0
CASH_IN,CASH_IN · nominal sedang,14,105648,2479011,0.043,19,0,1,0,0,1,0.89,menguras hampir seluruh saldo,0,0
CASH_IN,CASH_IN · nominal sedang,1,207659,1254734,0.166,23,0,1,1,0,2,1.92,saldo tujuan sangat ekstrem,1,0
CASH_IN,CASH_IN · nominal sedang,14,23948,10061149,0.002,19,0,1,1,0,2,1.33,saldo awal pengirim sangat ekstrem,1,0
PAYMENT,PAYMENT · nominal kecil,6,4412,153100,0.029,9,4,0,0,0,0,1.65,menguras hampir seluruh saldo,0,0
CASH_OUT,CASH_OUT · nominal besar,7,274260,30818,8.899,14,3,1,1,0,2,1.47,saldo tujuan sangat ekstrem,1,0
TRANSFER,CASH_OUT · nominal besar,13,2273418,0,0.0,21,2,1,1,0,2,2.34,nominal transaksi sangat ekstrem,1,0
DEBIT,CASH_OUT · nominal besar,2,14492,119,10.0,23,3,1,0,1,2,2.86,menguras hampir seluruh saldo,1,0
CASH_OUT,CASH_OUT · nominal besar,7,54340,0,0.0,17,2,1,1,0,2,0.88,saldo tujuan sangat ekstrem,1,0
CASH_IN,CASH_IN · nominal sedang,23,61236,11635802,0.005,19,0,1,1,0,2,1.03,saldo awal pengirim sangat ekstrem,1,0
CASH_IN,PAYMENT · nominal kecil,9,160,21419096,0.0,11,4,1,1,0,2,3.68,saldo awal pengirim sangat ekstrem,1,0
CASH_IN,CASH_IN · nominal sedang,15,281870,21904628,0.013,15,0,1,1,0,2,0.91,saldo awal pengirim sangat ekstrem,1,0
CASH_OUT,CASH_OUT · nominal besar,11,323064,0,0.0,18,2,0,0,0,0,0.82,menguras hampir seluruh saldo,0,0
CASH_OUT,CASH_OUT · nominal besar,9,60210,40654,1.481,19,3,0,0,0,0,2.49,saldo tujuan sangat ekstrem,0,0
PAYMENT,PAYMENT · nominal kecil,16,8346,0,0.0,14,1,0,0,0,0,0.51,menguras hampir seluruh saldo,0,0
CASH_OUT,CASH_OUT · nominal besar,9,10692,0,0.0,10,2,1,1,0,2,2.07,saldo tujuan sangat ekstrem,1,0
CASH_IN,CASH_IN · nominal sedang,16,358202,3595675,0.1,12,0,1,0,0,1,1.12,saldo tujuan tidak konsisten secara logika,0,0
CASH_IN,CASH_OUT · nominal besar,7,247114,1259,10.0,15,3,1,0,0,1,2.66,menguras hampir seluruh saldo,0,0
CASH_IN,CASH_IN · nominal sedang,6,150245,20113596,0.007,12,0,1,1,0,2,1.07,saldo awal pengirim sangat ekstrem,1,0
CASH_OUT,CASH_OUT · nominal besar,7,58373,0,0.0,14,2,0,0,0,0,0.82,menguras hampir seluruh saldo,0,0
PAYMENT,PAYMENT · nominal kecil,13,15201,168373,0.09,10,4,0,0,0,0,1.39,menguras hampir seluruh saldo,0,0
TRANSFER,PAYMENT · nominal kecil,24,175203,175203,1.0,15,4,1,0,1,2,2.96,saldo pengirim tidak konsisten secara logika,1,1
CASH_OUT,CASH_OUT · nominal besar,16,17081,0,0.0,15,2,1,1,0,2,1.4,saldo tujuan sangat ekstrem,1,0
CASH_IN,CASH_IN · nominal sedang,12,54720,15659899,0.003,15,0,1,1,0,2,0.68,saldo awal pengirim sangat ekstrem,1,0
CASH_IN,CASH_IN · nominal sedang,12,85541,9953374,0.009,12,0,1,1,0,2,0.94,saldo awal pengirim sangat ekstrem,1,0
TRANSFER,CASH_IN · nominal sedang,3,4631432,4631432,1.0,18,0,1,1,1,3,4.07,saldo tujuan tidak konsisten secara logika,1,1
PAYMENT,PAYMENT · nominal kecil,15,6313,0,0.0,12,1,0,0,0,0,0.88,menguras hampir seluruh saldo,0,0
CASH_OUT,CASH_OUT · nominal besar,12,171181,0,0.0,17,2,0,0,0,0,0.5,menguras hampir seluruh saldo,0,0
CASH_OUT,CASH_OUT · nominal besar,13,200767,0,0.0,18,2,0,0,0,0,0.72,menguras hampir seluruh saldo,0,0
TRANSFER,CASH_OUT · nominal besar,1,553246,77948,7.098,12,3,1,0,1,2,3.17,menguras hampir seluruh saldo,1,0
CASH_OUT,CASH_OUT · nominal besar,1,221305,20612,10.0,18,3,1,0,0,1,2.49,menguras hampir seluruh saldo,0,0
CASH_OUT,CASH_OUT · nominal besar,11,461667,10152,10.0,10,3,1,1,0,2,1.94,saldo tujuan sangat ekstrem,1,0
CASH_OUT,CASH_OUT · nominal besar,16,181839,22248,8.173,19,3,0,0,0,0,1.67,menguras hampir seluruh saldo,0,0
CASH_OUT,PAYMENT · nominal kecil,27,55740,55740,1.0,2,4,0,0,0,0,3.9,saldo pengirim tidak konsisten secara logika,0,1
CASH_OUT,CASH_OUT · nominal besar,2,192455,0,0.0,16,2,0,0,0,0,0.43,menguras hampir seluruh saldo,0,0
CASH_OUT,CASH_OUT · nominal besar,6,21266,0,0.0,17,2,0,0,0,0,1.27,menguras hampir seluruh saldo,0,0
CASH_OUT,CASH_OUT · nominal besar,8,70947,20214,3.51,18,3,1,1,0,2,1.89,saldo tujuan sangat ekstrem,1,0
CASH_IN,CASH_IN · nominal sedang,6,98400,14356124,0.007,21,0,1,1,0,2,1.41,saldo awal pengirim sangat ekstrem,1,0
CASH_OUT,CASH_OUT · nominal besar,10,80661,14858,5.429,19,3,0,0,0,0,1.82,menguras hampir seluruh saldo,0,0
TRANSFER,PAYMENT · nominal kecil,16,118463,118463,1.0,15,4,1,0,1,2,2.8,saldo pengirim tidak konsisten secara logika,1,1
TRANSFER,CASH_OUT · nominal besar,16,763490,62612,10.0,22,3,1,0,0,1,2.36,menguras hampir seluruh saldo,0,0
CASH_IN,CASH_IN · nominal sedang,2,178043,18109318,0.01,13,0,1,1,0,2,0.84,saldo awal pengirim sangat ekstrem,1,0
TRANSFER,CASH_IN · nominal sedang,19,585396,585396,1.0,0,0,1,0,1,2,5.0,saldo tujuan tidak konsisten secara logika,1,1
TRANSFER,PAYMENT · nominal kecil,18,225324,225324,1.0,19,4,1,0,1,2,3.17,saldo tujuan tidak konsisten secara logika,1,1
TRANSFER,CASH_OUT · nominal besar,13,4628834,0,0.0,22,2,1,1,0,2,2.78,nominal transaksi sangat ekstrem,1,0
CASH_OUT,PAYMENT · nominal kecil,25,681526,681526,1.0,1,4,1,0,0,1,4.65,nominal transaksi sangat ekstrem,0,1
TRANSFER,CASH_IN · nominal sedang,13,2052852,2052852,1.0,18,0,1,1,1,3,3.83,saldo tujuan tidak konsisten secara logika,1,1
PAYMENT,PAYMENT · nominal kecil,29,1516,178102,0.009,9,4,0,0,0,0,1.89,menguras hampir seluruh saldo,0,0
CASH_IN,CASH_IN · nominal sedang,1,91714,10437925,0.009,16,0,1,1,0,2,0.5,saldo awal pengirim sangat ekstrem,1,0
CASH_IN,CASH_IN · nominal sedang,8,190495,52127,3.654,9,0,1,0,0,1,2.56,menguras hampir seluruh saldo,0,0
CASH_IN,CASH_IN · nominal sedang,13,45442,27714684,0.002,17,0,1,1,0,2,0.92,saldo awal pengirim sangat ekstrem,1,0
TRANSFER,PAYMENT · nominal kecil,8,158000,158000,1.0,9,4,1,0,1,2,3.28,saldo pengirim tidak konsisten secara logika,1,1
CASH_OUT,CASH_OUT · nominal besar,1,122948,10064,10.0,16,3,1,0,0,1,1.24,menguras hampir seluruh saldo,0,0
PAYMENT,PAYMENT · nominal kecil,24,12140,10626,1.142,21,4,0,0,0,0,2.02,saldo pengirim tidak konsisten secara logika,0,0
CASH_OUT,CASH_OUT · nominal besar,6,538426,3949,10.0,14,3,1,0,0,1,1.72,menguras hampir seluruh saldo,0,0
PAYMENT,PAYMENT · nominal kecil,13,78,0,0.0,11,1,0,0,0,0,2.94,menguras hampir seluruh saldo,0,0
TRANSFER,PAYMENT · nominal kecil,8,114743,114743,1.0,23,4,1,0,1,2,3.27,saldo pengirim tidak konsisten secara logika,1,1
CASH_IN,CASH_IN · nominal sedang,10,103368,418441,0.247,18,0,1,0,0,1,0.73,menguras hampir seluruh saldo,0,0
CASH_IN,CASH_OUT · nominal besar,1,115153,590063,0.195,9,3,1,1,0,2,3.94,saldo tujuan tidak konsisten secara logika,1,0
CASH_IN,CASH_IN · nominal sedang,16,35083,1405944,0.025,14,0,1,0,0,1,0.79,menguras hampir seluruh saldo,0,0
CASH_OUT,PAYMENT · nominal kecil,10,10000000,10000000,1.0,14,4,1,1,0,2,4.12,nominal transaksi sangat ekstrem,1,1
PAYMENT,PAYMENT · nominal kecil,14,10019,19068,0.525,18,4,0,0,0,0,0.77,menguras hampir seluruh saldo,0,0
CASH_OUT,PAYMENT · nominal kecil,18,4602636,4602636,1.0,6,4,1,1,0,2,4.29,nominal transaksi sangat ekstrem,1,1
CASH_OUT,CASH_OUT · nominal besar,20,145004,18099,8.012,20,3,0,0,0,0,1.43,menguras hampir seluruh saldo,0,0
TRANSFER,CASH_OUT · nominal besar,13,10000000,103865,10.0,16,3,1,1,1,3,4.27,saldo tujuan tidak konsisten secara logika,1,0
CASH_OUT,CASH_OUT · nominal besar,10,300267,0,0.0,11,2,0,0,0,0,1.13,menguras hampir seluruh saldo,0,0
CASH_OUT,CASH_OUT · nominal besar,1,229715,62530,3.674,10,3,1,1,0,2,3.34,saldo tujuan tidak konsisten secara logika,1,0
TRANSFER,CASH_IN · nominal sedang,29,5175876,5175876,1.0,22,0,1,1,1,3,4.34,saldo tujuan tidak konsisten secara logika,1,1
CASH_OUT,PAYMENT · nominal kecil,14,143611,159813,0.899,12,4,1,0,0,1,2.78,menguras hampir seluruh saldo,0,0
CASH_IN,CASH_IN · nominal sedang,8,565290,19005994,0.03,12,0,1,1,0,2,1.43,saldo awal pengirim sangat ekstrem,1,0
TRANSFER,CASH_OUT · nominal besar,14,5159370,122195,10.0,14,3,1,1,0,2,2.89,saldo tujuan sangat ekstrem,1,0
CASH_IN,CASH_OUT · nominal besar,1,106968,11455331,0.009,14,3,1,1,0,2,3.61,saldo awal pengirim sangat ekstrem,1,0
TRANSFER,CASH_IN · nominal sedang,6,411997,183090,2.25,12,0,1,0,0,1,2.01,saldo tujuan tidak konsisten secara logika,0,0
TRANSFER,CASH_OUT · nominal besar,1,475452,0,0.0,12,2,1,0,0,1,2.48,menguras hampir seluruh saldo,0,0
CASH_IN,CASH_OUT · nominal besar,9,339817,291,10.0,15,3,1,0,0,1,2.54,menguras hampir seluruh saldo,0,0
TRANSFER,PAYMENT · nominal kecil,17,245155,245155,1.0,16,4,1,0,1,2,3.11,saldo tujuan tidak konsisten secara logika,1,1
TRANSFER,PAYMENT · nominal kecil,13,441423,441423,1.0,19,4,1,0,1,2,3.47,saldo tujuan tidak konsisten secara logika,1,1
CASH_OUT,CASH_OUT · nominal besar,13,122069,0,0.0,20,2,0,0,0,0,1.14,menguras hampir seluruh saldo,0,0
TRANSFER,PAYMENT · nominal kecil,8,455710,455710,1.0,8,4,1,0,1,2,3.82,saldo tujuan tidak konsisten secara logika,1,1
CASH_IN,PAYMENT · nominal kecil,11,4378,52350,0.084,19,4,1,0,0,1,2.82,menguras hampir seluruh saldo,0,0
TRANSFER,CASH_OUT · nominal besar,15,1246418,0,0.0,17,2,1,0,0,1,1.7,nominal transaksi sangat ekstrem,0,0
PAYMENT,PAYMENT · nominal kecil,6,854,0,0.0,16,1,0,0,0,0,1.41,menguras hampir seluruh saldo,0,0
CASH_OUT,PAYMENT · nominal kecil,20,829287,829287,1.0,22,4,1,0,0,1,3.44,nominal transaksi sangat ekstrem,0,1
TRANSFER,PAYMENT · nominal kecil,8,31046,31046,1.0,6,4,1,0,1,2,3.21,saldo pengirim tidak konsisten secara logika,1,1
TRANSFER,CASH_OUT · nominal besar,1,1468712,16755,10.0,8,3,1,0,1,2,3.58,menguras hampir seluruh saldo,1,0
CASH_IN,CASH_OUT · nominal besar,9,36965,134,10.0,22,3,1,0,1,2,3.08,menguras hampir seluruh saldo,1,0
CASH_IN,CASH_IN · nominal sedang,2,134035,20326516,0.007,16,0,1,1,0,2,0.61,saldo awal pengirim sangat ekstrem,1,0
CASH_IN,CASH_IN · nominal sedang,15,320710,10962096,0.029,14,0,1,1,0,2,0.88,saldo awal pengirim sangat ekstrem,1,0
TRANSFER,CASH_IN · nominal sedang,17,4737834,4737834,1.0,22,0,1,1,1,3,4.31,saldo tujuan tidak konsisten secara logika,1,1
TRANSFER,CASH_OUT · nominal besar,13,1012750,0,0.0,10,2,1,1,0,2,2.03,saldo tujuan sangat ekstrem,1,0
CASH_OUT,PAYMENT · nominal kecil,21,488244,488244,1.0,19,4,1,0,0,1,2.62,nominal transaksi sangat ekstrem,0,1
TRANSFER,CASH_OUT · nominal besar,7,1322007,754,10.0,10,3,1,0,1,2,2.54,menguras hampir seluruh saldo,1,0
CASH_OUT,CASH_OUT · nominal besar,17,207723,42013,4.944,12,3,0,0,0,0,1.27,menguras hampir seluruh saldo,0,0
CASH_IN,CASH_IN · nominal sedang,2,177340,10616301,0.017,12,0,1,1,0,2,0.99,saldo awal pengirim sangat ekstrem,1,0
CASH_OUT,CASH_OUT · nominal besar,1,413454,0,0.0,13,2,1,1,0,2,2.3,saldo tujuan sangat ekstrem,1,0
PAYMENT,PAYMENT · nominal kecil,10,2551,0,0.0,10,1,0,0,0,0,1.47,menguras hampir seluruh saldo,0,0
TRANSFER,CASH_OUT · nominal besar,15,973580,40684,10.0,18,3,1,0,0,1,2.0,menguras hampir seluruh saldo,0,0
PAYMENT,PAYMENT · nominal kecil,13,46061,0,0.0,15,1,0,0,0,0,1.09,menguras hampir seluruh saldo,0,0
CASH_OUT,PAYMENT · nominal kecil,8,1796069,1796069,1.0,10,4,1,0,0,1,3.42,nominal transaksi sangat ekstrem,0,1
TRANSFER,PAYMENT · nominal kecil,27,44577,44577,1.0,2,4,1,0,1,2,3.97,saldo pengirim tidak konsisten secara logika,1,1
CASH_IN,CASH_IN · nominal sedang,9,278366,24921062,0.011,22,0,1,1,0,2,1.83,saldo awal pengirim sangat ekstrem,1,0
CASH_OUT,PAYMENT · nominal kecil,12,44096,31713,1.39,16,4,0,0,0,0,2.39,saldo tujuan sangat ekstrem,0,0
CASH_OUT,CASH_OUT · nominal besar,14,3551023,3551023,1.0,17,3,1,1,0,2,3.72,nominal transaksi sangat ekstrem,1,1
TRANSFER,CASH_IN · nominal sedang,27,4438932,4438932,1.0,20,0,1,1,1,3,4.15,saldo tujuan tidak konsisten secara logika,1,1
CASH_OUT,PAYMENT · nominal kecil,2,357837,357837,1.0,21,4,0,0,0,0,2.92,saldo pengirim tidak konsisten secara logika,0,1
CASH_IN,CASH_IN · nominal sedang,14,334577,10697566,0.031,12,0,1,1,0,2,1.21,saldo awal pengirim sangat ekstrem,1,0
PAYMENT,PAYMENT · nominal kecil,7,12503,0,0.0,9,1,0,0,0,0,1.53,menguras hampir seluruh saldo,0,0
CASH_OUT,CASH_OUT · nominal besar,2,195927,0,0.0,19,2,1,0,0,1,2.25,menguras hampir seluruh saldo,0,0
CASH_IN,CASH_IN · nominal sedang,1,190692,10461678,0.018,12,0,1,1,0,2,1.01,saldo awal pengirim sangat ekstrem,1,0
CASH_OUT,CASH_OUT · nominal besar,6,43006,0,0.0,12,2,0,0,0,0,1.12,menguras hampir seluruh saldo,0,0
CASH_IN,CASH_IN · nominal sedang,14,7128,1711,4.166,19,0,1,0,0,1,2.45,menguras hampir seluruh saldo,0,0
CASH_OUT,CASH_OUT · nominal besar,17,132595,0,0.0,15,2,0,0,0,0,0.36,menguras hampir seluruh saldo,0,0
CASH_IN,CASH_IN · nominal sedang,9,183828,10884344,0.017,9,0,1,1,0,2,1.61,saldo awal pengirim sangat ekstrem,1,0
CASH_OUT,CASH_OUT · nominal besar,14,191923,19792,9.697,11,3,1,0,0,1,1.44,menguras hampir seluruh saldo,0,0
CASH_OUT,CASH_OUT · nominal besar,1,174518,1431,10.0,16,3,1,0,0,1,2.66,menguras hampir seluruh saldo,0,0
PAYMENT,CASH_OUT · nominal besar,9,7928,377,10.0,0,3,1,0,1,2,4.39,menguras hampir seluruh saldo,1,0
CASH_OUT,CASH_OUT · nominal besar,7,2175289,2175289,1.0,8,3,1,1,0,2,3.91,nominal transaksi sangat ekstrem,1,1
PAYMENT,PAYMENT · nominal kecil,16,13155,49737,0.264,10,4,0,0,0,0,1.38,menguras hampir seluruh saldo,0,0
CASH_OUT,PAYMENT · nominal kecil,31,508930,508930,1.0,11,4,1,0,0,1,3.06,nominal transaksi sangat ekstrem,0,1
CASH_OUT,CASH_OUT · nominal besar,16,292178,198632,1.471,18,3,0,0,0,0,2.38,saldo tujuan sangat ekstrem,0,0
TRANSFER,CASH_OUT · nominal besar,15,5674921,0,0.0,23,2,1,1,1,3,2.99,nominal transaksi sangat ekstrem,1,0
PAYMENT,PAYMENT · nominal kecil,1,12029,50211,0.24,10,4,0,0,0,0,1.37,menguras hampir seluruh saldo,0,0
CASH_OUT,CASH_OUT · nominal besar,15,235510,0,0.0,14,2,1,1,0,2,0.62,saldo tujuan sangat ekstrem,1,0
CASH_IN,CASH_IN · nominal sedang,19,22775,5258140,0.004,16,0,1,1,0,2,1.25,saldo tujuan sangat ekstrem,1,0
PAYMENT,PAYMENT · nominal kecil,9,4496,0,0.0,13,1,0,0,0,0,0.76,menguras hampir seluruh saldo,0,0
PAYMENT,CASH_OUT · nominal besar,2,10230,1105,9.258,15,3,1,0,0,1,2.47,menguras hampir seluruh saldo,0,0
CASH_OUT,PAYMENT · nominal kecil,8,3227,0,0.0,12,1,0,0,0,0,2.25,menguras hampir seluruh saldo,0,0
CASH_OUT,PAYMENT · nominal kecil,16,84439,120987,0.698,20,4,1,1,0,2,2.87,saldo tujuan sangat ekstrem,1,0
DEBIT,PAYMENT · nominal kecil,1,414,311647,0.001,9,4,1,0,1,2,3.86,saldo tujuan tidak konsisten secara logika,1,0
TRANSFER,CASH_OUT · nominal besar,9,1192048,0,0.0,14,2,1,0,0,1,1.67,nominal transaksi sangat ekstrem,0,0
CASH_OUT,CASH_OUT · nominal besar,16,299905,0,0.0,15,2,0,0,0,0,0.51,menguras hampir seluruh saldo,0,0
CASH_OUT,CASH_OUT · nominal besar,17,1975272,1975272,1.0,2,3,1,0,0,1,4.67,nominal transaksi sangat ekstrem,0,1
TRANSFER,PAYMENT · nominal kecil,11,509985,509985,1.0,2,4,1,0,1,2,4.66,saldo tujuan tidak konsisten secara logika,1,1
TRANSFER,CASH_OUT · nominal besar,14,2975940,0,0.0,17,2,1,1,0,2,2.11,nominal transaksi sangat ekstrem,1,0
PAYMENT,PAYMENT · nominal kecil,10,5359,0,0.0,19,1,0,0,0,0,0.99,menguras hampir seluruh saldo,0,0
PAYMENT,PAYMENT · nominal kecil,10,7361,0,0.0,19,1,0,0,0,0,0.96,menguras hampir seluruh saldo,0,0
CASH_OUT,PAYMENT · nominal kecil,8,312971,312971,1.0,20,4,0,0,0,0,2.97,saldo pengirim tidak konsisten secara logika,0,1
CASH_OUT,CASH_OUT · nominal besar,8,109706,0,0.0,17,2,0,0,0,0,0.54,menguras hampir seluruh saldo,0,0
CASH_OUT,CASH_OUT · nominal besar,22,175546,918,10.0,10,3,1,0,0,1,1.62,menguras hampir seluruh saldo,0,0
CASH_OUT,PAYMENT · nominal kecil,16,500004,500004,1.0,6,4,1,0,0,1,3.34,nominal transaksi sangat ekstrem,0,1
CASH_OUT,CASH_OUT · nominal besar,7,111316,12295,9.054,21,3,1,0,0,1,1.54,menguras hampir seluruh saldo,0,0
CASH_IN,CASH_IN · nominal sedang,2,128049,10420808,0.012,19,0,1,1,0,2,1.0,saldo awal pengirim sangat ekstrem,1,0
PAYMENT,PAYMENT · nominal kecil,1,8756,83016,0.105,12,4,0,0,0,0,0.94,menguras hampir seluruh saldo,0,0
TRANSFER,CASH_IN · nominal sedang,15,802417,802417,1.0,7,0,1,0,1,2,4.06,saldo tujuan tidak konsisten secara logika,1,1
CASH_OUT,PAYMENT · nominal kecil,7,1137603,1137603,1.0,3,4,1,0,0,1,4.33,nominal transaksi sangat ekstrem,0,1
CASH_IN,CASH_IN · nominal sedang,1,91497,7499460,0.012,9,0,1,0,0,1,1.53,saldo awal pengirim sangat ekstrem,0,0
PAYMENT,PAYMENT · nominal kecil,10,15821,23859,0.663,18,4,0,0,0,0,0.81,menguras hampir seluruh saldo,0,0
PAYMENT,PAYMENT · nominal kecil,1,10649,4594,2.318,22,1,0,0,0,0,2.16,saldo tujuan sangat ekstrem,0,0
PAYMENT,PAYMENT · nominal kecil,23,16074,302627,0.053,12,4,0,0,0,0,1.01,menguras hampir seluruh saldo,0,0
PAYMENT,PAYMENT · nominal kecil,13,22425,0,0.0,15,1,0,0,0,0,0.72,menguras hampir seluruh saldo,0,0
CASH_IN,CASH_IN · nominal sedang,12,428587,12060062,0.036,13,0,1,1,0,2,1.14,saldo awal pengirim sangat ekstrem,1,0
TRANSFER,CASH_OUT · nominal besar,6,1190695,0,0.0,19,2,1,0,1,2,2.69,nominal transaksi sangat ekstrem,1,0
CASH_IN,CASH_IN · nominal sedang,7,79439,14334542,0.006,13,0,1,1,0,2,0.77,saldo awal pengirim sangat ekstrem,1,0
CASH_IN,CASH_IN · nominal sedang,15,101248,14484214,0.007,22,0,1,1,0,2,1.64,saldo awal pengirim sangat ekstrem,1,0
CASH_IN,CASH_IN · nominal sedang,1,68875,24158136,0.003,17,0,1,1,0,2,0.83,saldo awal pengirim sangat ekstrem,1,0
PAYMENT,PAYMENT · nominal kecil,1,11505,488925,0.024,9,4,1,0,0,1,1.62,menguras hampir seluruh saldo,0,0
CASH_OUT,CASH_OUT · nominal besar,11,187355,45016,4.162,18,3,1,1,0,2,1.71,saldo tujuan sangat ekstrem,1,0
TRANSFER,CASH_OUT · nominal besar,7,11341,0,0.0,10,2,1,0,1,2,2.7,menguras hampir seluruh saldo,1,0
CASH_IN,CASH_IN · nominal sedang,9,26355,12412252,0.002,10,0,1,1,0,2,1.58,saldo awal pengirim sangat ekstrem,1,0
DEBIT,PAYMENT · nominal kecil,14,3004,132766,0.023,14,4,1,0,1,2,3.02,menguras hampir seluruh saldo,1,0
TRANSFER,CASH_OUT · nominal besar,6,2550839,5443,10.0,16,3,1,1,0,2,2.1,nominal transaksi sangat ekstrem,1,0
CASH_IN,CASH_IN · nominal sedang,13,477639,1890170,0.253,14,0,1,0,0,1,1.04,saldo tujuan tidak konsisten secara logika,0,0
TRANSFER,CASH_OUT · nominal besar,1,548932,11204,10.0,7,3,1,0,1,2,3.36,menguras hampir seluruh saldo,1,0
CASH_OUT,CASH_OUT · nominal besar,1,220231,0,0.0,15,2,0,0,0,0,0.39,menguras hampir seluruh saldo,0,0
CASH_OUT,CASH_OUT · nominal besar,26,2082884,2082884,1.0,12,3,1,1,0,2,3.7,nominal transaksi sangat ekstrem,1,1
CASH_IN,CASH_IN · nominal sedang,11,235625,19739952,0.012,12,0,1,1,0,2,1.06,saldo awal pengirim sangat ekstrem,1,0
TRANSFER,CASH_OUT · nominal besar,2,225460,219902,1.025,13,3,1,0,1,2,3.47,saldo tujuan tidak konsisten secara logika,1,0
CASH_IN,CASH_IN · nominal sedang,2,165067,16412173,0.01,12,0,1,1,0,2,0.97,saldo awal pengirim sangat ekstrem,1,0
CASH_IN,CASH_IN · nominal sedang,14,192108,9602157,0.02,12,0,1,1,0,2,0.95,saldo awal pengirim sangat ekstrem,1,0
TRANSFER,CASH_OUT · nominal besar,13,7812280,330,10.0,17,3,1,1,0,2,3.0,nominal transaksi sangat ekstrem,1,0
TRANSFER,CASH_OUT · nominal besar,1,2603798,1788,10.0,9,3,1,1,1,3,3.94,saldo tujuan tidak konsisten secara logika,1,0
TRANSFER,CASH_OUT · nominal besar,14,8416038,0,0.0,11,2,1,1,0,2,2.81,nominal transaksi sangat ekstrem,1,0
CASH_IN,CASH_IN · nominal sedang,11,288572,5973506,0.048,10,0,1,0,0,1,1.42,saldo awal pengirim sangat ekstrem,0,0
TRANSFER,CASH_OUT · nominal besar,15,694770,61699,10.0,15,3,1,0,0,1,1.62,menguras hampir seluruh saldo,0,0
CASH_OUT,CASH_OUT · nominal besar,10,216030,12715,10.0,14,3,1,0,0,1,1.21,menguras hampir seluruh saldo,0,0
PAYMENT,PAYMENT · nominal kecil,14,9329,0,0.0,17,1,0,0,0,0,0.58,menguras hampir seluruh saldo,0,0
CASH_IN,CASH_IN · nominal sedang,17,8927,17604262,0.001,17,0,1,1,0,2,1.66,saldo awal pengirim sangat ekstrem,1,0
TRANSFER,PAYMENT · nominal kecil,1,535366,658431,0.813,10,4,1,0,1,2,4.08,saldo tujuan tidak konsisten secara logika,1,0
CASH_OUT,PAYMENT · nominal kecil,31,6377401,6377401,1.0,7,4,1,1,0,2,4.33,nominal transaksi sangat ekstrem,1,1
CASH_OUT,CASH_OUT · nominal besar,6,152894,289,10.0,13,3,1,0,0,1,1.21,menguras hampir seluruh saldo,0,0
CASH_IN,CASH_IN · nominal sedang,12,59698,40287,1.482,18,0,1,0,0,1,0.96,saldo awal pengirim sangat ekstrem,0,0
CASH_OUT,CASH_OUT · nominal besar,17,100766,19576,5.147,12,3,0,0,0,0,1.29,menguras hampir seluruh saldo,0,0
DEBIT,PAYMENT · nominal kecil,7,1011,376067,0.003,14,4,0,0,1,1,2.46,menguras hampir seluruh saldo,0,0
CASH_OUT,CASH_OUT · nominal besar,8,43779,26768,1.636,18,3,0,0,0,0,2.19,saldo pengirim tidak konsisten secara logika,0,0
CASH_IN,CASH_IN · nominal sedang,22,165449,25545568,0.006,21,0,1,1,0,2,1.49,saldo awal pengirim sangat ekstrem,1,0
CASH_IN,CASH_IN · nominal sedang,1,224310,23520900,0.01,14,0,1,1,0,2,0.8,saldo awal pengirim sangat ekstrem,1,0
TRANSFER,CASH_OUT · nominal besar,6,396998,0,0.0,17,2,0,0,0,0,1.3,menguras hampir seluruh saldo,0,0
DEBIT,CASH_OUT · nominal besar,12,2679,36,10.0,11,3,1,0,1,2,3.19,menguras hampir seluruh saldo,1,0
CASH_IN,CASH_IN · nominal sedang,12,162417,20680350,0.008,22,0,1,1,0,2,1.68,saldo awal pengirim sangat ekstrem,1,0
CASH_IN,CASH_IN · nominal sedang,17,399669,6347656,0.063,17,0,1,0,0,1,1.03,saldo awal pengirim sangat ekstrem,0,0
PAYMENT,PAYMENT · nominal kecil,6,22960,0,0.0,10,1,0,0,0,0,1.42,menguras hampir seluruh saldo,0,0
CASH_IN,CASH_OUT · nominal besar,11,276494,302787,0.913,14,3,1,1,0,2,3.79,saldo tujuan tidak konsisten secara logika,1,0
CASH_OUT,PAYMENT · nominal kecil,31,6322400,6322400,1.0,8,4,1,1,0,2,4.23,nominal transaksi sangat ekstrem,1,1
TRANSFER,CASH_IN · nominal sedang,24,972724,972724,1.0,19,0,1,0,1,2,3.71,saldo tujuan tidak konsisten secara logika,1,1
CASH_IN,CASH_IN · nominal sedang,22,338473,2020076,0.168,20,0,1,0,0,1,1.36,saldo tujuan tidak konsisten secara logika,0,0
CASH_OUT,CASH_OUT · nominal besar,13,54341,30983,1.754,16,3,1,0,0,1,2.15,saldo tujuan sangat ekstrem,0,0
PAYMENT,PAYMENT · nominal kecil,9,7251,44751,0.162,19,4,0,0,0,0,0.94,menguras hampir seluruh saldo,0,0
PAYMENT,PAYMENT · nominal kecil,15,13236,7555,1.752,23,1,0,0,0,0,2.37,saldo tujuan sangat ekstrem,0,0
CASH_OUT,CASH_OUT · nominal besar,1,291684,0,0.0,17,2,1,1,0,2,1.98,saldo tujuan sangat ekstrem,1,0
CASH_OUT,CASH_OUT · nominal besar,14,127862,0,0.0,19,2,0,0,0,0,0.93,menguras hampir seluruh saldo,0,0
TRANSFER,CASH_OUT · nominal besar,7,685547,0,0.0,20,2,0,0,0,0,1.78,nominal transaksi sangat ekstrem,0,0
CASH_IN,CASH_IN · nominal sedang,13,51203,10653119,0.005,9,0,1,1,0,2,1.6,saldo awal pengirim sangat ekstrem,1,0
TRANSFER,CASH_IN · nominal sedang,8,5777706,5777706,1.0,20,0,1,1,1,3,4.23,saldo tujuan tidak konsisten secara logika,1,1
TRANSFER,CASH_IN · nominal sedang,20,1146382,1146382,1.0,20,0,1,0,1,2,3.8,saldo tujuan tidak konsisten secara logika,1,1
CASH_OUT,CASH_OUT · nominal besar,9,16608,0,0.0,18,2,1,1,0,2,1.53,saldo tujuan sangat ekstrem,1,0
CASH_OUT,CASH_OUT · nominal besar,8,140347,0,0.0,16,2,0,0,0,0,0.36,menguras hampir seluruh saldo,0,0
CASH_OUT,PAYMENT · nominal kecil,10,36372,36372,1.0,3,4,0,0,0,0,3.22,saldo pengirim tidak konsisten secara logika,0,1
CASH_IN,CASH_IN · nominal sedang,9,4075,22100824,0.0,15,0,1,1,0,2,2.13,saldo awal pengirim sangat ekstrem,1,0
CASH_OUT,PAYMENT · nominal kecil,18,2284476,2284476,1.0,1,4,1,1,1,3,4.8,nominal transaksi sangat ekstrem,1,1
CASH_OUT,CASH_OUT · nominal besar,6,158233,0,0.0,16,2,0,0,0,0,0.44,menguras hampir seluruh saldo,0,0
CASH_IN,CASH_IN · nominal sedang,6,158296,22023626,0.007,17,0,1,1,0,2,0.74,saldo awal pengirim sangat ekstrem,1,0
TRANSFER,CASH_OUT · nominal besar,9,238966,0,0.0,11,2,1,1,0,2,1.59,saldo tujuan sangat ekstrem,1,0
PAYMENT,PAYMENT · nominal kecil,10,16926,0,0.0,10,1,0,0,0,0,1.35,menguras hampir seluruh saldo,0,0
TRANSFER,CASH_OUT · nominal besar,14,3056505,0,0.0,15,2,1,1,0,2,2.09,nominal transaksi sangat ekstrem,1,0
TRANSFER,PAYMENT · nominal kecil,14,59893,59893,1.0,2,4,1,0,1,2,4.03,saldo pengirim tidak konsisten secara logika,1,1
CASH_IN,CASH_IN · nominal sedang,9,113872,12344385,0.009,17,0,1,1,0,2,0.69,saldo awal pengirim sangat ekstrem,1,0
TRANSFER,CASH_OUT · nominal besar,10,2618824,147113,10.0,19,3,1,1,0,2,2.41,nominal transaksi sangat ekstrem,1,0
TRANSFER,CASH_OUT · nominal besar,15,2928473,584,10.0,17,3,1,1,0,2,2.24,nominal transaksi sangat ekstrem,1,0
PAYMENT,PAYMENT · nominal kecil,17,10358,30703,0.337,0,4,0,0,0,0,3.63,menguras hampir seluruh saldo,0,0
CASH_IN,CASH_IN · nominal sedang,10,51042,3427664,0.015,15,0,1,1,0,2,0.82,saldo tujuan sangat ekstrem,1,0
TRANSFER,PAYMENT · nominal kecil,30,221168,221168,1.0,18,4,1,0,1,2,3.11,saldo tujuan tidak konsisten secara logika,1,1
CASH_IN,CASH_IN · nominal sedang,11,155068,13189595,0.012,19,0,1,1,0,2,1.02,saldo awal pengirim sangat ekstrem,1,0
PAYMENT,PAYMENT · nominal kecil,1,1287,1102,1.168,19,4,0,0,0,0,1.93,saldo pengirim tidak konsisten secara logika,0,0
CASH_OUT,CASH_OUT · nominal besar,11,60074,0,0.0,19,2,0,0,0,0,1.09,menguras hampir seluruh saldo,0,0
CASH_OUT,CASH_OUT · nominal besar,15,134013,4388,10.0,16,3,1,0,0,1,1.02,menguras hampir seluruh saldo,0,0
CASH_IN,CASH_IN · nominal sedang,10,271753,11886400,0.023,19,0,1,1,0,2,1.18,saldo awal pengirim sangat ekstrem,1,0
CASH_OUT,PAYMENT · nominal kecil,22,10880,10880,1.0,10,4,0,0,0,0,2.41,saldo pengirim tidak konsisten secara logika,0,1
CASH_OUT,CASH_IN · nominal sedang,6,123540,49093,2.516,9,0,1,0,0,1,2.16,saldo awal pengirim sangat ekstrem,0,0
TRANSFER,PAYMENT · nominal kecil,8,135200,135200,1.0,23,4,1,0,1,2,3.33,saldo pengirim tidak konsisten secara logika,1,1
CASH_OUT,PAYMENT · nominal kecil,15,118499,118499,1.0,8,4,0,0,0,0,3.08,saldo pengirim tidak konsisten secara logika,0,1
CASH_OUT,PAYMENT · nominal kecil,2,2070814,2070814,1.0,15,4,1,1,0,2,3.25,nominal transaksi sangat ekstrem,1,1
CASH_OUT,PAYMENT · nominal kecil,9,38440,170117,0.226,12,4,0,0,0,0,2.12,menguras hampir seluruh saldo,0,0
CASH_OUT,CASH_OUT · nominal besar,17,48963,0,0.0,18,2,1,1,0,2,1.12,saldo tujuan sangat ekstrem,1,0
CASH_OUT,CASH_OUT · nominal besar,11,566925,0,0.0,12,2,0,0,0,0,1.14,nominal transaksi sangat ekstrem,0,0
CASH_IN,CASH_IN · nominal sedang,17,4943,10706101,0.0,19,0,1,1,0,2,2.12,saldo awal pengirim sangat ekstrem,1,0
PAYMENT,PAYMENT · nominal kecil,7,8612,13775,0.625,21,4,0,0,0,0,1.38,menguras hampir seluruh saldo,0,0
CASH_OUT,CASH_OUT · nominal besar,1,107315,47748,2.248,17,3,0,0,0,0,2.13,saldo tujuan sangat ekstrem,0,0
CASH_IN,CASH_IN · nominal sedang,14,177624,9782903,0.018,13,0,1,1,0,2,0.8,saldo awal pengirim sangat ekstrem,1,0
PAYMENT,PAYMENT · nominal kecil,17,18879,20857,0.905,20,4,0,0,0,0,1.22,menguras hampir seluruh saldo,0,0
DEBIT,PAYMENT · nominal kecil,25,2203,1933,1.14,18,4,0,0,0,0,2.74,saldo pengirim tidak konsisten secara logika,0,0
CASH_OUT,CASH_OUT · nominal besar,11,109217,0,0.0,22,2,0,0,0,0,1.59,menguras hampir seluruh saldo,0,0
CASH_OUT,CASH_OUT · nominal besar,29,132370,63411,2.088,14,3,1,1,0,2,2.02,saldo tujuan sangat ekstrem,1,0
TRANSFER,PAYMENT · nominal kecil,13,37975,37975,1.0,1,4,1,0,1,2,4.13,saldo pengirim tidak konsisten secara logika,1,1
CASH_OUT,CASH_OUT · nominal besar,5,1767113,1767113,1.0,9,3,1,0,0,1,3.84,nominal transaksi sangat ekstrem,0,1
PAYMENT,PAYMENT · nominal kecil,16,4268,1177,3.628,18,1,0,0,0,0,1.66,menguras hampir seluruh saldo,0,0
CASH_OUT,CASH_OUT · nominal besar,16,256516,27779,9.234,15,3,1,0,0,1,0.75,menguras hampir seluruh saldo,0,0
CASH_IN,CASH_IN · nominal sedang,13,22776,10408055,0.002,17,0,1,1,0,2,1.13,saldo awal pengirim sangat ekstrem,1,0
TRANSFER,CASH_OUT · nominal besar,12,10029202,0,0.0,21,2,1,1,0,2,3.01,nominal transaksi sangat ekstrem,1,0
CASH_IN,CASH_IN · nominal sedang,11,81127,17648088,0.005,13,0,1,1,0,2,0.82,saldo awal pengirim sangat ekstrem,1,0
CASH_OUT,PAYMENT · nominal kecil,12,415437,415437,1.0,1,4,0,0,0,0,4.48,nominal transaksi sangat ekstrem,0,1
CASH_IN,CASH_IN · nominal sedang,7,116936,27901578,0.004,20,0,1,1,0,2,1.25,saldo awal pengirim sangat ekstrem,1,0
PAYMENT,PAYMENT · nominal kecil,1,8341,40407,0.206,21,4,0,0,0,0,1.35,menguras hampir seluruh saldo,0,0
CASH_OUT,PAYMENT · nominal kecil,25,1396825,1396825,1.0,1,4,1,0,0,1,4.67,nominal transaksi sangat ekstrem,0,1
CASH_IN,CASH_IN · nominal sedang,13,109180,15042647,0.007,16,0,1,1,0,2,0.66,saldo awal pengirim sangat ekstrem,1,0
PAYMENT,PAYMENT · nominal kecil,25,2233,140059,0.016,18,4,0,0,0,0,1.09,menguras hampir seluruh saldo,0,0
TRANSFER,PAYMENT · nominal kecil,1,117910,1978236,0.06,13,4,1,0,1,2,3.53,saldo tujuan tidak konsisten secara logika,1,0
CASH_OUT,CASH_OUT · nominal besar,9,80386,0,0.0,20,2,0,0,0,0,1.19,menguras hampir seluruh saldo,0,0
TRANSFER,PAYMENT · nominal kecil,27,19646,19646,1.0,17,4,1,0,0,1,2.25,saldo pengirim tidak konsisten secara logika,0,1
CASH_OUT,PAYMENT · nominal kecil,22,168033,168033,1.0,9,4,0,0,0,0,3.0,saldo pengirim tidak konsisten secara logika,0,1
TRANSFER,CASH_IN · nominal sedang,15,882011,882011,1.0,0,0,1,0,1,2,5.05,saldo tujuan tidak konsisten secara logika,1,1
CASH_OUT,PAYMENT · nominal kecil,18,3260216,3260216,1.0,1,4,1,1,1,3,4.85,nominal transaksi sangat ekstrem,1,1
TRANSFER,CASH_OUT · nominal besar,6,926494,300,10.0,19,3,1,0,0,1,2.35,menguras hampir seluruh saldo,0,0
CASH_IN,CASH_IN · nominal sedang,16,233038,66712,3.493,15,0,1,0,0,1,2.1,saldo pengirim tidak konsisten secara logika,0,0
CASH_OUT,CASH_OUT · nominal besar,13,235514,0,0.0,15,2,0,0,0,0,0.42,menguras hampir seluruh saldo,0,0
CASH_IN,CASH_IN · nominal sedang,1,292701,1575795,0.186,19,0,1,0,0,1,1.18,saldo tujuan sangat ekstrem,0,0
CASH_IN,CASH_IN · nominal sedang,10,6456,2770754,0.002,14,0,1,0,0,1,1.71,saldo tujuan tidak konsisten secara logika,0,0
TRANSFER,CASH_IN · nominal sedang,19,1138384,1138384,1.0,20,0,1,0,1,2,3.8,saldo tujuan tidak konsisten secara logika,1,1
CASH_OUT,CASH_OUT · nominal besar,11,239056,51,10.0,11,3,1,0,0,1,1.81,menguras hampir seluruh saldo,0,0
CASH_IN,CASH_IN · nominal sedang,6,15736,7024363,0.002,1,0,1,0,0,1,3.54,saldo awal pengirim sangat ekstrem,0,0
PAYMENT,PAYMENT · nominal kecil,10,5667,0,0.0,22,1,0,0,0,0,1.63,menguras hampir seluruh saldo,0,0
CASH_OUT,PAYMENT · nominal kecil,13,716273,716273,1.0,8,4,1,0,0,1,3.2,nominal transaksi sangat ekstrem,0,1
CASH_IN,CASH_IN · nominal sedang,11,227952,5540328,0.041,12,0,1,0,0,1,0.96,saldo awal pengirim sangat ekstrem,0,0
TRANSFER,PAYMENT · nominal kecil,22,157277,157277,1.0,17,4,1,0,1,2,2.93,saldo pengirim tidak konsisten secara logika,1,1
CASH_IN,CASH_OUT · nominal besar,8,272310,1015,10.0,16,3,1,0,0,1,2.69,menguras hampir seluruh saldo,0,0
CASH_IN,CASH_IN · nominal sedang,6,127690,11162342,0.011,16,0,1,1,0,2,0.52,saldo awal pengirim sangat ekstrem,1,0
CASH_IN,CASH_IN · nominal sedang,10,233358,4251396,0.055,21,0,1,0,0,1,1.49,saldo awal pengirim sangat ekstrem,0,0
CASH_IN,CASH_IN · nominal sedang,8,101559,14125459,0.007,18,0,1,1,0,2,0.81,saldo awal pengirim sangat ekstrem,1,0
TRANSFER,PAYMENT · nominal kecil,30,391855,391855,1.0,8,4,1,0,1,2,3.75,saldo tujuan tidak konsisten secara logika,1,1
CASH_OUT,CASH_OUT · nominal besar,14,67404,5018,10.0,22,3,1,0,0,1,2.02,menguras hampir seluruh saldo,0,0
PAYMENT,PAYMENT · nominal kecil,16,30243,0,0.0,15,1,0,0,0,0,0.86,menguras hampir seluruh saldo,0,0
TRANSFER,PAYMENT · nominal kecil,20,256557,256557,1.0,2,4,1,0,1,2,4.43,saldo tujuan tidak konsisten secara logika,1,1
CASH_IN,CASH_IN · nominal sedang,1,353968,22642524,0.016,14,0,1,1,0,2,1.03,saldo awal pengirim sangat ekstrem,1,0
CASH_IN,CASH_IN · nominal sedang,17,97173,5408842,0.018,13,0,1,0,0,1,0.65,saldo awal pengirim sangat ekstrem,0,0
CASH_IN,CASH_IN · nominal sedang,2,17473,9569947,0.002,17,0,1,1,0,2,1.26,saldo awal pengirim sangat ekstrem,1,0
TRANSFER,PAYMENT · nominal kecil,12,47847,144141,0.332,18,4,0,0,0,0,2.14,menguras hampir seluruh saldo,0,0
CASH_OUT,CASH_OUT · nominal besar,8,189349,241,10.0,18,3,1,0,0,1,1.39,menguras hampir seluruh saldo,0,0
TRANSFER,CASH_OUT · nominal besar,17,583005,19896,10.0,18,3,1,0,0,1,1.89,menguras hampir seluruh saldo,0,0
CASH_OUT,CASH_OUT · nominal besar,7,219621,14886,10.0,22,3,1,0,0,1,2.0,menguras hampir seluruh saldo,0,0
PAYMENT,PAYMENT · nominal kecil,6,37489,264257,0.142,16,4,0,0,0,0,0.91,menguras hampir seluruh saldo,0,0
PAYMENT,CASH_OUT · nominal besar,7,22127,438,10.0,16,3,1,0,0,1,2.28,menguras hampir seluruh saldo,0,0
CASH_OUT,CASH_OUT · nominal besar,15,300204,0,0.0,13,2,1,1,0,2,0.86,saldo tujuan sangat ekstrem,1,0
CASH_IN,CASH_IN · nominal sedang,13,346167,20014072,0.017,12,0,1,1,0,2,1.2,saldo awal pengirim sangat ekstrem,1,0
TRANSFER,CASH_IN · nominal sedang,4,2149977,2149977,1.0,5,0,1,1,1,3,4.48,saldo tujuan tidak konsisten secara logika,1,1
CASH_IN,CASH_IN · nominal sedang,13,111521,3128880,0.036,15,0,1,0,0,1,0.35,saldo awal pengirim sangat ekstrem,0,0
TRANSFER,CASH_IN · nominal sedang,20,653984,653984,1.0,16,0,1,0,1,2,3.54,saldo tujuan tidak konsisten secara logika,1,1
CASH_OUT,PAYMENT · nominal kecil,24,55829,55829,1.0,12,4,0,0,0,0,1.74,saldo pengirim tidak konsisten secara logika,0,1
CASH_IN,CASH_IN · nominal sedang,2,221648,268587,0.825,21,0,1,0,0,1,1.47,saldo tujuan sangat ekstrem,0,0
CASH_OUT,PAYMENT · nominal kecil,7,39178,46748,0.838,12,4,0,0,0,0,2.33,menguras hampir seluruh saldo,0,0
CASH_IN,CASH_IN · nominal sedang,9,315731,26535830,0.012,11,0,1,1,0,2,1.39,saldo awal pengirim sangat ekstrem,1,0
CASH_IN,CASH_IN · nominal sedang,2,333628,12368018,0.027,17,0,1,1,0,2,0.93,saldo awal pengirim sangat ekstrem,1,0
CASH_OUT,PAYMENT · nominal kecil,8,1644750,1644750,1.0,13,4,1,0,0,1,3.53,nominal transaksi sangat ekstrem,0,1
TRANSFER,CASH_OUT · nominal besar,2,744805,21056,10.0,10,3,1,0,0,1,2.02,menguras hampir seluruh saldo,0,0
CASH_OUT,CASH_OUT · nominal besar,30,2580055,2580055,1.0,15,3,1,1,0,2,3.65,nominal transaksi sangat ekstrem,1,1
CASH_OUT,CASH_OUT · nominal besar,11,173270,176,10.0,11,3,1,0,0,1,1.65,menguras hampir seluruh saldo,0,0
TRANSFER,CASH_OUT · nominal besar,1,526213,322185,1.633,15,3,1,0,1,2,3.39,nominal transaksi sangat ekstrem,1,0
PAYMENT,PAYMENT · nominal kecil,22,15893,29721,0.535,20,4,0,0,0,0,1.17,menguras hampir seluruh saldo,0,0
TRANSFER,PAYMENT · nominal kecil,29,116636,116636,1.0,19,4,1,0,0,1,2.9,saldo pengirim tidak konsisten secara logika,0,1
CASH_IN,CASH_IN · nominal sedang,1,171852,944109,0.182,10,0,1,0,0,1,1.3,menguras hampir seluruh saldo,0,0
PAYMENT,PAYMENT · nominal kecil,9,3413,74245,0.046,12,4,0,0,0,0,1.1,menguras hampir seluruh saldo,0,0
CASH_IN,CASH_OUT · nominal besar,1,178937,20232532,0.009,9,3,1,1,0,2,4.08,saldo awal pengirim sangat ekstrem,1,0
TRANSFER,CASH_OUT · nominal besar,6,379467,0,0.0,11,2,0,0,0,0,1.58,menguras hampir seluruh saldo,0,0
CASH_OUT,PAYMENT · nominal kecil,19,37323,37323,1.0,10,4,0,0,0,0,2.52,saldo pengirim tidak konsisten secara logika,0,1
CASH_OUT,PAYMENT · nominal kecil,3,283400,283400,1.0,7,4,0,0,0,0,3.49,saldo tujuan sangat ekstrem,0,1
PAYMENT,PAYMENT · nominal kecil,6,1004,0,0.0,10,1,0,0,0,0,1.79,menguras hampir seluruh saldo,0,0
CASH_OUT,PAYMENT · nominal kecil,7,3424092,3424092,1.0,10,4,1,1,0,2,3.74,nominal transaksi sangat ekstrem,1,1
CASH_OUT,CASH_OUT · nominal besar,16,599748,32358,10.0,12,3,1,0,0,1,1.88,menguras hampir seluruh saldo,0,0
TRANSFER,CASH_OUT · nominal besar,11,207043,0,0.0,19,2,0,0,0,0,1.41,menguras hampir seluruh saldo,0,0
CASH_IN,CASH_IN · nominal sedang,8,144668,1560764,0.093,22,0,1,0,0,1,1.57,menguras hampir seluruh saldo,0,0
TRANSFER,CASH_OUT · nominal besar,14,77007,0,0.0,19,2,0,0,0,0,1.45,menguras hampir seluruh saldo,0,0
CASH_OUT,CASH_OUT · nominal besar,8,70809,55109,1.285,19,3,0,0,0,0,2.33,saldo tujuan sangat ekstrem,0,0
CASH_IN,CASH_IN · nominal sedang,23,73598,9931372,0.007,18,0,1,1,0,2,0.81,saldo awal pengirim sangat ekstrem,1,0
CASH_OUT,CASH_OUT · nominal besar,11,325222,0,0.0,12,2,0,0,0,0,0.94,menguras hampir seluruh saldo,0,0
DEBIT,PAYMENT · nominal kecil,8,3752,29778,0.126,18,4,0,0,0,0,2.28,menguras hampir seluruh saldo,0,0
CASH_OUT,CASH_OUT · nominal besar,14,281863,12657,10.0,14,3,1,1,0,2,1.48,saldo tujuan sangat ekstrem,1,0
TRANSFER,CASH_OUT · nominal besar,1,327831,64,10.0,13,3,1,0,1,2,2.85,menguras hampir seluruh saldo,1,0
TRANSFER,PAYMENT · nominal kecil,1,121627,121627,1.0,16,4,1,0,1,2,2.81,saldo pengirim tidak konsisten secara logika,1,1
TRANSFER,PAYMENT · nominal kecil,25,16620,16620,1.0,12,4,1,0,0,1,2.34,saldo pengirim tidak konsisten secara logika,0,1
CASH_OUT,PAYMENT · nominal kecil,8,8783,8783,1.0,0,4,0,0,1,1,3.81,saldo pengirim tidak konsisten secara logika,0,1
TRANSFER,CASH_IN · nominal sedang,9,197755,269534,0.734,22,0,1,0,1,2,3.28,menguras hampir seluruh saldo,1,0
CASH_OUT,CASH_OUT · nominal besar,17,362640,52291,6.935,14,3,0,0,0,0,1.21,menguras hampir seluruh saldo,0,0
TRANSFER,PAYMENT · nominal kecil,20,4153,4153,1.0,3,4,1,0,1,2,3.57,saldo pengirim tidak konsisten secara logika,1,1
CASH_IN,CASH_OUT · nominal besar,2,278824,11687,10.0,17,3,1,0,0,1,2.6,menguras hampir seluruh saldo,0,0
PAYMENT,PAYMENT · nominal kecil,17,5930,0,0.0,10,1,0,0,0,0,1.3,menguras hampir seluruh saldo,0,0
TRANSFER,PAYMENT · nominal kecil,1,6845,6845,1.0,0,4,1,0,1,2,4.16,saldo pengirim tidak konsisten secara logika,1,1
TRANSFER,CASH_OUT · nominal besar,1,239639,5178,10.0,11,3,1,1,0,2,3.31,saldo tujuan tidak konsisten secara logika,1,0
CASH_IN,CASH_IN · nominal sedang,9,119025,25200994,0.005,17,0,1,1,0,2,0.72,saldo awal pengirim sangat ekstrem,1,0
CASH_IN,CASH_IN · nominal sedang,12,5683,27094756,0.0,17,0,1,1,0,2,1.94,saldo awal pengirim sangat ekstrem,1,0
CASH_IN,CASH_OUT · nominal besar,10,20846,682,10.0,14,3,1,0,0,1,2.52,menguras hampir seluruh saldo,0,0
TRANSFER,PAYMENT · nominal kecil,17,70757,70757,1.0,21,4,1,0,1,2,2.89,saldo pengirim tidak konsisten secara logika,1,1
PAYMENT,PAYMENT · nominal kecil,29,18604,0,0.0,16,1,0,0,0,0,0.65,menguras hampir seluruh saldo,0,0
CASH_OUT,PAYMENT · nominal kecil,19,624016,624016,1.0,20,4,1,0,0,1,2.81,nominal transaksi sangat ekstrem,0,1
CASH_OUT,CASH_OUT · nominal besar,10,258128,0,0.0,11,2,1,1,0,2,1.15,saldo tujuan sangat ekstrem,1,0
CASH_IN,CASH_IN · nominal sedang,13,133002,69712,1.908,9,0,1,0,0,1,1.62,saldo tujuan sangat ekstrem,0,0
CASH_OUT,CASH_OUT · nominal besar,8,146180,14835,9.854,17,3,1,0,0,1,1.14,menguras hampir seluruh saldo,0,0
CASH_IN,CASH_IN · nominal sedang,12,108578,9832208,0.011,17,0,1,1,0,2,0.59,saldo awal pengirim sangat ekstrem,1,0
PAYMENT,PAYMENT · nominal kecil,2,5663,0,0.0,14,1,0,0,0,0,0.56,menguras hampir seluruh saldo,0,0
PAYMENT,PAYMENT · nominal kecil,2,1528,0,0.0,18,1,0,0,0,0,1.25,menguras hampir seluruh saldo,0,0
CASH_IN,CASH_IN · nominal sedang,15,182688,17799874,0.01,11,0,1,1,0,2,1.26,saldo awal pengirim sangat ekstrem,1,0
CASH_OUT,PAYMENT · nominal kecil,9,94432,94432,1.0,18,4,0,0,0,0,2.34,saldo pengirim tidak konsisten secara logika,0,1
TRANSFER,CASH_IN · nominal sedang,13,2582734,2582734,1.0,4,0,1,1,1,3,4.65,saldo tujuan tidak konsisten secara logika,1,1
TRANSFER,PAYMENT · nominal kecil,10,484769,505198,0.96,20,4,1,0,1,2,2.91,nominal transaksi sangat ekstrem,1,0
TRANSFER,CASH_OUT · nominal besar,11,234160,0,0.0,13,2,0,0,0,0,1.25,menguras hampir seluruh saldo,0,0
CASH_OUT,CASH_OUT · nominal besar,8,267711,108474,2.468,9,3,0,0,0,0,2.24,saldo awal pengirim sangat ekstrem,0,0
CASH_IN,CASH_IN · nominal sedang,9,31978,11623690,0.003,12,0,1,1,0,2,1.17,saldo awal pengirim sangat ekstrem,1,0
TRANSFER,CASH_IN · nominal sedang,19,10000000,11912961,0.839,8,0,1,1,1,3,4.6,saldo tujuan tidak konsisten secara logika,1,1
TRANSFER,CASH_OUT · nominal besar,9,285485,0,0.0,22,2,0,0,0,0,1.93,menguras hampir seluruh saldo,0,0
PAYMENT,PAYMENT · nominal kecil,8,16181,0,0.0,23,1,0,0,0,0,1.88,menguras hampir seluruh saldo,0,0
CASH_OUT,PAYMENT · nominal kecil,26,1398167,1398167,1.0,17,4,1,0,0,1,3.3,nominal transaksi sangat ekstrem,0,1
TRANSFER,CASH_OUT · nominal besar,8,2183017,48805,10.0,13,3,1,1,0,2,2.44,nominal transaksi sangat ekstrem,1,0
CASH_IN,CASH_IN · nominal sedang,7,315631,21188532,0.015,19,0,1,1,0,2,1.25,saldo awal pengirim sangat ekstrem,1,0
CASH_OUT,PAYMENT · nominal kecil,27,0,0,0.0,22,1,0,0,1,1,4.89,menguras hampir seluruh saldo,0,1
CASH_OUT,CASH_OUT · nominal besar,12,98989,50559,1.958,19,3,0,0,0,0,1.97,saldo tujuan sangat ekstrem,0,0
CASH_OUT,CASH_OUT · nominal besar,2,23805,0,0.0,9,2,1,1,0,2,1.92,saldo tujuan sangat ekstrem,1,0
CASH_OUT,CASH_OUT · nominal besar,8,48799,0,0.0,14,2,0,0,0,0,0.81,menguras hampir seluruh saldo,0,0
CASH_OUT,CASH_OUT · nominal besar,10,102839,0,0.0,19,2,1,1,0,2,1.05,saldo tujuan sangat ekstrem,1,0
CASH_IN,CASH_OUT · nominal besar,10,180044,29994,6.003,10,3,1,1,0,2,3.27,saldo tujuan tidak konsisten secara logika,1,0
CASH_IN,CASH_IN · nominal sedang,2,165437,3888473,0.043,17,0,1,0,0,1,0.57,saldo awal pengirim sangat ekstrem,0,0
TRANSFER,CASH_IN · nominal sedang,10,555732,555732,1.0,3,0,1,0,1,2,4.53,saldo tujuan tidak konsisten secara logika,1,1
CASH_OUT,CASH_OUT · nominal besar,17,360312,0,0.0,12,2,0,0,0,0,0.97,menguras hampir seluruh saldo,0,0
CASH_IN,CASH_IN · nominal sedang,7,6644,11784589,0.001,21,0,1,1,0,2,2.25,saldo awal pengirim sangat ekstrem,1,0
CASH_OUT,CASH_OUT · nominal besar,14,362171,4866,10.0,19,3,1,0,0,1,1.48,menguras hampir seluruh saldo,0,0
CASH_OUT,CASH_OUT · nominal besar,7,26541,0,0.0,18,2,0,0,0,0,1.25,menguras hampir seluruh saldo,0,0
CASH_IN,CASH_IN · nominal sedang,13,184269,12955991,0.014,21,0,1,1,0,2,1.44,saldo awal pengirim sangat ekstrem,1,0
CASH_IN,CASH_IN · nominal sedang,11,18007,362952,0.05,19,0,1,1,0,2,1.53,saldo tujuan sangat ekstrem,1,0
PAYMENT,PAYMENT · nominal kecil,10,36923,0,0.0,9,1,0,0,0,0,1.74,menguras hampir seluruh saldo,0,0
CASH_OUT,CASH_OUT · nominal besar,11,74775,0,0.0,10,2,1,0,0,1,1.37,saldo tujuan sangat ekstrem,0,0
TRANSFER,PAYMENT · nominal kecil,4,4120,4120,1.0,21,4,1,0,1,2,2.44,saldo pengirim tidak konsisten secara logika,1,1
CASH_OUT,CASH_OUT · nominal besar,9,36935,0,0.0,15,2,0,0,0,0,0.93,menguras hampir seluruh saldo,0,0
CASH_IN,CASH_IN · nominal sedang,13,32422,9688877,0.003,20,0,1,1,0,2,1.39,saldo awal pengirim sangat ekstrem,1,0
PAYMENT,PAYMENT · nominal kecil,11,8412,168251,0.05,20,4,0,0,0,0,1.14,menguras hampir seluruh saldo,0,0
CASH_IN,CASH_IN · nominal sedang,14,776254,10873651,0.071,17,0,1,1,0,2,1.48,saldo tujuan sangat ekstrem,1,0
CASH_IN,CASH_IN · nominal sedang,13,563679,24902566,0.023,17,0,1,1,0,2,1.31,saldo awal pengirim sangat ekstrem,1,0
TRANSFER,CASH_OUT · nominal besar,13,10000000,0,0.0,17,2,1,1,1,3,3.91,saldo tujuan tidak konsisten secara logika,1,0
CASH_IN,CASH_OUT · nominal besar,17,261907,20141,10.0,16,3,1,0,0,1,2.66,menguras hampir seluruh saldo,0,0
DEBIT,PAYMENT · nominal kecil,1,1377,800,1.721,10,4,1,0,1,2,3.78,saldo tujuan tidak konsisten secara logika,1,0
CASH_OUT,CASH_OUT · nominal besar,1,228441,8096,10.0,15,3,1,0,0,1,0.99,menguras hampir seluruh saldo,0,0
CASH_IN,CASH_OUT · nominal besar,13,269925,562,10.0,19,3,1,0,0,1,2.59,menguras hampir seluruh saldo,0,0
CASH_IN,CASH_IN · nominal sedang,15,231027,30290144,0.008,11,0,1,1,0,2,1.27,saldo awal pengirim sangat ekstrem,1,0
CASH_OUT,CASH_OUT · nominal besar,17,72850,5722,10.0,19,3,1,0,0,1,1.48,menguras hampir seluruh saldo,0,0
CASH_OUT,CASH_OUT · nominal besar,7,276676,119347,2.318,14,3,1,1,0,2,1.99,saldo tujuan sangat ekstrem,1,0
PAYMENT,PAYMENT · nominal kecil,17,27279,11150,2.447,18,1,0,0,0,0,1.87,saldo tujuan sangat ekstrem,0,0
PAYMENT,PAYMENT · nominal kecil,22,9230,0,0.0,10,1,0,0,0,0,1.29,menguras hampir seluruh saldo,0,0
PAYMENT,PAYMENT · nominal kecil,11,12603,22338,0.564,17,4,0,0,0,0,0.63,menguras hampir seluruh saldo,0,0
CASH_IN,CASH_IN · nominal sedang,25,190607,39994,4.766,20,0,1,0,0,1,1.69,saldo tujuan tidak konsisten secara logika,0,0
CASH_OUT,PAYMENT · nominal kecil,24,2190762,2190762,1.0,6,4,1,1,0,2,3.95,nominal transaksi sangat ekstrem,1,1
PAYMENT,PAYMENT · nominal kecil,23,10949,0,0.0,19,1,0,0,0,0,0.97,menguras hampir seluruh saldo,0,0
CASH_IN,CASH_IN · nominal sedang,14,285719,14671972,0.019,19,0,1,1,0,2,1.16,saldo awal pengirim sangat ekstrem,1,0
CASH_OUT,PAYMENT · nominal kecil,6,95268,95268,1.0,16,4,0,0,0,0,1.74,saldo pengirim tidak konsisten secara logika,0,1
TRANSFER,CASH_OUT · nominal besar,1,1016573,93244,10.0,16,3,1,0,1,2,2.88,menguras hampir seluruh saldo,1,0
CASH_IN,CASH_IN · nominal sedang,8,200973,9633184,0.021,15,0,1,1,0,2,0.7,saldo awal pengirim sangat ekstrem,1,0
CASH_IN,CASH_IN · nominal sedang,16,274936,1682287,0.163,13,0,1,0,0,1,0.92,saldo tujuan tidak konsisten secara logika,0,0
CASH_IN,CASH_IN · nominal sedang,6,46449,14186613,0.003,14,0,1,1,0,2,0.85,saldo awal pengirim sangat ekstrem,1,0
TRANSFER,CASH_IN · nominal sedang,11,5044148,5044148,1.0,3,0,1,1,1,3,4.95,saldo tujuan tidak konsisten secara logika,1,1
CASH_IN,CASH_IN · nominal sedang,10,195935,20033644,0.01,19,0,1,1,0,2,1.09,saldo awal pengirim sangat ekstrem,1,0
CASH_OUT,CASH_OUT · nominal besar,1,139957,0,0.0,16,2,1,0,0,1,2.23,menguras hampir seluruh saldo,0,0
CASH_IN,CASH_IN · nominal sedang,12,53365,24167200,0.002,15,0,1,1,0,2,0.75,saldo awal pengirim sangat ekstrem,1,0
CASH_IN,CASH_IN · nominal sedang,9,428437,3201796,0.134,16,0,1,0,0,1,0.91,saldo tujuan tidak konsisten secara logika,0,0
CASH_IN,CASH_IN · nominal sedang,10,42750,20340952,0.002,14,0,1,1,0,2,0.85,saldo awal pengirim sangat ekstrem,1,0
CASH_OUT,CASH_OUT · nominal besar,17,37828,0,0.0,19,2,1,1,0,2,1.33,saldo tujuan sangat ekstrem,1,0
CASH_OUT,CASH_OUT · nominal besar,6,276384,12736,10.0,10,3,1,1,0,2,1.94,saldo tujuan sangat ekstrem,1,0
TRANSFER,CASH_IN · nominal sedang,15,9772559,9772559,1.0,15,0,1,1,1,3,4.27,saldo tujuan tidak konsisten secara logika,1,1
TRANSFER,CASH_OUT · nominal besar,16,1838949,0,0.0,20,2,1,1,0,2,2.18,saldo tujuan sangat ekstrem,1,0
CASH_IN,CASH_IN · nominal sedang,6,156664,17756232,0.009,16,0,1,1,0,2,0.62,saldo awal pengirim sangat ekstrem,1,0
CASH_OUT,CASH_OUT · nominal besar,7,146990,0,0.0,18,2,0,0,0,0,0.7,menguras hampir seluruh saldo,0,0
CASH_IN,CASH_IN · nominal sedang,14,283874,1982636,0.143,15,0,1,0,0,1,0.65,saldo tujuan tidak konsisten secara logika,0,0
CASH_IN,CASH_IN · nominal sedang,11,322730,11420932,0.028,15,0,1,1,0,2,0.86,saldo awal pengirim sangat ekstrem,1,0
CASH_IN,CASH_OUT · nominal besar,8,47208,12988339,0.004,9,3,1,1,0,2,3.94,saldo awal pengirim sangat ekstrem,1,0
CASH_OUT,PAYMENT · nominal kecil,15,282333,282333,1.0,21,4,0,0,0,0,3.15,saldo tujuan sangat ekstrem,0,1
CASH_IN,CASH_IN · nominal sedang,1,7403,15488122,0.0,17,0,1,1,0,2,1.76,saldo awal pengirim sangat ekstrem,1,0
TRANSFER,CASH_OUT · nominal besar,8,410003,0,0.0,20,2,0,0,0,0,1.65,menguras hampir seluruh saldo,0,0
CASH_OUT,PAYMENT · nominal kecil,4,315654,315654,1.0,21,4,0,0,0,0,2.6,saldo pengirim tidak konsisten secara logika,0,1
TRANSFER,CASH_OUT · nominal besar,1,490748,0,0.0,2,2,1,0,1,2,4.13,saldo tujuan sangat ekstrem,1,0
CASH_IN,CASH_IN · nominal sedang,14,53849,14055223,0.004,16,0,1,1,0,2,0.68,saldo awal pengirim sangat ekstrem,1,0
CASH_OUT,CASH_OUT · nominal besar,6,25679,0,0.0,15,2,0,0,0,0,1.1,menguras hampir seluruh saldo,0,0
TRANSFER,CASH_IN · nominal sedang,11,2684142,2684142,1.0,18,0,1,1,1,3,3.9,saldo tujuan tidak konsisten secara logika,1,1
PAYMENT,PAYMENT · nominal kecil,9,19038,24899,0.765,22,4,0,0,0,0,1.62,menguras hampir seluruh saldo,0,0
CASH_OUT,CASH_OUT · nominal besar,14,1445167,1445167,1.0,13,3,1,0,0,1,3.62,saldo tujuan sangat ekstrem,0,1
PAYMENT,CASH_OUT · nominal besar,12,8389,145,10.0,17,3,1,0,0,1,2.7,menguras hampir seluruh saldo,0,0
CASH_OUT,CASH_OUT · nominal besar,1,253195,0,0.0,11,2,1,0,0,1,1.7,menguras hampir seluruh saldo,0,0
CASH_OUT,CASH_OUT · nominal besar,10,236253,11695,10.0,9,3,1,0,0,1,2.11,menguras hampir seluruh saldo,0,0
CASH_OUT,CASH_OUT · nominal besar,6,626156,6879,10.0,9,3,1,0,1,2,3.31,menguras hampir seluruh saldo,1,0
PAYMENT,PAYMENT · nominal kecil,18,7128,0,0.0,21,1,0,0,0,0,1.39,menguras hampir seluruh saldo,0,0
CASH_IN,CASH_IN · nominal sedang,14,119558,9796067,0.012,22,0,1,1,0,2,1.61,saldo awal pengirim sangat ekstrem,1,0
TRANSFER,CASH_OUT · nominal besar,9,232847,0,0.0,20,2,0,0,0,0,1.58,menguras hampir seluruh saldo,0,0
TRANSFER,PAYMENT · nominal kecil,27,125107,125107,1.0,9,4,1,0,1,2,3.2,saldo pengirim tidak konsisten secara logika,1,1
PAYMENT,PAYMENT · nominal kecil,10,6372,0,0.0,19,1,0,0,0,0,0.97,menguras hampir seluruh saldo,0,0
CASH_OUT,CASH_OUT · nominal besar,8,203610,0,0.0,18,2,1,0,0,1,0.75,saldo tujuan sangat ekstrem,0,0
CASH_IN,CASH_OUT · nominal besar,10,293732,4054,10.0,11,3,1,0,0,1,2.69,menguras hampir seluruh saldo,0,0
CASH_OUT,CASH_OUT · nominal besar,14,399086,2490,10.0,10,3,1,1,0,2,1.93,saldo tujuan sangat ekstrem,1,0
CASH_OUT,CASH_OUT · nominal besar,2,193194,6365,10.0,19,3,1,0,0,1,1.34,menguras hampir seluruh saldo,0,0
TRANSFER,CASH_OUT · nominal besar,29,104019,11526,9.025,16,3,1,1,0,2,1.7,saldo tujuan sangat ekstrem,1,0
CASH_OUT,CASH_OUT · nominal besar,25,182333,0,0.0,13,2,1,1,0,2,0.89,saldo tujuan sangat ekstrem,1,0
TRANSFER,CASH_IN · nominal sedang,22,1319704,1319704,1.0,8,0,1,0,1,2,4.05,saldo tujuan tidak konsisten secara logika,1,1
CASH_OUT,CASH_OUT · nominal besar,5,184654,0,0.0,23,2,1,1,0,2,1.87,saldo tujuan sangat ekstrem,1,0
CASH_OUT,CASH_OUT · nominal besar,22,115438,78752,1.466,18,3,0,0,0,0,1.97,saldo tujuan sangat ekstrem,0,0
CASH_IN,CASH_IN · nominal sedang,17,293273,22901574,0.013,20,0,1,1,0,2,1.49,saldo awal pengirim sangat ekstrem,1,0
PAYMENT,PAYMENT · nominal kecil,17,17169,31390,0.547,9,4,0,0,0,0,1.62,menguras hampir seluruh saldo,0,0
TRANSFER,PAYMENT · nominal kecil,10,48157,48157,1.0,17,4,1,0,0,1,2.49,saldo pengirim tidak konsisten secara logika,0,1
TRANSFER,CASH_IN · nominal sedang,27,3845765,3845765,1.0,13,0,1,1,1,3,4.0,saldo tujuan tidak konsisten secara logika,1,1
CASH_OUT,CASH_OUT · nominal besar,1,267062,0,0.0,11,2,1,1,0,2,2.63,saldo tujuan tidak konsisten secara logika,1,0
CASH_IN,CASH_IN · nominal sedang,13,88166,9888912,0.009,23,0,1,1,0,2,1.84,saldo awal pengirim sangat ekstrem,1,0
PAYMENT,PAYMENT · nominal kecil,11,12628,59003,0.214,13,4,0,0,0,0,0.76,menguras hampir seluruh saldo,0,0
TRANSFER,CASH_OUT · nominal besar,11,202044,16654,10.0,12,3,1,1,0,2,1.85,saldo tujuan sangat ekstrem,1,0
CASH_OUT,PAYMENT · nominal kecil,21,1106296,1106296,1.0,10,4,1,0,0,1,3.36,nominal transaksi sangat ekstrem,0,1
TRANSFER,CASH_OUT · nominal besar,1,915052,10214,10.0,9,3,1,0,1,2,3.59,menguras hampir seluruh saldo,1,0
CASH_IN,CASH_IN · nominal sedang,15,208832,4675568,0.045,14,0,1,0,0,1,0.62,saldo awal pengirim sangat ekstrem,0,0
CASH_OUT,CASH_OUT · nominal besar,23,161134,0,0.0,22,2,0,0,0,0,1.59,menguras hampir seluruh saldo,0,0
CASH_OUT,PAYMENT · nominal kecil,10,5772,5772,1.0,10,4,0,0,0,0,2.34,saldo pengirim tidak konsisten secara logika,0,1
CASH_OUT,PAYMENT · nominal kecil,2,1649819,1649819,1.0,20,4,1,0,0,1,3.65,nominal transaksi sangat ekstrem,0,1
CASH_IN,CASH_OUT · nominal besar,6,214702,282,10.0,12,3,1,1,0,2,2.79,saldo tujuan sangat ekstrem,1,0
CASH_IN,CASH_IN · nominal sedang,16,33769,6531546,0.005,21,0,1,0,0,1,1.56,saldo awal pengirim sangat ekstrem,0,0
TRANSFER,CASH_IN · nominal sedang,14,1950023,1950023,1.0,0,0,1,1,1,3,5.17,saldo tujuan tidak konsisten secara logika,1,1
CASH_OUT,CASH_OUT · nominal besar,3,4631432,4631432,1.0,18,3,1,1,0,2,3.83,nominal transaksi sangat ekstrem,1,1
CASH_OUT,CASH_OUT · nominal besar,11,208969,35572,5.875,13,3,0,0,0,0,1.58,menguras hampir seluruh saldo,0,0
CASH_OUT,CASH_OUT · nominal besar,1,175557,15493,10.0,15,3,1,0,0,1,0.86,menguras hampir seluruh saldo,0,0
PAYMENT,PAYMENT · nominal kecil,14,15142,0,0.0,13,1,0,0,0,0,0.76,menguras hampir seluruh saldo,0,0
CASH_IN,CASH_IN · nominal sedang,9,181836,5373397,0.034,15,0,1,1,0,2,0.75,saldo tujuan sangat ekstrem,1,0
TRANSFER,PAYMENT · nominal kecil,27,75480,75480,1.0,9,4,1,0,1,2,3.03,saldo pengirim tidak konsisten secara logika,1,1
TRANSFER,PAYMENT · nominal kecil,26,165548,165548,1.0,22,4,1,0,1,2,3.29,saldo pengirim tidak konsisten secara logika,1,1
CASH_OUT,PAYMENT · nominal kecil,3,126690,126690,1.0,17,4,0,0,0,0,2.42,saldo pengirim tidak konsisten secara logika,0,1
CASH_IN,CASH_OUT · nominal besar,11,70132,242,10.0,21,3,1,0,0,1,2.75,menguras hampir seluruh saldo,0,0
CASH_OUT,CASH_OUT · nominal besar,10,324757,0,0.0,22,2,0,0,0,0,1.64,menguras hampir seluruh saldo,0,0
TRANSFER,CASH_OUT · nominal besar,28,224888,21029,10.0,13,3,1,0,0,1,1.91,menguras hampir seluruh saldo,0,0
CASH_OUT,CASH_OUT · nominal besar,16,344049,15940,10.0,19,3,1,0,0,1,1.84,menguras hampir seluruh saldo,0,0
CASH_IN,CASH_IN · nominal sedang,17,120217,4552396,0.026,14,0,1,0,0,1,0.48,saldo awal pengirim sangat ekstrem,0,0
CASH_OUT,CASH_OUT · nominal besar,10,44593,0,0.0,12,2,0,0,0,0,1.12,menguras hampir seluruh saldo,0,0
CASH_IN,PAYMENT · nominal kecil,1,18109,17132920,0.001,16,4,1,1,0,2,3.87,saldo awal pengirim sangat ekstrem,1,0
TRANSFER,PAYMENT · nominal kecil,2,40458,40458,1.0,10,4,1,0,0,1,2.73,saldo pengirim tidak konsisten secara logika,0,1
CASH_IN,CASH_IN · nominal sedang,13,48668,10336880,0.005,13,0,1,1,0,2,0.86,saldo awal pengirim sangat ekstrem,1,0
CASH_OUT,CASH_OUT · nominal besar,8,263341,256470,1.027,16,3,1,1,0,2,2.39,saldo tujuan sangat ekstrem,1,0
TRANSFER,CASH_OUT · nominal besar,14,1130213,0,0.0,20,2,1,0,0,1,1.96,nominal transaksi sangat ekstrem,0,0
CASH_OUT,CASH_OUT · nominal besar,16,133138,84587,1.574,19,3,0,0,0,0,2.4,saldo tujuan sangat ekstrem,0,0
CASH_IN,CASH_IN · nominal sedang,8,136457,27310538,0.005,17,0,1,1,0,2,0.75,saldo awal pengirim sangat ekstrem,1,0
PAYMENT,PAYMENT · nominal kecil,12,7972,36276,0.22,14,4,0,0,0,0,0.6,menguras hampir seluruh saldo,0,0
CASH_IN,CASH_IN · nominal sedang,7,40851,7991872,0.005,12,0,1,0,0,1,1.06,saldo awal pengirim sangat ekstrem,0,0
CASH_OUT,CASH_OUT · nominal besar,12,1567591,1567591,1.0,12,3,1,0,0,1,3.58,nominal transaksi sangat ekstrem,0,1
TRANSFER,CASH_IN · nominal sedang,11,10000000,31343002,0.319,10,0,1,1,1,3,4.48,saldo tujuan tidak konsisten secara logika,1,1
CASH_IN,CASH_IN · nominal sedang,7,170959,17185202,0.01,15,0,1,1,0,2,0.69,saldo awal pengirim sangat ekstrem,1,0
TRANSFER,CASH_OUT · nominal besar,10,31687,0,0.0,19,2,0,0,0,0,1.68,menguras hampir seluruh saldo,0,0
CASH_IN,CASH_IN · nominal sedang,6,32323,1856391,0.017,12,0,1,0,0,1,1.09,menguras hampir seluruh saldo,0,0
CASH_OUT,CASH_OUT · nominal besar,14,160769,0,0.0,14,2,0,0,0,0,0.49,menguras hampir seluruh saldo,0,0
CASH_IN,CASH_IN · nominal sedang,9,255210,18554744,0.014,14,0,1,1,0,2,0.83,saldo awal pengirim sangat ekstrem,1,0
PAYMENT,PAYMENT · nominal kecil,22,7179,239442,0.03,10,4,0,0,0,0,1.39,menguras hampir seluruh saldo,0,0
TRANSFER,CASH_IN · nominal sedang,14,634912,634912,1.0,4,0,1,0,1,2,4.4,saldo tujuan tidak konsisten secara logika,1,1
TRANSFER,CASH_OUT · nominal besar,14,7046886,229546,10.0,16,3,1,1,0,2,2.64,nominal transaksi sangat ekstrem,1,0
CASH_IN,CASH_IN · nominal sedang,1,72485,10119896,0.007,15,0,1,1,0,2,0.52,saldo awal pengirim sangat ekstrem,1,0
CASH_IN,CASH_IN · nominal sedang,16,426482,5478994,0.078,21,0,1,0,0,1,1.61,saldo tujuan tidak konsisten secara logika,0,0
CASH_IN,CASH_IN · nominal sedang,10,200739,27281308,0.007,16,0,1,1,0,2,0.74,saldo awal pengirim sangat ekstrem,1,0
CASH_OUT,CASH_OUT · nominal besar,11,246966,0,0.0,10,2,0,0,0,0,1.31,menguras hampir seluruh saldo,0,0
CASH_IN,CASH_IN · nominal sedang,2,288677,10358748,0.028,14,0,1,1,0,2,0.83,saldo awal pengirim sangat ekstrem,1,0
TRANSFER,CASH_IN · nominal sedang,4,886588,886588,1.0,21,0,1,0,1,2,3.83,saldo tujuan tidak konsisten secara logika,1,1
TRANSFER,PAYMENT · nominal kecil,17,540914,540914,1.0,20,4,1,0,1,2,3.62,saldo tujuan tidak konsisten secara logika,1,1
CASH_IN,CASH_IN · nominal sedang,12,266213,14760750,0.018,17,0,1,1,0,2,0.91,saldo awal pengirim sangat ekstrem,1,0
TRANSFER,CASH_OUT · nominal besar,16,3623067,0,0.0,14,2,1,1,1,3,2.92,nominal transaksi sangat ekstrem,1,0
TRANSFER,CASH_IN · nominal sedang,21,5363796,5363796,1.0,8,0,1,1,1,3,4.4,saldo tujuan tidak konsisten secara logika,1,1
TRANSFER,CASH_IN · nominal sedang,8,3354200,3354200,1.0,10,0,1,1,1,3,4.11,saldo tujuan tidak konsisten secara logika,1,1
PAYMENT,PAYMENT · nominal kecil,13,10279,0,0.0,11,1,0,0,0,0,1.08,menguras hampir seluruh saldo,0,0
CASH_OUT,CASH_OUT · nominal besar,7,41467,0,0.0,12,2,0,0,0,0,1.13,menguras hampir seluruh saldo,0,0
CASH_IN,CASH_OUT · nominal besar,14,82226,6450,10.0,12,3,1,0,0,1,2.41,menguras hampir seluruh saldo,0,0
CASH_OUT,CASH_OUT · nominal besar,14,279211,0,0.0,20,2,1,1,0,2,1.25,saldo tujuan sangat ekstrem,1,0
CASH_IN,CASH_IN · nominal sedang,8,89189,12197125,0.007,15,0,1,1,0,2,0.5,saldo awal pengirim sangat ekstrem,1,0
TRANSFER,CASH_IN · nominal sedang,17,1500582,1500582,1.0,2,0,1,1,1,3,4.82,saldo tujuan tidak konsisten secara logika,1,1
PAYMENT,PAYMENT · nominal kecil,29,22758,0,0.0,22,1,0,0,0,0,1.71,menguras hampir seluruh saldo,0,0
CASH_IN,CASH_IN · nominal sedang,2,23864,11230494,0.002,13,0,1,1,0,2,1.16,saldo awal pengirim sangat ekstrem,1,0
CASH_IN,CASH_IN · nominal sedang,8,63375,10099881,0.006,0,0,1,1,0,2,3.59,saldo awal pengirim sangat ekstrem,1,0
CASH_OUT,PAYMENT · nominal kecil,1,10104,192633,0.052,16,4,0,0,0,0,1.91,menguras hampir seluruh saldo,0,0
CASH_OUT,PAYMENT · nominal kecil,2,1089,700,1.556,20,4,0,0,0,0,2.75,saldo pengirim tidak konsisten secara logika,0,0
TRANSFER,CASH_OUT · nominal besar,2,946246,3511,10.0,13,3,1,1,0,2,2.05,saldo tujuan sangat ekstrem,1,0
CASH_IN,CASH_IN · nominal sedang,15,141579,17118386,0.008,11,0,1,1,0,2,1.16,saldo awal pengirim sangat ekstrem,1,0
CASH_OUT,CASH_OUT · nominal besar,1,263545,21608,10.0,9,3,1,0,0,1,3.11,menguras hampir seluruh saldo,0,0
CASH_OUT,PAYMENT · nominal kecil,5,253498,253498,1.0,1,4,0,0,0,0,4.41,saldo tujuan sangat ekstrem,0,1
PAYMENT,PAYMENT · nominal kecil,15,31269,30607,1.022,12,4,0,0,0,0,1.73,saldo pengirim tidak konsisten secara logika,0,0
CASH_OUT,PAYMENT · nominal kecil,17,20393,20393,1.0,4,4,0,0,0,0,3.31,saldo pengirim tidak konsisten secara logika,0,1
TRANSFER,CASH_IN · nominal sedang,4,1534985,1534985,1.0,10,0,1,1,1,3,3.91,saldo tujuan tidak konsisten secara logika,1,1
PAYMENT,PAYMENT · nominal kecil,11,3811,0,0.0,14,1,0,0,0,0,0.69,menguras hampir seluruh saldo,0,0
CASH_IN,CASH_IN · nominal sedang,2,90006,19368120,0.005,20,0,1,1,0,2,1.23,saldo awal pengirim sangat ekstrem,1,0
CASH_IN,CASH_IN · nominal sedang,17,3793,13121756,0.0,20,0,1,1,0,2,2.41,saldo awal pengirim sangat ekstrem,1,0
CASH_IN,CASH_IN · nominal sedang,14,354677,26269264,0.014,16,0,1,1,0,2,1.0,saldo awal pengirim sangat ekstrem,1,0
CASH_OUT,PAYMENT · nominal kecil,13,40593,40593,1.0,8,4,0,0,0,0,2.66,saldo pengirim tidak konsisten secara logika,0,1
CASH_IN,CASH_IN · nominal sedang,9,209184,15286519,0.014,14,0,1,1,0,2,0.79,saldo awal pengirim sangat ekstrem,1,0
CASH_OUT,CASH_OUT · nominal besar,11,64759,0,0.0,13,2,0,0,0,0,0.88,menguras hampir seluruh saldo,0,0
CASH_IN,CASH_IN · nominal sedang,7,17126,16844730,0.001,12,0,1,1,0,2,1.47,saldo awal pengirim sangat ekstrem,1,0
TRANSFER,CASH_OUT · nominal besar,14,3853409,9694,10.0,13,3,1,1,1,3,3.15,nominal transaksi sangat ekstrem,1,0
TRANSFER,CASH_OUT · nominal besar,8,2226668,15510,10.0,12,3,1,1,0,2,2.19,nominal transaksi sangat ekstrem,1,0
TRANSFER,CASH_IN · nominal sedang,20,6669496,6669496,1.0,23,0,1,1,1,3,4.5,saldo tujuan tidak konsisten secara logika,1,1
CASH_IN,CASH_IN · nominal sedang,6,292107,3419364,0.085,14,0,1,1,0,2,0.96,saldo tujuan sangat ekstrem,1,0
PAYMENT,PAYMENT · nominal kecil,10,13478,0,0.0,21,1,0,0,0,0,1.42,menguras hampir seluruh saldo,0,0
TRANSFER,CASH_IN · nominal sedang,11,2693520,2693520,1.0,11,0,1,1,1,3,3.98,saldo tujuan tidak konsisten secara logika,1,1
CASH_OUT,PAYMENT · nominal kecil,12,556721,556721,1.0,17,4,1,0,0,1,3.15,nominal transaksi sangat ekstrem,0,1
CASH_IN,CASH_IN · nominal sedang,1,155578,16096151,0.01,13,0,1,1,0,2,0.82,saldo awal pengirim sangat ekstrem,1,0
CASH_OUT,CASH_OUT · nominal besar,6,291568,118211,2.467,19,3,1,1,0,2,2.17,saldo tujuan sangat ekstrem,1,0
PAYMENT,PAYMENT · nominal kecil,8,575,21807,0.026,13,4,0,0,0,0,1.74,menguras hampir seluruh saldo,0,0
PAYMENT,PAYMENT · nominal kecil,1,2020,0,0.0,13,1,0,0,0,0,1.07,menguras hampir seluruh saldo,0,0
CASH_IN,CASH_IN · nominal sedang,12,179326,14946163,0.012,12,0,1,1,0,2,1.01,saldo awal pengirim sangat ekstrem,1,0
PAYMENT,PAYMENT · nominal kecil,15,14879,0,0.0,9,1,0,0,0,0,1.55,menguras hampir seluruh saldo,0,0
CASH_IN,CASH_IN · nominal sedang,9,323043,3779372,0.085,10,0,1,1,0,2,1.55,saldo tujuan sangat ekstrem,1,0
CASH_OUT,CASH_OUT · nominal besar,7,1384,0,0.0,15,2,1,1,0,2,2.81,saldo tujuan sangat ekstrem,1,0
CASH_OUT,CASH_OUT · nominal besar,1,89362,0,0.0,16,2,1,0,0,1,2.13,saldo tujuan tidak konsisten secara logika,0,0
CASH_IN,CASH_IN · nominal sedang,14,69719,11456276,0.006,10,0,1,1,0,2,1.36,saldo awal pengirim sangat ekstrem,1,0
CASH_OUT,CASH_OUT · nominal besar,7,148207,0,0.0,21,2,0,0,0,0,1.36,menguras hampir seluruh saldo,0,0
TRANSFER,CASH_OUT · nominal besar,6,951482,386,10.0,20,3,1,0,1,2,2.73,menguras hampir seluruh saldo,1,0
TRANSFER,PAYMENT · nominal kecil,25,32373,32373,1.0,3,4,1,0,1,2,3.73,saldo pengirim tidak konsisten secara logika,1,1
PAYMENT,PAYMENT · nominal kecil,14,8563,44691,0.192,20,4,0,0,0,0,1.13,menguras hampir seluruh saldo,0,0
CASH_OUT,PAYMENT · nominal kecil,21,1610111,1610111,1.0,7,4,1,0,0,1,3.83,nominal transaksi sangat ekstrem,0,1
CASH_IN,CASH_IN · nominal sedang,12,49728,10674238,0.005,9,0,1,1,0,2,1.69,saldo awal pengirim sangat ekstrem,1,0
PAYMENT,PAYMENT · nominal kecil,17,29282,0,0.0,15,1,0,0,0,0,0.85,menguras hampir seluruh saldo,0,0
CASH_OUT,CASH_OUT · nominal besar,16,437944,0,0.0,16,2,1,0,0,1,0.74,saldo tujuan sangat ekstrem,0,0
TRANSFER,CASH_IN · nominal sedang,13,890964,890964,1.0,8,0,1,0,1,2,3.97,saldo tujuan tidak konsisten secara logika,1,1
CASH_IN,CASH_IN · nominal sedang,14,43688,11212582,0.004,19,0,1,1,0,2,1.12,saldo awal pengirim sangat ekstrem,1,0
CASH_IN,CASH_IN · nominal sedang,17,51559,105648,0.488,17,0,1,0,0,1,0.74,menguras hampir seluruh saldo,0,0
TRANSFER,PAYMENT · nominal kecil,3,42790,42790,1.0,8,4,1,0,1,2,2.99,saldo pengirim tidak konsisten secara logika,1,1
CASH_OUT,CASH_IN · nominal sedang,1,3964130,3964130,1.0,12,0,1,1,0,2,3.57,nominal transaksi sangat ekstrem,1,1
TRANSFER,CASH_IN · nominal sedang,25,1070032,1070032,1.0,6,0,1,0,1,2,4.22,saldo tujuan tidak konsisten secara logika,1,1
CASH_OUT,CASH_OUT · nominal besar,1,212688,581,10.0,18,3,1,0,0,1,2.81,menguras hampir seluruh saldo,0,0
CASH_IN,CASH_IN · nominal sedang,2,214384,11579165,0.019,15,0,1,1,0,2,0.65,saldo awal pengirim sangat ekstrem,1,0
CASH_OUT,CASH_OUT · nominal besar,17,246412,98,10.0,13,3,1,0,0,1,1.42,menguras hampir seluruh saldo,0,0
CASH_IN,CASH_IN · nominal sedang,8,260056,10120964,0.026,16,0,1,1,0,2,0.78,saldo awal pengirim sangat ekstrem,1,0
PAYMENT,PAYMENT · nominal kecil,9,6016,0,0.0,20,1,0,0,0,0,1.19,menguras hampir seluruh saldo,0,0
TRANSFER,CASH_IN · nominal sedang,22,4623764,4623764,1.0,19,0,1,1,1,3,4.11,saldo tujuan tidak konsisten secara logika,1,1
CASH_OUT,PAYMENT · nominal kecil,9,911896,911896,1.0,2,4,1,0,0,1,4.4,nominal transaksi sangat ekstrem,0,1
CASH_OUT,CASH_OUT · nominal besar,12,536746,0,0.0,11,2,0,0,0,0,1.28,nominal transaksi sangat ekstrem,0,0
CASH_OUT,PAYMENT · nominal kecil,18,19422,19422,1.0,17,4,0,0,0,0,2.08,saldo pengirim tidak konsisten secara logika,0,1
CASH_OUT,PAYMENT · nominal kecil,13,202889,279128,0.727,14,4,0,0,0,0,2.53,menguras hampir seluruh saldo,0,0
CASH_OUT,CASH_OUT · nominal besar,11,365693,27281,10.0,18,3,1,0,0,1,2.47,menguras hampir seluruh saldo,0,0
CASH_OUT,CASH_OUT · nominal besar,17,151297,0,0.0,20,2,1,0,0,1,1.15,saldo tujuan sangat ekstrem,0,0
CASH_IN,CASH_IN · nominal sedang,6,358390,2365672,0.151,19,0,1,0,0,1,1.15,saldo tujuan tidak konsisten secara logika,0,0
TRANSFER,CASH_OUT · nominal besar,17,611517,0,0.0,14,2,0,0,0,0,1.41,nominal transaksi sangat ekstrem,0,0
CASH_OUT,PAYMENT · nominal kecil,8,85910,148210,0.58,13,4,0,0,0,0,2.41,menguras hampir seluruh saldo,0,0
PAYMENT,PAYMENT · nominal kecil,21,9379,11360,0.826,20,4,0,0,0,0,1.18,menguras hampir seluruh saldo,0,0
CASH_IN,CASH_IN · nominal sedang,7,57641,10327498,0.006,15,0,1,1,0,2,0.67,saldo awal pengirim sangat ekstrem,1,0
CASH_IN,CASH_IN · nominal sedang,7,10139,3252464,0.003,18,0,1,0,0,1,1.6,saldo awal pengirim sangat ekstrem,0,0
PAYMENT,PAYMENT · nominal kecil,9,4001,44139,0.091,21,4,0,0,0,0,1.43,menguras hampir seluruh saldo,0,0
CASH_OUT,CASH_OUT · nominal besar,21,1205761,1205761,1.0,7,3,1,0,0,1,4.01,saldo tujuan sangat ekstrem,0,1
CASH_IN,CASH_IN · nominal sedang,10,8638,24252782,0.0,21,0,1,1,0,2,2.11,saldo awal pengirim sangat ekstrem,1,0
CASH_IN,CASH_OUT · nominal besar,17,361292,12703,10.0,18,3,1,0,0,1,2.52,menguras hampir seluruh saldo,0,0
CASH_OUT,CASH_OUT · nominal besar,8,40937,0,0.0,15,2,0,0,0,0,0.85,menguras hampir seluruh saldo,0,0
CASH_OUT,PAYMENT · nominal kecil,20,104171,104171,1.0,10,4,0,0,0,0,2.52,saldo pengirim tidak konsisten secara logika,0,1
CASH_OUT,CASH_OUT · nominal besar,1,77621,0,0.0,18,2,0,0,0,0,0.8,menguras hampir seluruh saldo,0,0
PAYMENT,PAYMENT · nominal kecil,14,31175,0,0.0,19,1,0,0,0,0,1.23,menguras hampir seluruh saldo,0,0
CASH_IN,CASH_IN · nominal sedang,7,167180,101470,1.648,21,0,1,0,0,1,1.43,saldo tujuan tidak konsisten secara logika,0,0
CASH_IN,CASH_IN · nominal sedang,15,224264,13838127,0.016,15,0,1,1,0,2,0.68,saldo awal pengirim sangat ekstrem,1,0
CASH_IN,CASH_IN · nominal sedang,6,67812,12515889,0.005,15,0,1,1,0,2,0.79,saldo awal pengirim sangat ekstrem,1,0
CASH_OUT,CASH_OUT · nominal besar,15,7445821,7445821,1.0,12,3,1,1,0,2,4.09,nominal transaksi sangat ekstrem,1,1
CASH_OUT,PAYMENT · nominal kecil,21,471907,471907,1.0,5,4,1,0,0,1,3.59,nominal transaksi sangat ekstrem,0,1
TRANSFER,CASH_IN · nominal sedang,21,3488356,3488356,1.0,3,0,1,1,1,3,4.85,saldo tujuan tidak konsisten secara logika,1,1
CASH_IN,CASH_IN · nominal sedang,10,174629,11631782,0.015,20,0,1,1,0,2,1.22,saldo awal pengirim sangat ekstrem,1,0
CASH_IN,CASH_IN · nominal sedang,2,359369,10876300,0.033,11,0,1,1,0,2,1.38,saldo awal pengirim sangat ekstrem,1,0
CASH_OUT,PAYMENT · nominal kecil,22,137605,137605,1.0,10,4,0,0,0,0,2.28,saldo pengirim tidak konsisten secara logika,0,1
CASH_OUT,CASH_OUT · nominal besar,17,327708,0,0.0,9,2,0,0,0,0,1.56,menguras hampir seluruh saldo,0,0
CASH_IN,CASH_IN · nominal sedang,14,520043,15533344,0.033,19,0,1,1,0,2,1.39,saldo awal pengirim sangat ekstrem,1,0
TRANSFER,CASH_OUT · nominal besar,1,972752,426,10.0,14,3,1,0,1,2,2.69,menguras hampir seluruh saldo,1,0
CASH_IN,CASH_IN · nominal sedang,6,412828,9543973,0.043,19,0,1,1,0,2,1.3,saldo awal pengirim sangat ekstrem,1,0
PAYMENT,PAYMENT · nominal kecil,26,11479,10842,1.059,12,4,0,0,0,0,1.63,saldo pengirim tidak konsisten secara logika,0,0
CASH_IN,CASH_IN · nominal sedang,2,114999,15300181,0.008,10,0,1,1,0,2,1.33,saldo awal pengirim sangat ekstrem,1,0
CASH_IN,CASH_IN · nominal sedang,7,90025,10298476,0.009,23,0,1,1,0,2,1.86,saldo awal pengirim sangat ekstrem,1,0
TRANSFER,CASH_OUT · nominal besar,15,3305313,0,0.0,18,2,1,1,0,2,2.22,nominal transaksi sangat ekstrem,1,0
CASH_OUT,PAYMENT · nominal kecil,2,7894,22437,0.352,19,4,0,0,0,0,1.44,menguras hampir seluruh saldo,0,0
CASH_OUT,PAYMENT · nominal kecil,2,47835,106612,0.449,18,4,0,0,0,0,2.4,menguras hampir seluruh saldo,0,0
TRANSFER,PAYMENT · nominal kecil,5,21698,21698,1.0,23,4,1,0,0,1,2.83,saldo pengirim tidak konsisten secara logika,0,1
TRANSFER,PAYMENT · nominal kecil,17,173668,173668,1.0,5,4,1,0,1,2,3.83,saldo pengirim tidak konsisten secara logika,1,1
CASH_IN,CASH_IN · nominal sedang,17,265344,10594257,0.025,15,0,1,1,0,2,0.86,saldo awal pengirim sangat ekstrem,1,0
PAYMENT,CASH_OUT · nominal besar,21,60215,889,10.0,10,3,1,0,0,1,2.33,menguras hampir seluruh saldo,0,0
CASH_IN,CASH_IN · nominal sedang,14,83289,15787370,0.005,20,0,1,1,0,2,1.22,saldo awal pengirim sangat ekstrem,1,0
CASH_IN,CASH_IN · nominal sedang,6,223522,14625703,0.015,19,0,1,1,0,2,1.19,saldo awal pengirim sangat ekstrem,1,0
PAYMENT,PAYMENT · nominal kecil,15,14200,926699,0.015,20,4,1,0,0,1,1.23,menguras hampir seluruh saldo,0,0
CASH_OUT,CASH_OUT · nominal besar,8,448774,34424,10.0,10,3,1,0,0,1,1.82,menguras hampir seluruh saldo,0,0
CASH_OUT,CASH_OUT · nominal besar,16,114154,0,0.0,13,2,1,0,0,1,0.68,saldo tujuan sangat ekstrem,0,0
CASH_OUT,CASH_OUT · nominal besar,11,110432,0,0.0,9,2,0,0,0,0,1.53,menguras hampir seluruh saldo,0,0
CASH_OUT,PAYMENT · nominal kecil,7,141463,553885,0.255,16,4,1,1,0,2,3.49,saldo tujuan sangat ekstrem,1,0
CASH_IN,CASH_IN · nominal sedang,29,803169,5877908,0.137,18,0,1,1,0,2,1.44,saldo tujuan tidak konsisten secara logika,1,0
CASH_IN,CASH_IN · nominal sedang,16,127928,9714884,0.013,11,0,1,1,0,2,1.17,saldo awal pengirim sangat ekstrem,1,0
TRANSFER,CASH_OUT · nominal besar,13,711375,40221,10.0,9,3,1,0,0,1,2.34,menguras hampir seluruh saldo,0,0
PAYMENT,PAYMENT · nominal kecil,6,3406,0,0.0,20,1,0,0,0,0,1.28,menguras hampir seluruh saldo,0,0
TRANSFER,CASH_IN · nominal sedang,18,950791,950791,1.0,2,0,1,0,1,2,4.74,saldo tujuan tidak konsisten secara logika,1,1
CASH_IN,CASH_IN · nominal sedang,17,149597,11924159,0.013,20,0,1,1,0,2,1.24,saldo awal pengirim sangat ekstrem,1,0
PAYMENT,PAYMENT · nominal kecil,7,13402,557927,0.024,16,4,1,0,0,1,0.62,menguras hampir seluruh saldo,0,0
TRANSFER,CASH_IN · nominal sedang,14,607684,607684,1.0,4,0,1,0,1,2,4.39,saldo tujuan tidak konsisten secara logika,1,1
TRANSFER,CASH_OUT · nominal besar,6,528144,848,10.0,16,3,1,0,1,2,2.75,menguras hampir seluruh saldo,1,0
CASH_OUT,PAYMENT · nominal kecil,9,59579,49411,1.206,20,4,0,0,0,0,2.62,saldo tujuan sangat ekstrem,0,0
CASH_OUT,CASH_OUT · nominal besar,1,122246,0,0.0,13,2,1,0,0,1,2.24,saldo tujuan tidak konsisten secara logika,0,0
CASH_IN,CASH_IN · nominal sedang,1,569943,10246393,0.056,15,0,1,1,0,2,1.12,saldo awal pengirim sangat ekstrem,1,0
PAYMENT,PAYMENT · nominal kecil,13,19980,0,0.0,10,1,0,0,0,0,1.39,menguras hampir seluruh saldo,0,0
PAYMENT,PAYMENT · nominal kecil,7,24958,97243,0.257,19,4,0,0,0,0,1.06,menguras hampir seluruh saldo,0,0
PAYMENT,PAYMENT · nominal kecil,24,12140,8016,1.514,17,1,0,0,0,0,1.6,saldo pengirim tidak konsisten secara logika,0,0
CASH_OUT,CASH_OUT · nominal besar,7,121659,31812,3.824,9,3,0,0,0,0,1.87,menguras hampir seluruh saldo,0,0
CASH_IN,CASH_IN · nominal sedang,17,365183,13377237,0.027,19,0,1,1,0,2,1.24,saldo awal pengirim sangat ekstrem,1,0
CASH_IN,CASH_IN · nominal sedang,13,147612,32066026,0.005,19,0,1,1,0,2,1.1,saldo awal pengirim sangat ekstrem,1,0
CASH_IN,CASH_IN · nominal sedang,8,93936,24429826,0.004,17,0,1,1,0,2,0.71,saldo awal pengirim sangat ekstrem,1,0
CASH_IN,CASH_OUT · nominal besar,10,117997,11240,10.0,11,3,1,0,1,2,3.14,menguras hampir seluruh saldo,1,0
TRANSFER,PAYMENT · nominal kecil,2,90205,90205,1.0,14,4,1,0,1,2,2.71,saldo pengirim tidak konsisten secara logika,1,1
CASH_IN,CASH_IN · nominal sedang,10,189399,23219818,0.008,15,0,1,1,0,2,0.74,saldo awal pengirim sangat ekstrem,1,0
PAYMENT,PAYMENT · nominal kecil,2,2343,0,0.0,10,1,0,0,0,0,1.49,menguras hampir seluruh saldo,0,0
TRANSFER,CASH_OUT · nominal besar,15,583771,0,0.0,14,2,1,0,0,1,1.42,saldo tujuan sangat ekstrem,0,0
CASH_OUT,PAYMENT · nominal kecil,18,10000000,10000000,1.0,17,4,1,1,0,2,4.11,nominal transaksi sangat ekstrem,1,1
CASH_IN,CASH_IN · nominal sedang,9,134035,10722585,0.013,12,0,1,1,0,2,0.91,saldo awal pengirim sangat ekstrem,1,0
PAYMENT,PAYMENT · nominal kecil,7,11799,0,0.0,20,1,0,0,0,0,1.19,menguras hampir seluruh saldo,0,0
CASH_IN,CASH_IN · nominal sedang,1,512228,1964198,0.261,10,0,1,0,0,1,1.6,saldo tujuan tidak konsisten secara logika,0,0
TRANSFER,CASH_OUT · nominal besar,10,2052759,30248,10.0,9,3,1,1,1,3,3.5,nominal transaksi sangat ekstrem,1,0
CASH_IN,CASH_OUT · nominal besar,2,311005,29973,10.0,21,3,1,0,0,1,2.88,menguras hampir seluruh saldo,0,0
PAYMENT,PAYMENT · nominal kecil,16,3912,0,0.0,14,1,0,0,0,0,0.68,menguras hampir seluruh saldo,0,0
TRANSFER,CASH_OUT · nominal besar,6,892778,0,0.0,14,2,1,0,0,1,2.54,nominal transaksi sangat ekstrem,0,0
CASH_OUT,CASH_OUT · nominal besar,1,34622,0,0.0,18,2,0,0,0,0,1.16,menguras hampir seluruh saldo,0,0
CASH_IN,CASH_IN · nominal sedang,14,93885,9670724,0.01,21,0,1,1,0,2,1.4,saldo awal pengirim sangat ekstrem,1,0
TRANSFER,CASH_OUT · nominal besar,15,2011970,0,0.0,13,2,1,1,0,2,1.96,nominal transaksi sangat ekstrem,1,0
CASH_OUT,PAYMENT · nominal kecil,13,6580428,6580428,1.0,0,4,1,1,1,3,5.28,nominal transaksi sangat ekstrem,1,1
CASH_IN,CASH_IN · nominal sedang,11,266598,4077854,0.065,20,0,1,1,0,2,1.38,saldo tujuan sangat ekstrem,1,0
TRANSFER,CASH_IN · nominal sedang,5,656118,656118,1.0,6,0,1,0,1,2,4.15,saldo tujuan tidak konsisten secara logika,1,1
CASH_IN,CASH_IN · nominal sedang,14,326958,12541167,0.026,13,0,1,1,0,2,1.03,saldo awal pengirim sangat ekstrem,1,0
PAYMENT,PAYMENT · nominal kecil,11,5373,32596,0.165,20,4,0,0,0,0,1.18,menguras hampir seluruh saldo,0,0
CASH_IN,CASH_IN · nominal sedang,15,35569,9821688,0.004,11,0,1,1,0,2,1.29,saldo awal pengirim sangat ekstrem,1,0
CASH_OUT,PAYMENT · nominal kecil,13,717047,717047,1.0,8,4,1,0,0,1,3.54,nominal transaksi sangat ekstrem,0,1
CASH_OUT,CASH_OUT · nominal besar,21,147816,0,0.0,12,2,0,0,0,0,0.83,menguras hampir seluruh saldo,0,0
CASH_IN,CASH_IN · nominal sedang,12,91926,21878726,0.004,14,0,1,1,0,2,0.69,saldo awal pengirim sangat ekstrem,1,0
CASH_OUT,CASH_OUT · nominal besar,6,10858,0,0.0,17,2,1,1,0,2,1.68,saldo tujuan sangat ekstrem,1,0
CASH_IN,CASH_IN · nominal sedang,16,132410,21846368,0.006,20,0,1,1,0,2,1.23,saldo awal pengirim sangat ekstrem,1,0
PAYMENT,PAYMENT · nominal kecil,9,45872,35653,1.287,23,1,0,0,0,0,2.67,saldo tujuan sangat ekstrem,0,0
CASH_IN,CASH_IN · nominal sedang,8,23244,4908318,0.005,13,0,1,0,0,1,1.14,saldo awal pengirim sangat ekstrem,0,0
CASH_OUT,CASH_OUT · nominal besar,4,1980800,1980800,1.0,9,3,1,0,0,1,3.86,nominal transaksi sangat ekstrem,0,1
CASH_OUT,CASH_OUT · nominal besar,14,191664,0,0.0,20,2,1,0,0,1,1.18,saldo tujuan sangat ekstrem,0,0
CASH_IN,CASH_IN · nominal sedang,14,105533,31043650,0.003,18,0,1,1,0,2,0.89,saldo awal pengirim sangat ekstrem,1,0
PAYMENT,CASH_OUT · nominal besar,2,19766,210,10.0,14,3,1,0,0,1,2.36,menguras hampir seluruh saldo,0,0
CASH_OUT,CASH_OUT · nominal besar,16,113053,0,0.0,20,2,0,0,0,0,1.14,menguras hampir seluruh saldo,0,0
CASH_IN,CASH_IN · nominal sedang,23,41666,183004,0.228,18,0,1,0,0,1,0.95,menguras hampir seluruh saldo,0,0
CASH_IN,CASH_IN · nominal sedang,15,94761,22334408,0.004,20,0,1,1,0,2,1.32,saldo awal pengirim sangat ekstrem,1,0
CASH_IN,CASH_IN · nominal sedang,14,4252,231275,0.018,10,0,1,1,0,2,2.44,saldo tujuan sangat ekstrem,1,0
CASH_OUT,CASH_OUT · nominal besar,12,2607790,2607790,1.0,11,3,1,1,0,2,3.84,nominal transaksi sangat ekstrem,1,1
CASH_IN,CASH_IN · nominal sedang,16,53953,78089,0.691,13,0,1,0,0,1,0.88,menguras hampir seluruh saldo,0,0
TRANSFER,PAYMENT · nominal kecil,11,3138,3138,1.0,9,4,1,0,1,2,2.59,saldo pengirim tidak konsisten secara logika,1,1
CASH_OUT,CASH_OUT · nominal besar,11,221284,0,0.0,16,2,1,0,0,1,2.02,menguras hampir seluruh saldo,0,0
PAYMENT,PAYMENT · nominal kecil,25,3992,17231,0.232,19,4,0,0,0,0,1.07,menguras hampir seluruh saldo,0,0
CASH_IN,CASH_IN · nominal sedang,6,108914,2653944,0.041,17,0,1,0,0,1,0.48,saldo awal pengirim sangat ekstrem,0,0
CASH_IN,CASH_IN · nominal sedang,17,330122,2161277,0.153,16,0,1,1,0,2,0.93,saldo tujuan sangat ekstrem,1,0
TRANSFER,CASH_OUT · nominal besar,2,2214392,268252,8.255,12,3,1,1,0,2,2.42,saldo tujuan sangat ekstrem,1,0
PAYMENT,PAYMENT · nominal kecil,5,392,53569,0.007,23,4,0,0,0,0,2.51,menguras hampir seluruh saldo,0,0
CASH_OUT,PAYMENT · nominal kecil,27,222517,222517,1.0,12,4,0,0,0,0,2.64,saldo pengirim tidak konsisten secara logika,0,1
CASH_IN,CASH_IN · nominal sedang,19,151324,51812,2.921,16,0,1,0,0,1,0.9,saldo tujuan tidak konsisten secara logika,0,0
CASH_IN,CASH_IN · nominal sedang,1,36313,17045180,0.002,16,0,1,1,0,2,0.87,saldo awal pengirim sangat ekstrem,1,0
CASH_IN,CASH_IN · nominal sedang,1,15033,14396891,0.001,20,0,1,1,0,2,1.7,saldo awal pengirim sangat ekstrem,1,0
CASH_OUT,CASH_OUT · nominal besar,6,90359,12902,7.003,14,3,0,0,0,0,0.88,menguras hampir seluruh saldo,0,0
CASH_IN,CASH_IN · nominal sedang,17,185890,2951873,0.063,10,0,1,0,0,1,1.3,saldo tujuan tidak konsisten secara logika,0,0
CASH_OUT,CASH_OUT · nominal besar,15,171067,126935,1.348,12,3,0,0,0,0,2.1,saldo pengirim tidak konsisten secara logika,0,0
CASH_OUT,CASH_OUT · nominal besar,7,317544,0,0.0,13,2,0,0,0,0,0.77,menguras hampir seluruh saldo,0,0
CASH_OUT,CASH_OUT · nominal besar,6,397081,0,0.0,21,2,1,1,0,2,1.54,saldo tujuan sangat ekstrem,1,0
TRANSFER,CASH_OUT · nominal besar,16,2912688,0,0.0,10,2,1,1,0,2,2.44,saldo tujuan sangat ekstrem,1,0
PAYMENT,PAYMENT · nominal kecil,15,27797,0,0.0,9,1,0,0,0,0,1.67,menguras hampir seluruh saldo,0,0
PAYMENT,PAYMENT · nominal kecil,16,6020,325708,0.018,14,4,0,0,0,0,0.69,menguras hampir seluruh saldo,0,0
CASH_IN,CASH_IN · nominal sedang,17,28995,18200976,0.002,0,0,1,1,0,2,3.69,saldo awal pengirim sangat ekstrem,1,0
CASH_OUT,PAYMENT · nominal kecil,16,2785,2785,1.0,20,4,1,0,0,1,2.63,saldo tujuan sangat ekstrem,0,1
CASH_IN,CASH_IN · nominal sedang,13,202153,1151531,0.176,0,0,1,1,0,2,3.64,saldo tujuan sangat ekstrem,1,0
PAYMENT,PAYMENT · nominal kecil,23,2259,30032,0.075,20,4,0,0,0,0,1.39,menguras hampir seluruh saldo,0,0
CASH_IN,CASH_IN · nominal sedang,15,157455,11301921,0.014,10,0,1,1,0,2,1.39,saldo awal pengirim sangat ekstrem,1,0
CASH_OUT,PAYMENT · nominal kecil,4,4830219,4830219,1.0,12,4,1,1,0,2,3.79,nominal transaksi sangat ekstrem,1,1
CASH_OUT,CASH_OUT · nominal besar,10,90345,12421,7.274,9,3,0,0,0,0,1.77,menguras hampir seluruh saldo,0,0
TRANSFER,CASH_IN · nominal sedang,7,2598276,2598276,1.0,23,0,1,1,1,3,4.24,saldo tujuan tidak konsisten secara logika,1,1
TRANSFER,PAYMENT · nominal kecil,6,417218,417218,1.0,17,4,1,0,1,2,3.37,saldo tujuan tidak konsisten secara logika,1,1
TRANSFER,PAYMENT · nominal kecil,2,2395,2395,1.0,14,4,1,0,1,2,2.17,saldo pengirim tidak konsisten secara logika,1,1
CASH_IN,CASH_IN · nominal sedang,10,47421,15210478,0.003,9,0,1,1,0,2,1.64,saldo awal pengirim sangat ekstrem,1,0
CASH_OUT,PAYMENT · nominal kecil,31,0,0,0.0,21,1,0,0,0,0,5.15,menguras hampir seluruh saldo,0,1
CASH_IN,CASH_IN · nominal sedang,2,190521,10216273,0.019,17,0,1,1,0,2,0.69,saldo awal pengirim sangat ekstrem,1,0
CASH_IN,PAYMENT · nominal kecil,6,8400,20424776,0.0,18,4,1,1,0,2,3.42,saldo awal pengirim sangat ekstrem,1,0
CASH_IN,CASH_IN · nominal sedang,23,107727,125837,0.856,19,0,1,0,0,1,1.04,saldo tujuan sangat ekstrem,0,0
CASH_IN,CASH_IN · nominal sedang,1,72214,23412124,0.003,20,0,1,1,0,2,1.27,saldo awal pengirim sangat ekstrem,1,0
CASH_IN,CASH_OUT · nominal besar,1,172011,282,10.0,20,3,1,0,0,1,2.7,menguras hampir seluruh saldo,0,0
TRANSFER,CASH_OUT · nominal besar,1,339184,0,0.0,13,2,1,1,0,2,2.72,saldo tujuan tidak konsisten secara logika,1,0
TRANSFER,PAYMENT · nominal kecil,21,50279,50279,1.0,8,4,1,0,1,2,3.03,saldo pengirim tidak konsisten secara logika,1,1
CASH_IN,CASH_IN · nominal sedang,13,65463,5169589,0.013,14,0,1,1,0,2,0.82,saldo tujuan sangat ekstrem,1,0
CASH_OUT,PAYMENT · nominal kecil,2,97910,107903,0.907,17,4,0,0,0,0,1.78,menguras hampir seluruh saldo,0,0
PAYMENT,PAYMENT · nominal kecil,14,68659,0,0.0,11,1,0,0,0,0,1.64,menguras hampir seluruh saldo,0,0
CASH_IN,CASH_IN · nominal sedang,15,216217,1160806,0.186,17,0,1,1,0,2,0.9,saldo tujuan sangat ekstrem,1,0
CASH_IN,CASH_IN · nominal sedang,15,101787,10504116,0.01,15,0,1,1,0,2,0.58,saldo awal pengirim sangat ekstrem,1,0
CASH_IN,CASH_OUT · nominal besar,13,648239,7250,10.0,14,3,1,0,0,1,2.89,menguras hampir seluruh saldo,0,0
CASH_IN,CASH_IN · nominal sedang,7,95039,1381129,0.069,15,0,1,0,0,1,0.27,menguras hampir seluruh saldo,0,0
CASH_IN,CASH_IN · nominal sedang,17,239194,145881,1.64,20,0,1,0,0,1,1.27,saldo tujuan tidak konsisten secara logika,0,0
TRANSFER,CASH_IN · nominal sedang,18,3890628,3890628,1.0,19,0,1,1,1,3,4.05,saldo tujuan tidak konsisten secara logika,1,1
CASH_IN,CASH_IN · nominal sedang,9,216768,6362494,0.034,15,0,1,1,0,2,0.89,saldo tujuan sangat ekstrem,1,0
CASH_OUT,CASH_OUT · nominal besar,10,9170,0,0.0,9,2,0,0,0,0,2.25,menguras hampir seluruh saldo,0,0
CASH_OUT,CASH_OUT · nominal besar,6,37608,0,0.0,11,2,0,0,0,0,1.36,menguras hampir seluruh saldo,0,0
CASH_IN,CASH_IN · nominal sedang,11,130204,1629521,0.08,19,0,1,0,0,1,0.89,menguras hampir seluruh saldo,0,0
CASH_OUT,PAYMENT · nominal kecil,27,215299,215299,1.0,10,4,0,0,0,0,2.93,saldo pengirim tidak konsisten secara logika,0,1
CASH_OUT,CASH_OUT · nominal besar,11,24802,21096,1.176,19,3,0,0,0,0,2.49,saldo pengirim tidak konsisten secara logika,0,0
CASH_OUT,CASH_OUT · nominal besar,1,322130,0,0.0,8,2,1,1,0,2,3.06,saldo tujuan tidak konsisten secara logika,1,0
PAYMENT,PAYMENT · nominal kecil,1,5293,0,0.0,21,1,0,0,0,0,1.41,menguras hampir seluruh saldo,0,0
CASH_IN,CASH_IN · nominal sedang,1,117302,27752870,0.004,11,0,1,1,0,2,1.18,saldo awal pengirim sangat ekstrem,1,0
CASH_IN,CASH_IN · nominal sedang,1,300160,12630681,0.024,21,0,1,1,0,2,1.54,saldo awal pengirim sangat ekstrem,1,0
PAYMENT,PAYMENT · nominal kecil,14,8595,0,0.0,15,1,0,0,0,0,0.42,menguras hampir seluruh saldo,0,0
CASH_IN,CASH_IN · nominal sedang,1,27821,135484,0.205,14,0,1,0,0,1,0.98,saldo tujuan tidak konsisten secara logika,0,0
PAYMENT,PAYMENT · nominal kecil,7,10133,28578,0.355,14,4,0,0,0,0,0.61,menguras hampir seluruh saldo,0,0
CASH_IN,CASH_IN · nominal sedang,15,58705,10062806,0.006,10,0,1,1,0,2,1.36,saldo awal pengirim sangat ekstrem,1,0
CASH_IN,CASH_IN · nominal sedang,17,204402,17844284,0.011,16,0,1,1,0,2,0.77,saldo awal pengirim sangat ekstrem,1,0
CASH_OUT,CASH_OUT · nominal besar,8,359093,0,0.0,20,2,0,0,0,0,1.23,menguras hampir seluruh saldo,0,0
TRANSFER,PAYMENT · nominal kecil,26,277048,277048,1.0,8,4,1,0,1,2,3.61,saldo tujuan tidak konsisten secara logika,1,1
CASH_OUT,PAYMENT · nominal kecil,1,18943,20738,0.913,11,4,1,0,0,1,2.86,menguras hampir seluruh saldo,0,0
CASH_OUT,PAYMENT · nominal kecil,14,301579,301579,1.0,20,4,0,0,0,0,2.82,saldo pengirim tidak konsisten secara logika,0,1
PAYMENT,PAYMENT · nominal kecil,9,2187,0,0.0,12,1,0,0,0,0,1.17,menguras hampir seluruh saldo,0,0
CASH_OUT,PAYMENT · nominal kecil,17,177074,249852,0.709,21,4,0,0,0,0,2.78,menguras hampir seluruh saldo,0,0
CASH_IN,CASH_IN · nominal sedang,17,211170,20598138,0.01,10,0,1,1,0,2,1.43,saldo awal pengirim sangat ekstrem,1,0
TRANSFER,CASH_OUT · nominal besar,16,331288,0,0.0,15,2,1,1,0,2,1.33,saldo tujuan sangat ekstrem,1,0
PAYMENT,PAYMENT · nominal kecil,6,39795,0,0.0,12,1,0,0,0,0,1.26,menguras hampir seluruh saldo,0,0
CASH_OUT,PAYMENT · nominal kecil,14,104179,105395,0.988,15,4,0,0,0,0,2.36,saldo pengirim tidak konsisten secara logika,0,0
PAYMENT,PAYMENT · nominal kecil,26,2133,0,0.0,14,1,0,0,0,0,0.95,menguras hampir seluruh saldo,0,0
CASH_IN,CASH_IN · nominal sedang,10,260593,10973328,0.024,12,0,1,1,0,2,1.05,saldo awal pengirim sangat ekstrem,1,0
TRANSFER,CASH_OUT · nominal besar,10,1613517,0,0.0,10,2,1,0,0,1,2.17,nominal transaksi sangat ekstrem,0,0
TRANSFER,CASH_OUT · nominal besar,10,2450270,0,0.0,15,2,1,1,0,2,1.98,nominal transaksi sangat ekstrem,1,0
CASH_OUT,PAYMENT · nominal kecil,13,3272,0,0.0,13,1,0,0,0,0,2.26,menguras hampir seluruh saldo,0,0
CASH_OUT,CASH_OUT · nominal besar,14,399474,0,0.0,10,2,1,0,0,1,1.4,saldo tujuan sangat ekstrem,0,0
CASH_OUT,PAYMENT · nominal kecil,25,1592602,1592602,1.0,18,4,1,0,0,1,3.53,nominal transaksi sangat ekstrem,0,1
CASH_OUT,CASH_OUT · nominal besar,9,244636,0,0.0,13,2,0,0,0,0,0.7,menguras hampir seluruh saldo,0,0
CASH_IN,CASH_IN · nominal sedang,1,186312,61670,3.021,20,0,1,0,0,1,2.31,saldo tujuan sangat ekstrem,0,0
CASH_IN,CASH_IN · nominal sedang,14,115288,7782341,0.015,19,0,1,0,0,1,0.98,saldo awal pengirim sangat ekstrem,0,0
CASH_OUT,CASH_OUT · nominal besar,2,29747,12389,2.401,12,3,0,0,0,0,2.1,saldo pengirim tidak konsisten secara logika,0,0
CASH_IN,CASH_IN · nominal sedang,6,165279,11547010,0.014,19,0,1,1,0,2,1.1,saldo awal pengirim sangat ekstrem,1,0
CASH_OUT,CASH_IN · nominal sedang,10,73063,28369,2.575,11,0,1,0,0,1,1.93,saldo tujuan tidak konsisten secara logika,0,0
PAYMENT,CASH_OUT · nominal besar,8,5574,520,10.0,18,3,1,0,0,1,2.86,menguras hampir seluruh saldo,0,0
CASH_OUT,PAYMENT · nominal kecil,22,718351,718351,1.0,8,4,1,0,0,1,3.2,nominal transaksi sangat ekstrem,0,1
CASH_IN,CASH_IN · nominal sedang,11,14637,17757524,0.001,17,0,1,1,0,2,1.4,saldo awal pengirim sangat ekstrem,1,0
CASH_OUT,CASH_OUT · nominal besar,16,142051,0,0.0,9,2,0,0,0,0,1.5,menguras hampir seluruh saldo,0,0
CASH_OUT,CASH_OUT · nominal besar,8,417066,10766,10.0,9,3,1,0,0,1,1.85,menguras hampir seluruh saldo,0,0
CASH_IN,CASH_IN · nominal sedang,2,280281,9883073,0.028,15,0,1,1,0,2,0.76,saldo awal pengirim sangat ekstrem,1,0
TRANSFER,CASH_OUT · nominal besar,10,296678,0,0.0,20,2,1,1,0,2,1.64,saldo tujuan sangat ekstrem,1,0
PAYMENT,PAYMENT · nominal kecil,1,15630,394154,0.04,13,4,0,0,0,0,0.85,menguras hampir seluruh saldo,0,0
CASH_IN,CASH_OUT · nominal besar,1,149519,10592235,0.014,19,3,1,1,0,2,3.89,saldo awal pengirim sangat ekstrem,1,0
TRANSFER,CASH_OUT · nominal besar,13,26502530,0,0.0,13,2,1,1,0,2,3.33,nominal transaksi sangat ekstrem,1,0
TRANSFER,CASH_IN · nominal sedang,5,2694857,2694857,1.0,20,0,1,1,1,3,4.0,saldo tujuan tidak konsisten secara logika,1,1
CASH_OUT,PAYMENT · nominal kecil,3,175329,175329,1.0,21,4,0,0,0,0,2.71,saldo pengirim tidak konsisten secara logika,0,1
TRANSFER,CASH_IN · nominal sedang,15,658637,658637,1.0,1,0,1,0,1,2,4.85,saldo tujuan tidak konsisten secara logika,1,1
CASH_OUT,CASH_OUT · nominal besar,1,216492,51455,4.207,10,3,1,0,0,1,2.65,menguras hampir seluruh saldo,0,0
CASH_OUT,CASH_OUT · nominal besar,12,172573,30629,5.634,13,3,0,0,0,0,1.03,menguras hampir seluruh saldo,0,0
TRANSFER,CASH_OUT · nominal besar,15,2495027,0,0.0,12,2,1,1,0,2,2.17,saldo tujuan sangat ekstrem,1,0
CASH_IN,CASH_IN · nominal sedang,14,350993,37816,9.282,11,0,1,1,0,2,2.78,saldo tujuan sangat ekstrem,1,0
TRANSFER,CASH_OUT · nominal besar,13,178251,0,0.0,13,2,0,0,0,0,1.24,saldo tujuan sangat ekstrem,0,0
CASH_IN,CASH_IN · nominal sedang,11,67101,4786238,0.014,14,0,1,0,0,1,0.56,saldo awal pengirim sangat ekstrem,0,0
TRANSFER,CASH_OUT · nominal besar,6,410731,1041,10.0,18,3,1,0,1,2,2.98,menguras hampir seluruh saldo,1,0
CASH_IN,CASH_IN · nominal sedang,14,58402,3082210,0.019,17,0,1,0,0,1,0.61,saldo awal pengirim sangat ekstrem,0,0
TRANSFER,CASH_OUT · nominal besar,12,30069050,0,0.0,18,2,1,1,0,2,3.39,nominal transaksi sangat ekstrem,1,0
CASH_IN,CASH_IN · nominal sedang,7,42504,24546578,0.002,20,0,1,1,0,2,1.36,saldo awal pengirim sangat ekstrem,1,0
CASH_OUT,PAYMENT · nominal kecil,30,371450,371450,1.0,22,4,0,0,0,0,2.99,saldo pengirim tidak konsisten secara logika,0,1
TRANSFER,CASH_IN · nominal sedang,12,4452001,4452001,1.0,21,0,1,1,1,3,4.22,saldo tujuan tidak konsisten secara logika,1,1
CASH_OUT,CASH_OUT · nominal besar,7,63923,0,0.0,11,2,1,0,0,1,2.26,menguras hampir seluruh saldo,0,0
TRANSFER,PAYMENT · nominal kecil,17,55247,55247,1.0,14,4,1,0,0,1,2.54,saldo pengirim tidak konsisten secara logika,0,1
CASH_OUT,CASH_OUT · nominal besar,11,24109,0,0.0,10,2,1,0,0,1,2.67,menguras hampir seluruh saldo,0,0
TRANSFER,CASH_OUT · nominal besar,2,1469724,68,10.0,14,3,1,0,1,2,3.32,menguras hampir seluruh saldo,1,0
CASH_OUT,CASH_OUT · nominal besar,1,391044,0,0.0,7,2,1,1,0,2,3.28,saldo tujuan tidak konsisten secara logika,1,0
PAYMENT,PAYMENT · nominal kecil,7,10215,10484,0.974,20,4,0,0,0,0,1.19,saldo pengirim tidak konsisten secara logika,0,0
TRANSFER,PAYMENT · nominal kecil,17,495774,495774,1.0,7,4,1,0,1,2,3.96,saldo tujuan tidak konsisten secara logika,1,1
TRANSFER,PAYMENT · nominal kecil,22,160187,160187,1.0,19,4,1,0,0,1,3.03,saldo pengirim tidak konsisten secara logika,0,1
CASH_OUT,CASH_OUT · nominal besar,10,201747,76074,2.652,13,3,1,0,0,1,1.87,saldo tujuan sangat ekstrem,0,0
TRANSFER,CASH_OUT · nominal besar,6,1107135,0,0.0,15,2,1,0,0,1,1.61,nominal transaksi sangat ekstrem,0,0
CASH_IN,CASH_IN · nominal sedang,17,93878,16677186,0.006,11,0,1,1,0,2,1.14,saldo awal pengirim sangat ekstrem,1,0
CASH_OUT,PAYMENT · nominal kecil,27,70669,70669,1.0,20,4,0,0,0,0,2.59,saldo pengirim tidak konsisten secara logika,0,1
PAYMENT,PAYMENT · nominal kecil,14,1594,7290,0.219,0,4,0,0,0,0,3.78,menguras hampir seluruh saldo,0,0
PAYMENT,PAYMENT · nominal kecil,14,37006,0,0.0,16,1,0,0,0,0,0.98,menguras hampir seluruh saldo,0,0
CASH_OUT,CASH_OUT · nominal besar,15,427376,11335,10.0,15,3,1,0,0,1,1.04,menguras hampir seluruh saldo,0,0
CASH_OUT,PAYMENT · nominal kecil,14,17208,17208,1.0,21,4,0,0,0,0,1.78,saldo pengirim tidak konsisten secara logika,0,1
CASH_OUT,CASH_OUT · nominal besar,9,8376,0,0.0,21,2,0,0,0,0,2.18,menguras hampir seluruh saldo,0,0
TRANSFER,CASH_OUT · nominal besar,14,4726780,0,0.0,18,2,1,1,0,2,2.4,nominal transaksi sangat ekstrem,1,0
PAYMENT,PAYMENT · nominal kecil,16,19741,0,0.0,10,1,0,0,0,0,1.38,menguras hampir seluruh saldo,0,0
CASH_OUT,CASH_OUT · nominal besar,10,112585,0,0.0,14,2,0,0,0,0,0.53,menguras hampir seluruh saldo,0,0
PAYMENT,PAYMENT · nominal kecil,9,15172,30591,0.496,20,4,0,0,0,0,1.17,menguras hampir seluruh saldo,0,0
CASH_OUT,PAYMENT · nominal kecil,30,257644,257644,1.0,3,4,0,0,0,0,3.63,saldo pengirim tidak konsisten secara logika,0,1
TRANSFER,PAYMENT · nominal kecil,31,156692,156692,1.0,19,4,1,0,0,1,3.02,saldo pengirim tidak konsisten secara logika,0,1
PAYMENT,PAYMENT · nominal kecil,2,17719,11767,1.506,10,1,0,0,0,0,2.04,saldo tujuan sangat ekstrem,0,0
CASH_IN,CASH_IN · nominal sedang,8,11311,24111596,0.0,15,0,1,1,0,2,1.52,saldo awal pengirim sangat ekstrem,1,0
CASH_IN,CASH_IN · nominal sedang,1,199753,9652255,0.021,15,0,1,1,0,2,0.58,saldo awal pengirim sangat ekstrem,1,0
CASH_OUT,CASH_OUT · nominal besar,10,546210,21456,10.0,12,3,1,0,0,1,1.85,menguras hampir seluruh saldo,0,0
CASH_IN,CASH_IN · nominal sedang,8,147701,12949173,0.011,21,0,1,1,0,2,1.43,saldo awal pengirim sangat ekstrem,1,0
CASH_IN,CASH_IN · nominal sedang,7,48796,28019146,0.002,18,0,1,1,0,2,1.1,saldo awal pengirim sangat ekstrem,1,0
PAYMENT,PAYMENT · nominal kecil,8,12145,0,0.0,22,1,0,0,0,0,1.63,menguras hampir seluruh saldo,0,0
TRANSFER,CASH_OUT · nominal besar,13,330563,770,10.0,20,3,1,0,0,1,1.95,menguras hampir seluruh saldo,0,0
CASH_IN,CASH_IN · nominal sedang,10,55953,23835248,0.002,16,0,1,1,0,2,0.73,saldo awal pengirim sangat ekstrem,1,0
CASH_OUT,PAYMENT · nominal kecil,15,13774,13774,1.0,17,4,0,0,0,0,2.25,saldo tujuan sangat ekstrem,0,1
TRANSFER,CASH_OUT · nominal besar,17,1974728,0,0.0,12,2,1,0,0,1,2.03,nominal transaksi sangat ekstrem,0,0
CASH_OUT,PAYMENT · nominal kecil,4,38150,38150,1.0,21,4,0,0,0,0,2.21,saldo pengirim tidak konsisten secara logika,0,1
CASH_IN,CASH_IN · nominal sedang,16,176299,5139960,0.034,9,0,1,0,0,1,1.56,saldo awal pengirim sangat ekstrem,0,0
CASH_IN,CASH_IN · nominal sedang,25,80787,305007,0.265,20,0,1,0,0,1,1.17,menguras hampir seluruh saldo,0,0
CASH_IN,CASH_OUT · nominal besar,9,209450,9514,10.0,12,3,1,0,0,1,2.62,menguras hampir seluruh saldo,0,0
TRANSFER,CASH_IN · nominal sedang,8,7246962,7246962,1.0,2,0,1,1,1,3,5.18,saldo tujuan tidak konsisten secara logika,1,1
PAYMENT,PAYMENT · nominal kecil,14,18265,0,0.0,10,1,0,0,0,0,1.37,menguras hampir seluruh saldo,0,0
CASH_IN,CASH_OUT · nominal besar,9,499434,24830,10.0,18,3,1,0,0,1,2.71,menguras hampir seluruh saldo,0,0
CASH_IN,CASH_IN · nominal sedang,6,148533,2953428,0.05,0,0,1,0,0,1,3.56,saldo awal pengirim sangat ekstrem,0,0
CASH_OUT,PAYMENT · nominal kecil,27,27584,27584,1.0,0,4,0,0,0,0,3.84,saldo pengirim tidak konsisten secara logika,0,1
PAYMENT,PAYMENT · nominal kecil,11,22499,0,0.0,15,1,0,0,0,0,0.72,menguras hampir seluruh saldo,0,0
CASH_IN,CASH_IN · nominal sedang,8,24627,8905463,0.003,21,0,1,1,0,2,1.75,saldo tujuan sangat ekstrem,1,0
CASH_OUT,PAYMENT · nominal kecil,12,11023,5727,1.925,20,1,0,0,0,0,2.32,saldo tujuan sangat ekstrem,0,0
CASH_OUT,PAYMENT · nominal kecil,16,231978,231978,1.0,9,4,0,0,0,0,2.61,saldo pengirim tidak konsisten secara logika,0,1
CASH_OUT,CASH_OUT · nominal besar,8,139534,110457,1.263,14,3,1,0,0,1,2.2,saldo tujuan sangat ekstrem,0,0
CASH_IN,CASH_IN · nominal sedang,11,69276,17251700,0.004,19,0,1,1,0,2,1.06,saldo awal pengirim sangat ekstrem,1,0
CASH_IN,CASH_IN · nominal sedang,14,147671,4478820,0.033,19,0,1,1,0,2,1.09,saldo tujuan sangat ekstrem,1,0
TRANSFER,CASH_IN · nominal sedang,25,1016081,1016081,1.0,8,0,1,0,1,2,4.0,saldo tujuan tidak konsisten secara logika,1,1
CASH_OUT,PAYMENT · nominal kecil,23,82764,82764,1.0,19,4,0,0,0,0,2.28,saldo pengirim tidak konsisten secara logika,0,1
PAYMENT,PAYMENT · nominal kecil,9,2435,22604,0.108,9,4,0,0,0,0,1.77,menguras hampir seluruh saldo,0,0
CASH_IN,CASH_OUT · nominal besar,8,90820,185490,0.49,16,3,1,0,0,1,3.29,menguras hampir seluruh saldo,0,0
TRANSFER,PAYMENT · nominal kecil,15,26478,26478,1.0,4,4,1,0,1,2,3.52,saldo pengirim tidak konsisten secara logika,1,1
CASH_IN,CASH_IN · nominal sedang,14,26152,7566069,0.003,12,0,1,0,0,1,1.23,saldo awal pengirim sangat ekstrem,0,0
CASH_OUT,CASH_OUT · nominal besar,13,397448,0,0.0,13,2,0,0,0,0,0.84,menguras hampir seluruh saldo,0,0
CASH_IN,CASH_OUT · nominal besar,7,654474,21430,10.0,10,3,1,0,0,1,3.12,menguras hampir seluruh saldo,0,0
PAYMENT,PAYMENT · nominal kecil,6,2008,0,0.0,23,1,0,0,0,0,2.02,menguras hampir seluruh saldo,0,0
CASH_OUT,CASH_OUT · nominal besar,2,21623,0,0.0,20,2,1,0,0,1,2.71,menguras hampir seluruh saldo,0,0
CASH_OUT,CASH_OUT · nominal besar,8,123334,0,0.0,18,2,0,0,0,0,0.71,menguras hampir seluruh saldo,0,0
TRANSFER,CASH_OUT · nominal besar,13,2671454,0,0.0,12,2,1,1,0,2,2.16,nominal transaksi sangat ekstrem,1,0
TRANSFER,CASH_IN · nominal sedang,8,1764326,1764326,1.0,0,0,1,1,1,3,5.15,saldo tujuan tidak konsisten secara logika,1,1
CASH_IN,CASH_IN · nominal sedang,15,444571,1023238,0.434,15,0,1,0,0,1,0.91,saldo tujuan tidak konsisten secara logika,0,0
PAYMENT,PAYMENT · nominal kecil,6,10904,0,0.0,11,1,0,0,0,0,1.08,menguras hampir seluruh saldo,0,0
TRANSFER,CASH_OUT · nominal besar,10,2075898,0,0.0,23,2,1,1,0,2,2.6,nominal transaksi sangat ekstrem,1,0
TRANSFER,CASH_OUT · nominal besar,11,615154,17468,10.0,0,3,1,0,1,2,3.88,menguras hampir seluruh saldo,1,0
CASH_IN,CASH_IN · nominal sedang,2,147599,14847321,0.01,12,0,1,1,0,2,0.95,saldo awal pengirim sangat ekstrem,1,0
PAYMENT,PAYMENT · nominal kecil,13,2598,233928,0.011,19,4,0,0,0,0,1.19,menguras hampir seluruh saldo,0,0
TRANSFER,CASH_OUT · nominal besar,9,133383,0,0.0,12,2,0,0,0,0,1.35,menguras hampir seluruh saldo,0,0
CASH_OUT,CASH_OUT · nominal besar,6,147371,0,0.0,14,2,0,0,0,0,0.44,menguras hampir seluruh saldo,0,0
CASH_IN,CASH_IN · nominal sedang,25,312545,10987684,0.028,13,0,1,1,0,2,0.96,saldo awal pengirim sangat ekstrem,1,0
CASH_IN,CASH_IN · nominal sedang,25,91304,7099344,0.013,11,0,1,0,0,1,1.09,saldo awal pengirim sangat ekstrem,0,0
CASH_OUT,PAYMENT · nominal kecil,20,563389,563389,1.0,9,4,1,0,0,1,2.98,nominal transaksi sangat ekstrem,0,1
CASH_IN,CASH_IN · nominal sedang,2,416295,105722,3.938,18,0,1,0,0,1,2.32,saldo pengirim tidak konsisten secara logika,0,0
TRANSFER,CASH_IN · nominal sedang,4,2393540,2393540,1.0,22,0,1,1,1,3,4.12,saldo tujuan tidak konsisten secara logika,1,1
CASH_OUT,CASH_OUT · nominal besar,11,159652,0,0.0,10,2,0,0,0,0,1.27,menguras hampir seluruh saldo,0,0
CASH_OUT,CASH_OUT · nominal besar,30,3049754,3049754,1.0,11,3,1,1,0,2,3.8,nominal transaksi sangat ekstrem,1,1
PAYMENT,PAYMENT · nominal kecil,7,1806,56506,0.032,15,4,0,0,0,0,1.04,menguras hampir seluruh saldo,0,0
PAYMENT,PAYMENT · nominal kecil,8,13491,0,0.0,18,1,0,0,0,0,0.81,menguras hampir seluruh saldo,0,0
CASH_OUT,CASH_OUT · nominal besar,15,267153,11902,10.0,10,3,1,0,0,1,1.97,menguras hampir seluruh saldo,0,0
CASH_IN,CASH_IN · nominal sedang,6,301708,20187626,0.015,12,0,1,1,0,2,1.15,saldo awal pengirim sangat ekstrem,1,0
PAYMENT,PAYMENT · nominal kecil,9,2723,7722,0.353,10,4,0,0,0,0,1.58,menguras hampir seluruh saldo,0,0
CASH_OUT,PAYMENT · nominal kecil,3,881811,881811,1.0,17,4,1,0,0,1,3.13,nominal transaksi sangat ekstrem,0,1
CASH_IN,CASH_IN · nominal sedang,2,148016,21554044,0.007,20,0,1,1,0,2,1.25,saldo awal pengirim sangat ekstrem,1,0
CASH_IN,CASH_IN · nominal sedang,6,148746,32731,4.544,9,0,1,0,0,1,1.91,menguras hampir seluruh saldo,0,0
CASH_IN,CASH_IN · nominal sedang,8,352232,15550208,0.023,15,0,1,1,0,2,0.91,saldo awal pengirim sangat ekstrem,1,0
TRANSFER,PAYMENT · nominal kecil,12,188442,188442,1.0,10,4,1,0,1,2,3.25,saldo pengirim tidak konsisten secara logika,1,1
CASH_IN,CASH_IN · nominal sedang,16,120904,7649402,0.016,19,0,1,0,0,1,0.98,saldo awal pengirim sangat ekstrem,0,0
CASH_IN,CASH_IN · nominal sedang,11,65744,26614548,0.002,9,0,1,1,0,2,1.62,saldo awal pengirim sangat ekstrem,1,0
CASH_OUT,CASH_OUT · nominal besar,2,46205,0,0.0,20,2,0,0,0,0,1.33,menguras hampir seluruh saldo,0,0
TRANSFER,CASH_OUT · nominal besar,14,2561523,0,0.0,16,2,1,1,0,2,2.0,nominal transaksi sangat ekstrem,1,0
CASH_IN,CASH_IN · nominal sedang,7,270458,21421742,0.013,9,0,1,1,0,2,1.67,saldo awal pengirim sangat ekstrem,1,0
CASH_IN,CASH_IN · nominal sedang,12,339083,10656036,0.032,20,0,1,1,0,2,1.38,saldo awal pengirim sangat ekstrem,1,0
PAYMENT,CASH_OUT · nominal besar,8,16927,685,10.0,12,3,1,0,0,1,2.46,menguras hampir seluruh saldo,0,0
CASH_IN,CASH_IN · nominal sedang,13,145867,15633897,0.009,21,0,1,1,0,2,1.45,saldo awal pengirim sangat ekstrem,1,0
CASH_OUT,PAYMENT · nominal kecil,25,254565,254565,1.0,3,4,0,0,0,0,4.04,saldo pengirim tidak konsisten secara logika,0,1
CASH_IN,CASH_IN · nominal sedang,6,211486,19993992,0.011,18,0,1,1,0,2,0.95,saldo awal pengirim sangat ekstrem,1,0
PAYMENT,PAYMENT · nominal kecil,12,28536,0,0.0,13,1,0,0,0,0,0.98,menguras hampir seluruh saldo,0,0
CASH_IN,CASH_IN · nominal sedang,16,101433,30052,3.375,19,0,1,1,0,2,1.43,saldo tujuan sangat ekstrem,1,0
CASH_OUT,CASH_OUT · nominal besar,14,412732,29824,10.0,20,3,1,0,0,1,1.54,menguras hampir seluruh saldo,0,0
CASH_IN,CASH_IN · nominal sedang,1,67998,11357622,0.006,8,0,1,1,0,2,1.8,saldo awal pengirim sangat ekstrem,1,0
PAYMENT,PAYMENT · nominal kecil,13,1328,524928,0.003,15,4,1,0,0,1,1.24,menguras hampir seluruh saldo,0,0
PAYMENT,PAYMENT · nominal kecil,29,3791,1653,2.294,18,1,0,0,0,0,1.58,saldo pengirim tidak konsisten secara logika,0,0
TRANSFER,CASH_OUT · nominal besar,8,166978,623,10.0,15,3,1,0,0,1,1.89,menguras hampir seluruh saldo,0,0
TRANSFER,CASH_IN · nominal sedang,26,10000000,12542664,0.797,17,0,1,1,1,3,4.3,saldo tujuan tidak konsisten secara logika,1,1
CASH_IN,CASH_IN · nominal sedang,13,71797,9716888,0.007,9,0,1,1,0,2,1.55,saldo awal pengirim sangat ekstrem,1,0
CASH_OUT,PAYMENT · nominal kecil,19,227349,227349,1.0,20,4,0,0,0,0,2.71,saldo pengirim tidak konsisten secara logika,0,1
PAYMENT,CASH_OUT · nominal besar,17,59361,959,10.0,9,3,1,0,0,1,2.46,menguras hampir seluruh saldo,0,0
CASH_OUT,CASH_OUT · nominal besar,15,122501,9035,10.0,13,3,1,0,0,1,1.64,menguras hampir seluruh saldo,0,0
CASH_IN,CASH_IN · nominal sedang,9,123591,11584704,0.011,18,0,1,1,0,2,0.79,saldo awal pengirim sangat ekstrem,1,0
CASH_IN,CASH_IN · nominal sedang,2,190751,4296684,0.044,15,0,1,1,0,2,0.75,saldo tujuan sangat ekstrem,1,0
TRANSFER,PAYMENT · nominal kecil,1,195352,195352,1.0,17,4,1,0,1,2,3.02,saldo pengirim tidak konsisten secara logika,1,1
CASH_IN,CASH_IN · nominal sedang,15,25661,41573,0.617,13,0,1,0,0,1,1.18,menguras hampir seluruh saldo,0,0
CASH_IN,CASH_IN · nominal sedang,15,219742,6270569,0.035,10,0,1,0,0,1,1.37,saldo awal pengirim sangat ekstrem,0,0
CASH_OUT,CASH_OUT · nominal besar,10,174143,0,0.0,18,2,0,0,0,0,0.73,menguras hampir seluruh saldo,0,0
CASH_IN,CASH_IN · nominal sedang,17,259973,15070429,0.017,19,0,1,1,0,2,1.15,saldo awal pengirim sangat ekstrem,1,0
TRANSFER,CASH_IN · nominal sedang,31,1665335,1665335,1.0,10,0,1,1,1,3,3.93,saldo tujuan tidak konsisten secara logika,1,1
TRANSFER,CASH_OUT · nominal besar,1,108444,0,0.0,1,2,1,0,1,2,4.17,saldo tujuan tidak konsisten secara logika,1,0
CASH_OUT,CASH_OUT · nominal besar,13,77629,8397,9.245,18,3,1,1,0,2,1.53,saldo tujuan sangat ekstrem,1,0
TRANSFER,CASH_OUT · nominal besar,14,14007120,391998,10.0,14,3,1,1,0,2,3.23,nominal transaksi sangat ekstrem,1,0
CASH_IN,CASH_IN · nominal sedang,9,93068,1175672,0.079,21,0,1,0,0,1,1.36,menguras hampir seluruh saldo,0,0
CASH_IN,CASH_IN · nominal sedang,6,132841,13300554,0.01,16,0,1,1,0,2,0.54,saldo awal pengirim sangat ekstrem,1,0
CASH_IN,CASH_IN · nominal sedang,7,143577,14346055,0.01,11,0,1,1,0,2,1.15,saldo awal pengirim sangat ekstrem,1,0
CASH_IN,CASH_IN · nominal sedang,14,388976,13884218,0.028,14,0,1,1,0,2,1.0,saldo awal pengirim sangat ekstrem,1,0
PAYMENT,PAYMENT · nominal kecil,16,17538,0,0.0,19,1,0,0,0,0,1.05,menguras hampir seluruh saldo,0,0
CASH_IN,CASH_IN · nominal sedang,25,319356,10829537,0.029,20,0,1,1,0,2,1.36,saldo awal pengirim sangat ekstrem,1,0
TRANSFER,CASH_OUT · nominal besar,14,5877742,0,0.0,15,2,1,1,0,2,2.43,nominal transaksi sangat ekstrem,1,0
TRANSFER,CASH_OUT · nominal besar,15,4071396,0,0.0,11,2,1,1,0,2,2.45,nominal transaksi sangat ekstrem,1,0
TRANSFER,CASH_OUT · nominal besar,27,138417,133138,1.04,20,3,0,0,0,0,2.68,saldo pengirim tidak konsisten secara logika,0,0
CASH_IN,CASH_IN · nominal sedang,7,31513,13165876,0.002,16,0,1,1,0,2,0.96,saldo awal pengirim sangat ekstrem,1,0
TRANSFER,CASH_IN · nominal sedang,24,1235545,1235545,1.0,3,0,1,0,1,2,4.64,saldo tujuan tidak konsisten secara logika,1,1
PAYMENT,PAYMENT · nominal kecil,6,44435,378514,0.117,16,4,0,0,0,0,1.01,menguras hampir seluruh saldo,0,0
CASH_OUT,CASH_OUT · nominal besar,2,173246,0,0.0,10,2,1,1,0,2,2.71,saldo tujuan tidak konsisten secara logika,1,0
PAYMENT,PAYMENT · nominal kecil,15,14572,0,0.0,10,1,0,0,0,0,1.33,menguras hampir seluruh saldo,0,0
CASH_OUT,CASH_OUT · nominal besar,8,79111,0,0.0,18,2,0,0,0,0,0.82,menguras hampir seluruh saldo,0,0
TRANSFER,PAYMENT · nominal kecil,29,32935,32935,1.0,19,4,1,0,0,1,2.48,saldo pengirim tidak konsisten secara logika,0,1
CASH_OUT,CASH_OUT · nominal besar,12,153637,16073,9.559,12,3,1,0,0,1,1.67,menguras hampir seluruh saldo,0,0
CASH_IN,CASH_IN · nominal sedang,6,468657,148594,3.154,11,0,1,0,0,1,1.54,saldo tujuan tidak konsisten secara logika,0,0
TRANSFER,PAYMENT · nominal kecil,9,475316,475316,1.0,13,4,1,0,1,2,3.46,saldo tujuan tidak konsisten secara logika,1,1
CASH_OUT,CASH_OUT · nominal besar,12,111264,0,0.0,13,2,0,0,0,0,0.67,menguras hampir seluruh saldo,0,0
PAYMENT,PAYMENT · nominal kecil,6,57141,405801,0.141,14,4,0,0,0,0,1.18,menguras hampir seluruh saldo,0,0
PAYMENT,PAYMENT · nominal kecil,1,7232,0,0.0,15,1,0,0,0,0,0.43,menguras hampir seluruh saldo,0,0
TRANSFER,CASH_OUT · nominal besar,23,2589284,147660,10.0,12,3,1,1,0,2,2.3,nominal transaksi sangat ekstrem,1,0
PAYMENT,PAYMENT · nominal kecil,12,5120,20331,0.252,10,4,0,0,0,0,1.43,menguras hampir seluruh saldo,0,0
CASH_OUT,CASH_OUT · nominal besar,17,189066,0,0.0,15,2,0,0,0,0,0.37,menguras hampir seluruh saldo,0,0
CASH_OUT,CASH_OUT · nominal besar,15,266072,13822,10.0,13,3,1,0,0,1,1.29,menguras hampir seluruh saldo,0,0
TRANSFER,CASH_OUT · nominal besar,9,601489,195133,3.082,9,3,1,1,0,2,2.62,saldo tujuan sangat ekstrem,1,0
PAYMENT,PAYMENT · nominal kecil,22,7742,0,0.0,18,1,0,0,0,0,0.76,menguras hampir seluruh saldo,0,0
CASH_OUT,PAYMENT · nominal kecil,16,489034,489034,1.0,17,4,1,0,0,1,2.51,nominal transaksi sangat ekstrem,0,1
TRANSFER,PAYMENT · nominal kecil,3,157610,157610,1.0,9,4,1,0,1,2,3.28,saldo pengirim tidak konsisten secara logika,1,1
CASH_IN,CASH_IN · nominal sedang,12,392619,0,0.0,0,0,1,0,1,2,4.5,saldo tujuan tidak konsisten secara logika,1,0
TRANSFER,CASH_IN · nominal sedang,30,1722893,1722893,1.0,8,0,1,1,1,3,4.1,saldo tujuan tidak konsisten secara logika,1,1
CASH_OUT,CASH_OUT · nominal besar,10,352076,30101,10.0,10,3,1,0,0,1,1.58,menguras hampir seluruh saldo,0,0
CASH_OUT,CASH_OUT · nominal besar,1,52226,3191,10.0,8,3,1,1,0,2,3.64,saldo tujuan tidak konsisten secara logika,1,0
CASH_IN,CASH_IN · nominal sedang,26,154742,2658689,0.058,1,0,1,0,0,1,3.33,saldo awal pengirim sangat ekstrem,0,0
CASH_OUT,PAYMENT · nominal kecil,12,739584,739584,1.0,20,4,1,0,0,1,3.71,nominal transaksi sangat ekstrem,0,1
CASH_IN,CASH_IN · nominal sedang,1,226376,12335029,0.018,13,0,1,1,0,2,0.87,saldo awal pengirim sangat ekstrem,1,0
TRANSFER,CASH_OUT · nominal besar,14,5334550,314104,10.0,15,3,1,1,0,2,2.7,nominal transaksi sangat ekstrem,1,0
TRANSFER,PAYMENT · nominal kecil,5,86171,86171,1.0,8,4,1,0,1,2,3.19,saldo pengirim tidak konsisten secara logika,1,1
CASH_OUT,CASH_OUT · nominal besar,2,277359,231556,1.198,13,3,0,0,0,0,2.41,saldo tujuan sangat ekstrem,0,0
TRANSFER,CASH_IN · nominal sedang,30,3399576,3399576,1.0,15,0,1,1,1,3,3.92,saldo tujuan tidak konsisten secara logika,1,1
CASH_OUT,PAYMENT · nominal kecil,10,71867,71867,1.0,23,4,0,0,0,0,2.69,saldo pengirim tidak konsisten secara logika,0,1
PAYMENT,PAYMENT · nominal kecil,2,1407,0,0.0,20,1,0,0,0,0,1.57,menguras hampir seluruh saldo,0,0
CASH_OUT,CASH_OUT · nominal besar,6,108558,54921,1.977,22,3,1,0,0,1,2.52,saldo tujuan sangat ekstrem,0,0
CASH_OUT,CASH_OUT · nominal besar,27,1040303,1040303,1.0,1,3,1,0,0,1,4.75,nominal transaksi sangat ekstrem,0,1
TRANSFER,PAYMENT · nominal kecil,18,191834,191834,1.0,7,4,1,0,1,2,3.59,saldo pengirim tidak konsisten secara logika,1,1
TRANSFER,CASH_OUT · nominal besar,14,381057,0,0.0,17,2,0,0,0,0,1.29,menguras hampir seluruh saldo,0,0
PAYMENT,PAYMENT · nominal kecil,15,9161,612706,0.015,20,4,1,0,0,1,1.19,menguras hampir seluruh saldo,0,0
CASH_IN,CASH_OUT · nominal besar,1,128900,7394951,0.017,18,3,1,1,0,2,3.91,saldo tujuan tidak konsisten secara logika,1,0
CASH_OUT,PAYMENT · nominal kecil,17,294700,304616,0.967,13,4,0,0,0,0,2.75,saldo pengirim tidak konsisten secara logika,0,0
CASH_IN,CASH_IN · nominal sedang,11,382727,10457580,0.037,12,0,1,1,0,2,1.21,saldo awal pengirim sangat ekstrem,1,0
CASH_IN,CASH_IN · nominal sedang,6,375726,13402279,0.028,20,0,1,1,0,2,1.42,saldo awal pengirim sangat ekstrem,1,0
CASH_OUT,CASH_OUT · nominal besar,14,74373,0,0.0,18,2,1,1,0,2,0.9,saldo tujuan sangat ekstrem,1,0
CASH_IN,CASH_IN · nominal sedang,17,366712,396112,0.926,20,0,1,1,0,2,1.45,saldo tujuan sangat ekstrem,1,0
CASH_IN,CASH_IN · nominal sedang,10,290116,1442387,0.201,10,0,1,0,0,1,1.39,saldo tujuan tidak konsisten secara logika,0,0
PAYMENT,PAYMENT · nominal kecil,16,18068,0,0.0,20,1,0,0,0,0,1.25,menguras hampir seluruh saldo,0,0
CASH_OUT,PAYMENT · nominal kecil,11,470957,470957,1.0,1,4,1,0,0,1,4.18,nominal transaksi sangat ekstrem,0,1
TRANSFER,CASH_IN · nominal sedang,21,832812,832812,1.0,1,0,1,0,1,2,4.88,saldo tujuan tidak konsisten secara logika,1,1
CASH_IN,CASH_IN · nominal sedang,10,169377,2951207,0.057,22,0,1,0,0,1,1.6,saldo awal pengirim sangat ekstrem,0,0
CASH_OUT,PAYMENT · nominal kecil,20,468600,468600,1.0,20,4,1,0,0,1,2.92,nominal transaksi sangat ekstrem,0,1
CASH_OUT,CASH_OUT · nominal besar,1,257547,91868,2.803,18,3,1,1,0,2,3.06,saldo tujuan sangat ekstrem,1,0
PAYMENT,PAYMENT · nominal kecil,25,20030,19815,1.011,18,4,0,0,0,0,1.37,saldo pengirim tidak konsisten secara logika,0,0
TRANSFER,CASH_IN · nominal sedang,13,8589704,8589704,1.0,23,0,1,1,1,3,4.58,saldo tujuan tidak konsisten secara logika,1,1
CASH_OUT,CASH_OUT · nominal besar,28,8730601,8730601,1.0,10,3,1,1,0,2,4.17,nominal transaksi sangat ekstrem,1,1
CASH_IN,CASH_IN · nominal sedang,9,81106,22644000,0.004,20,0,1,1,0,2,1.25,saldo awal pengirim sangat ekstrem,1,0
CASH_IN,CASH_IN · nominal sedang,8,133088,1505995,0.088,18,0,1,0,0,1,0.75,menguras hampir seluruh saldo,0,0
CASH_IN,CASH_IN · nominal sedang,9,266516,43470,6.131,19,0,1,0,0,1,1.89,saldo tujuan tidak konsisten secara logika,0,0
PAYMENT,PAYMENT · nominal kecil,6,5265,21169,0.249,21,4,0,0,0,0,1.4,menguras hampir seluruh saldo,0,0
PAYMENT,CASH_OUT · nominal besar,17,7026,271,10.0,0,3,1,0,1,2,4.43,menguras hampir seluruh saldo,1,0
CASH_IN,CASH_IN · nominal sedang,16,223855,14011890,0.016,12,0,1,1,0,2,1.17,saldo awal pengirim sangat ekstrem,1,0
CASH_IN,CASH_IN · nominal sedang,17,22207,20580940,0.001,15,0,1,1,0,2,1.12,saldo awal pengirim sangat ekstrem,1,0
PAYMENT,PAYMENT · nominal kecil,10,4871,14224,0.342,19,4,0,0,0,0,1.04,menguras hampir seluruh saldo,0,0
PAYMENT,PAYMENT · nominal kecil,11,4515,0,0.0,14,1,0,0,0,0,0.62,menguras hampir seluruh saldo,0,0
CASH_OUT,CASH_OUT · nominal besar,13,179965,1928,10.0,11,3,1,0,0,1,1.54,menguras hampir seluruh saldo,0,0
CASH_IN,CASH_IN · nominal sedang,2,481844,15783020,0.031,23,0,1,1,0,2,2.1,saldo awal pengirim sangat ekstrem,1,0
CASH_IN,CASH_IN · nominal sedang,29,163050,6683860,0.024,19,0,1,0,0,1,1.0,saldo awal pengirim sangat ekstrem,0,0
CASH_OUT,CASH_OUT · nominal besar,1,107251,36002,2.979,18,3,1,1,0,2,3.28,saldo tujuan tidak konsisten secara logika,1,0
PAYMENT,PAYMENT · nominal kecil,17,236,53260,0.004,14,4,0,0,0,0,2.13,menguras hampir seluruh saldo,0,0
CASH_OUT,PAYMENT · nominal kecil,10,26528,105963,0.25,20,4,0,0,0,0,1.66,menguras hampir seluruh saldo,0,0
CASH_IN,CASH_IN · nominal sedang,24,219258,3419826,0.064,22,0,1,1,0,2,1.74,saldo tujuan sangat ekstrem,1,0
CASH_OUT,CASH_OUT · nominal besar,16,371249,52110,7.124,13,3,0,0,0,0,1.59,menguras hampir seluruh saldo,0,0
CASH_IN,CASH_OUT · nominal besar,11,122085,82,10.0,19,3,1,0,0,1,2.71,menguras hampir seluruh saldo,0,0
TRANSFER,CASH_OUT · nominal besar,7,331564,0,0.0,15,2,0,0,0,0,1.2,menguras hampir seluruh saldo,0,0
CASH_IN,CASH_OUT · nominal besar,18,164035,712,10.0,12,3,1,1,0,2,2.77,saldo tujuan sangat ekstrem,1,0
CASH_IN,CASH_IN · nominal sedang,8,223434,10433184,0.021,18,0,1,1,0,2,0.93,saldo awal pengirim sangat ekstrem,1,0
CASH_IN,CASH_IN · nominal sedang,16,51820,8441909,0.006,20,0,1,0,0,1,1.25,saldo awal pengirim sangat ekstrem,0,0
CASH_IN,CASH_IN · nominal sedang,10,211209,13943666,0.015,19,0,1,1,0,2,1.15,saldo awal pengirim sangat ekstrem,1,0
CASH_IN,CASH_OUT · nominal besar,11,355282,20962,10.0,15,3,1,0,0,1,2.42,menguras hampir seluruh saldo,0,0
CASH_IN,CASH_IN · nominal sedang,12,270997,10058589,0.027,16,0,1,1,0,2,0.74,saldo awal pengirim sangat ekstrem,1,0
CASH_IN,CASH_IN · nominal sedang,7,220208,17386010,0.013,10,0,1,1,0,2,1.41,saldo awal pengirim sangat ekstrem,1,0
TRANSFER,CASH_OUT · nominal besar,8,2028343,7549,10.0,17,3,1,1,0,2,2.05,nominal transaksi sangat ekstrem,1,0
TRANSFER,PAYMENT · nominal kecil,19,72901,72901,1.0,13,4,1,0,0,1,2.67,saldo pengirim tidak konsisten secara logika,0,1
CASH_IN,CASH_IN · nominal sedang,6,187864,13028448,0.014,13,0,1,1,0,2,0.8,saldo awal pengirim sangat ekstrem,1,0
CASH_OUT,CASH_OUT · nominal besar,1,384304,18250,10.0,9,3,1,0,0,1,3.1,menguras hampir seluruh saldo,0,0
CASH_IN,CASH_IN · nominal sedang,6,292044,4625216,0.063,14,0,1,1,0,2,0.95,saldo tujuan sangat ekstrem,1,0
TRANSFER,CASH_OUT · nominal besar,13,6795886,59733,10.0,17,3,1,1,0,2,2.75,nominal transaksi sangat ekstrem,1,0
CASH_OUT,PAYMENT · nominal kecil,8,52644,90848,0.579,11,4,0,0,0,0,1.83,menguras hampir seluruh saldo,0,0
CASH_OUT,PAYMENT · nominal kecil,6,201989,201989,1.0,10,4,0,0,0,0,2.43,saldo pengirim tidak konsisten secara logika,0,1
CASH_OUT,CASH_OUT · nominal besar,17,38459,0,0.0,17,2,0,0,0,0,0.97,menguras hampir seluruh saldo,0,0
CASH_IN,CASH_IN · nominal sedang,7,77365,10733651,0.007,14,0,1,1,0,2,0.63,saldo awal pengirim sangat ekstrem,1,0
CASH_IN,CASH_IN · nominal sedang,8,42662,18842882,0.002,18,0,1,1,0,2,1.04,saldo awal pengirim sangat ekstrem,1,0
CASH_IN,CASH_IN · nominal sedang,6,335187,17856056,0.019,16,0,1,1,0,2,0.96,saldo awal pengirim sangat ekstrem,1,0
CASH_IN,CASH_IN · nominal sedang,22,147735,537752,0.275,18,0,1,0,0,1,0.73,saldo tujuan tidak konsisten secara logika,0,0
CASH_IN,CASH_IN · nominal sedang,15,58962,10193913,0.006,20,0,1,1,0,2,1.25,saldo awal pengirim sangat ekstrem,1,0
CASH_OUT,CASH_OUT · nominal besar,1,151714,0,0.0,12,2,1,1,0,2,2.37,saldo tujuan sangat ekstrem,1,0
CASH_OUT,CASH_IN · nominal sedang,1,2539898,2539898,1.0,9,0,1,1,1,3,3.74,nominal transaksi sangat ekstrem,1,1
CASH_OUT,PAYMENT · nominal kecil,25,60634,60634,1.0,2,4,0,0,0,0,3.77,saldo pengirim tidak konsisten secara logika,0,1
TRANSFER,PAYMENT · nominal kecil,25,272777,272777,1.0,17,4,1,0,1,2,3.17,saldo tujuan tidak konsisten secara logika,1,1
CASH_IN,CASH_IN · nominal sedang,6,17300,17904288,0.001,15,0,1,1,0,2,1.25,saldo awal pengirim sangat ekstrem,1,0
CASH_OUT,PAYMENT · nominal kecil,14,73287,71451,1.026,11,4,0,0,0,0,2.44,saldo pengirim tidak konsisten secara logika,0,0
CASH_IN,CASH_IN · nominal sedang,15,10689,21236412,0.001,14,0,1,1,0,2,1.61,saldo awal pengirim sangat ekstrem,1,0
TRANSFER,CASH_OUT · nominal besar,14,2799659,46358,10.0,14,3,1,1,0,2,2.24,nominal transaksi sangat ekstrem,1,0
TRANSFER,PAYMENT · nominal kecil,23,266547,266547,1.0,9,4,1,0,1,2,3.49,saldo tujuan tidak konsisten secara logika,1,1
CASH_OUT,CASH_OUT · nominal besar,23,142124,20376,6.975,16,3,1,0,0,1,1.13,menguras hampir seluruh saldo,0,0
PAYMENT,PAYMENT · nominal kecil,12,7411,183198,0.04,16,4,0,0,0,0,0.52,menguras hampir seluruh saldo,0,0
CASH_IN,CASH_OUT · nominal besar,10,190544,14874,10.0,23,3,1,0,0,1,2.91,menguras hampir seluruh saldo,0,0
CASH_IN,CASH_IN · nominal sedang,7,7598,5527035,0.001,17,0,1,0,0,1,1.72,saldo awal pengirim sangat ekstrem,0,0
TRANSFER,CASH_IN · nominal sedang,14,618381,618381,1.0,14,0,1,0,1,2,3.55,saldo tujuan tidak konsisten secara logika,1,1
CASH_IN,CASH_OUT · nominal besar,6,252215,10289,10.0,17,3,1,0,0,1,2.53,menguras hampir seluruh saldo,0,0
CASH_IN,CASH_OUT · nominal besar,5,64329,11419,5.634,0,3,1,0,1,2,4.29,menguras hampir seluruh saldo,1,0
TRANSFER,CASH_IN · nominal sedang,19,2600970,2600970,1.0,21,0,1,1,1,3,4.06,saldo tujuan tidak konsisten secara logika,1,1
TRANSFER,CASH_OUT · nominal besar,23,517291,0,0.0,17,2,0,0,0,0,1.37,menguras hampir seluruh saldo,0,0
CASH_OUT,CASH_OUT · nominal besar,15,25106,0,0.0,14,2,0,0,0,0,1.16,menguras hampir seluruh saldo,0,0
PAYMENT,PAYMENT · nominal kecil,1,9789,3675,2.664,15,1,0,0,0,0,1.5,saldo tujuan sangat ekstrem,0,0
CASH_IN,CASH_IN · nominal sedang,1,176485,10318825,0.017,8,0,1,1,0,2,1.82,saldo awal pengirim sangat ekstrem,1,0
TRANSFER,CASH_IN · nominal sedang,11,1954854,1954854,1.0,21,0,1,1,1,3,3.99,saldo tujuan tidak konsisten secara logika,1,1
CASH_OUT,PAYMENT · nominal kecil,22,150929,150929,1.0,7,4,0,0,0,0,3.08,saldo pengirim tidak konsisten secara logika,0,1
PAYMENT,PAYMENT · nominal kecil,17,6127,0,0.0,20,1,0,0,0,0,1.18,menguras hampir seluruh saldo,0,0
CASH_OUT,CASH_OUT · nominal besar,1,97666,0,0.0,9,2,0,0,0,0,1.53,menguras hampir seluruh saldo,0,0
CASH_IN,CASH_IN · nominal sedang,6,511233,6665092,0.077,11,0,1,1,0,2,1.54,saldo tujuan sangat ekstrem,1,0
TRANSFER,CASH_OUT · nominal besar,11,775186,0,0.0,13,2,1,1,0,2,1.6,saldo tujuan sangat ekstrem,1,0
TRANSFER,PAYMENT · nominal kecil,28,420270,420270,1.0,11,4,1,0,1,2,3.52,saldo tujuan tidak konsisten secara logika,1,1
PAYMENT,PAYMENT · nominal kecil,13,14220,72480,0.196,18,4,0,0,0,0,0.76,menguras hampir seluruh saldo,0,0
CASH_OUT,CASH_OUT · nominal besar,16,78977,0,0.0,19,2,0,0,0,0,0.99,menguras hampir seluruh saldo,0,0
CASH_OUT,PAYMENT · nominal kecil,16,199414,199414,1.0,8,4,0,0,0,0,2.7,saldo pengirim tidak konsisten secara logika,0,1
CASH_OUT,CASH_OUT · nominal besar,1,25950,0,0.0,16,2,1,1,0,2,2.72,saldo tujuan tidak konsisten secara logika,1,0
CASH_OUT,CASH_OUT · nominal besar,15,181097,92779,1.952,16,3,0,0,0,0,1.84,saldo awal pengirim sangat ekstrem,0,0
PAYMENT,PAYMENT · nominal kecil,6,317,0,0.0,12,1,0,0,0,0,2.1,menguras hampir seluruh saldo,0,0
CASH_OUT,CASH_OUT · nominal besar,11,12920,0,0.0,17,2,0,0,0,0,1.59,menguras hampir seluruh saldo,0,0
CASH_IN,CASH_IN · nominal sedang,10,370475,9683585,0.038,14,0,1,1,0,2,0.94,saldo awal pengirim sangat ekstrem,1,0
CASH_IN,CASH_IN · nominal sedang,16,32772,11414390,0.003,20,0,1,1,0,2,1.4,saldo awal pengirim sangat ekstrem,1,0
CASH_IN,CASH_IN · nominal sedang,12,36799,10178368,0.004,23,0,1,1,0,2,1.96,saldo awal pengirim sangat ekstrem,1,0
PAYMENT,PAYMENT · nominal kecil,8,28587,41999,0.681,15,4,0,0,0,0,0.78,menguras hampir seluruh saldo,0,0
CASH_IN,CASH_IN · nominal sedang,7,16466,12540482,0.001,17,0,1,1,0,2,1.35,saldo awal pengirim sangat ekstrem,1,0
TRANSFER,CASH_OUT · nominal besar,13,10000000,41155,10.0,17,3,1,1,1,3,4.05,nominal transaksi sangat ekstrem,1,0
CASH_IN,CASH_IN · nominal sedang,1,69421,31878,2.178,13,0,1,0,0,1,0.98,saldo tujuan sangat ekstrem,0,0
CASH_IN,CASH_IN · nominal sedang,17,25318,3232821,0.008,13,0,1,1,0,2,1.32,saldo tujuan sangat ekstrem,1,0
CASH_IN,CASH_IN · nominal sedang,10,9752,21840714,0.0,15,0,1,1,0,2,1.6,saldo awal pengirim sangat ekstrem,1,0
CASH_OUT,CASH_OUT · nominal besar,16,262340,0,0.0,14,2,1,1,0,2,0.69,saldo tujuan sangat ekstrem,1,0
CASH_OUT,CASH_OUT · nominal besar,6,42640,0,0.0,13,2,1,1,0,2,1.04,saldo tujuan sangat ekstrem,1,0
TRANSFER,PAYMENT · nominal kecil,8,18887,18887,1.0,6,4,1,0,1,2,3.13,saldo pengirim tidak konsisten secara logika,1,1
PAYMENT,PAYMENT · nominal kecil,17,26271,64820,0.405,16,4,0,0,0,0,0.73,menguras hampir seluruh saldo,0,0
CASH_IN,CASH_OUT · nominal besar,9,16797,36,10.0,9,3,1,0,1,2,2.98,menguras hampir seluruh saldo,1,0
PAYMENT,PAYMENT · nominal kecil,14,12728,104681,0.122,10,4,0,0,0,0,1.37,menguras hampir seluruh saldo,0,0
PAYMENT,CASH_OUT · nominal besar,12,6848,152,10.0,9,3,1,0,0,1,3.09,menguras hampir seluruh saldo,0,0
TRANSFER,CASH_OUT · nominal besar,10,696915,141816,4.914,22,3,1,0,1,2,3.56,saldo tujuan tidak konsisten secara logika,1,0
CASH_OUT,CASH_OUT · nominal besar,8,24408,0,0.0,12,2,0,0,0,0,1.37,menguras hampir seluruh saldo,0,0
PAYMENT,PAYMENT · nominal kecil,18,13036,6001,2.172,20,1,0,0,0,0,1.89,saldo tujuan sangat ekstrem,0,0
CASH_IN,CASH_IN · nominal sedang,16,344268,85351,4.034,10,0,1,0,0,1,2.53,saldo pengirim tidak konsisten secara logika,0,0
CASH_OUT,CASH_OUT · nominal besar,2,180002,0,0.0,9,2,1,0,0,1,2.7,saldo tujuan tidak konsisten secara logika,0,0
TRANSFER,CASH_OUT · nominal besar,17,423931,0,0.0,15,2,0,0,0,0,1.26,menguras hampir seluruh saldo,0,0
PAYMENT,PAYMENT · nominal kecil,13,16156,0,0.0,13,1,0,0,0,0,0.77,menguras hampir seluruh saldo,0,0
CASH_IN,CASH_IN · nominal sedang,12,2384,10958955,0.0,11,0,1,1,0,2,2.6,saldo awal pengirim sangat ekstrem,1,0
CASH_OUT,CASH_OUT · nominal besar,11,188753,0,0.0,20,2,1,1,0,2,1.21,saldo tujuan sangat ekstrem,1,0
PAYMENT,PAYMENT · nominal kecil,2,15878,397870,0.04,14,4,0,0,0,0,0.71,menguras hampir seluruh saldo,0,0
PAYMENT,PAYMENT · nominal kecil,17,8542,0,0.0,10,1,0,0,0,0,1.29,menguras hampir seluruh saldo,0,0
CASH_OUT,CASH_OUT · nominal besar,8,47757,0,0.0,16,2,0,0,0,0,0.85,menguras hampir seluruh saldo,0,0
CASH_IN,CASH_IN · nominal sedang,10,213334,14720893,0.014,10,0,1,1,0,2,1.4,saldo awal pengirim sangat ekstrem,1,0
PAYMENT,PAYMENT · nominal kecil,12,7270,16255,0.447,13,4,0,0,0,0,0.81,menguras hampir seluruh saldo,0,0
CASH_IN,CASH_IN · nominal sedang,1,89366,18714440,0.005,14,0,1,1,0,2,0.66,saldo awal pengirim sangat ekstrem,1,0
CASH_OUT,CASH_OUT · nominal besar,20,101762,0,0.0,13,2,1,1,0,2,0.79,saldo tujuan sangat ekstrem,1,0
CASH_IN,CASH_IN · nominal sedang,2,612788,2114198,0.29,15,0,1,1,0,2,1.28,saldo tujuan sangat ekstrem,1,0
CASH_OUT,CASH_OUT · nominal besar,27,10000000,10000000,1.0,7,3,1,1,0,2,4.51,nominal transaksi sangat ekstrem,1,1
CASH_IN,CASH_IN · nominal sedang,6,54839,11474777,0.005,10,0,1,1,0,2,1.45,saldo awal pengirim sangat ekstrem,1,0
CASH_IN,CASH_IN · nominal sedang,17,212444,462055,0.46,16,0,1,0,0,1,0.6,saldo tujuan tidak konsisten secara logika,0,0
CASH_OUT,PAYMENT · nominal kecil,20,998087,998087,1.0,4,4,1,0,0,1,4.21,nominal transaksi sangat ekstrem,0,1
TRANSFER,CASH_IN · nominal sedang,5,872200,872200,1.0,6,0,1,0,1,2,4.19,saldo tujuan tidak konsisten secara logika,1,1
TRANSFER,PAYMENT · nominal kecil,26,425862,425862,1.0,21,4,1,0,1,2,3.59,saldo tujuan tidak konsisten secara logika,1,1
CASH_OUT,CASH_OUT · nominal besar,8,66533,166,10.0,11,3,1,0,0,1,1.7,menguras hampir seluruh saldo,0,0
PAYMENT,PAYMENT · nominal kecil,11,2280,0,0.0,10,1,0,0,0,0,1.5,menguras hampir seluruh saldo,0,0
CASH_OUT,PAYMENT · nominal kecil,12,97091,97091,1.0,22,4,0,0,0,0,2.64,saldo pengirim tidak konsisten secara logika,0,1
TRANSFER,PAYMENT · nominal kecil,1,10224,10224,1.0,6,4,1,0,1,2,3.06,saldo pengirim tidak konsisten secara logika,1,1
CASH_OUT,CASH_OUT · nominal besar,14,218222,41,10.0,15,3,1,0,0,1,1.6,menguras hampir seluruh saldo,0,0
CASH_IN,CASH_IN · nominal sedang,10,291257,22096750,0.013,21,0,1,1,0,2,1.56,saldo awal pengirim sangat ekstrem,1,0
TRANSFER,CASH_IN · nominal sedang,24,884821,884821,1.0,0,0,1,0,1,2,5.05,saldo tujuan tidak konsisten secara logika,1,1
CASH_IN,CASH_IN · nominal sedang,11,101997,11210447,0.009,13,0,1,1,0,2,0.83,saldo awal pengirim sangat ekstrem,1,0
CASH_OUT,PAYMENT · nominal kecil,28,71555,71555,1.0,19,4,0,0,0,0,2.4,saldo pengirim tidak konsisten secara logika,0,1
PAYMENT,PAYMENT · nominal kecil,17,8912,0,0.0,17,1,0,0,0,0,0.58,menguras hampir seluruh saldo,0,0
TRANSFER,CASH_IN · nominal sedang,2,5489302,5489302,1.0,0,0,1,1,1,3,5.4,saldo tujuan tidak konsisten secara logika,1,1
CASH_IN,CASH_IN · nominal sedang,1,262327,9998460,0.026,19,0,1,1,0,2,1.11,saldo awal pengirim sangat ekstrem,1,0
CASH_OUT,PAYMENT · nominal kecil,10,92057,92057,1.0,1,4,0,0,0,0,4.03,saldo pengirim tidak konsisten secara logika,0,1
CASH_OUT,PAYMENT · nominal kecil,8,9177,43336,0.212,13,4,0,0,0,0,1.98,menguras hampir seluruh saldo,0,0
CASH_OUT,PAYMENT · nominal kecil,14,54355,79867,0.681,9,4,0,0,0,0,2.36,menguras hampir seluruh saldo,0,0
TRANSFER,CASH_OUT · nominal besar,1,2419246,155724,10.0,9,3,1,1,0,2,2.67,nominal transaksi sangat ekstrem,1,0
TRANSFER,CASH_OUT · nominal besar,17,101940,101604,1.003,13,3,1,1,0,2,2.85,saldo tujuan sangat ekstrem,1,0
TRANSFER,CASH_IN · nominal sedang,31,1102951,1102951,1.0,9,0,1,0,1,2,3.92,saldo tujuan tidak konsisten secara logika,1,1
CASH_IN,CASH_OUT · nominal besar,15,105635,6141,10.0,16,3,1,0,0,1,2.33,menguras hampir seluruh saldo,0,0
CASH_OUT,CASH_OUT · nominal besar,13,56418,0,0.0,16,2,0,0,0,0,0.7,menguras hampir seluruh saldo,0,0
PAYMENT,PAYMENT · nominal kecil,9,5000,0,0.0,18,1,0,0,0,0,0.81,menguras hampir seluruh saldo,0,0
CASH_OUT,CASH_OUT · nominal besar,27,10000000,10000000,1.0,1,3,1,1,1,3,5.25,nominal transaksi sangat ekstrem,1,1
CASH_OUT,CASH_OUT · nominal besar,14,88775,30378,2.922,13,3,1,1,0,2,2.06,saldo tujuan sangat ekstrem,1,0
TRANSFER,CASH_OUT · nominal besar,8,3538965,0,0.0,22,2,1,1,1,3,2.65,nominal transaksi sangat ekstrem,1,0
CASH_IN,CASH_IN · nominal sedang,15,31822,24819786,0.001,11,0,1,1,0,2,1.42,saldo awal pengirim sangat ekstrem,1,0
CASH_OUT,PAYMENT · nominal kecil,22,21739,21739,1.0,15,4,0,0,0,0,1.3,saldo pengirim tidak konsisten secara logika,0,1
DEBIT,PAYMENT · nominal kecil,1,2569,15258,0.168,9,4,1,0,1,2,3.5,saldo tujuan tidak konsisten secara logika,1,0
CASH_OUT,CASH_OUT · nominal besar,1,38868,0,0.0,17,2,0,0,0,0,0.95,menguras hampir seluruh saldo,0,0
CASH_OUT,CASH_OUT · nominal besar,8,1489970,1489970,1.0,0,3,1,0,1,2,5.0,nominal transaksi sangat ekstrem,1,1
CASH_OUT,PAYMENT · nominal kecil,14,3638,119110,0.031,12,4,1,1,0,2,2.66,saldo tujuan sangat ekstrem,1,0
TRANSFER,CASH_OUT · nominal besar,16,9273773,0,0.0,12,2,1,1,0,2,2.78,nominal transaksi sangat ekstrem,1,0
CASH_IN,CASH_IN · nominal sedang,9,197480,3717509,0.053,20,0,1,0,0,1,1.19,saldo awal pengirim sangat ekstrem,0,0
CASH_IN,CASH_IN · nominal sedang,9,385055,26328064,0.015,13,0,1,1,0,2,1.13,saldo awal pengirim sangat ekstrem,1,0
CASH_IN,CASH_IN · nominal sedang,11,246448,15533972,0.016,12,0,1,1,0,2,1.11,saldo awal pengirim sangat ekstrem,1,0
CASH_IN,CASH_IN · nominal sedang,16,125787,13203665,0.01,12,0,1,1,0,2,0.93,saldo awal pengirim sangat ekstrem,1,0
CASH_OUT,PAYMENT · nominal kecil,1,280996,335346,0.838,18,4,1,1,0,2,3.85,saldo tujuan tidak konsisten secara logika,1,0
CASH_OUT,CASH_OUT · nominal besar,15,5338163,5338163,1.0,19,3,1,1,0,2,3.92,nominal transaksi sangat ekstrem,1,1
CASH_OUT,CASH_OUT · nominal besar,22,271448,0,0.0,18,2,0,0,0,0,0.78,menguras hampir seluruh saldo,0,0
PAYMENT,PAYMENT · nominal kecil,16,12669,79356,0.16,15,4,0,0,0,0,0.5,menguras hampir seluruh saldo,0,0
CASH_IN,CASH_IN · nominal sedang,7,97473,11249958,0.009,15,0,1,1,0,2,0.49,saldo awal pengirim sangat ekstrem,1,0
PAYMENT,PAYMENT · nominal kecil,12,64096,0,0.0,18,1,0,0,0,0,1.42,menguras hampir seluruh saldo,0,0
CASH_IN,CASH_OUT · nominal besar,16,416425,0,0.0,14,2,1,1,0,2,2.88,saldo tujuan sangat ekstrem,1,0
CASH_IN,CASH_IN · nominal sedang,7,446334,545679,0.818,10,0,1,0,0,1,1.53,saldo tujuan tidak konsisten secara logika,0,0
TRANSFER,CASH_OUT · nominal besar,9,513418,0,0.0,11,2,0,0,0,0,1.65,menguras hampir seluruh saldo,0,0
PAYMENT,PAYMENT · nominal kecil,8,9204,0,0.0,17,1,0,0,0,0,0.58,menguras hampir seluruh saldo,0,0
TRANSFER,CASH_IN · nominal sedang,27,2571605,2571605,1.0,1,0,1,1,1,3,5.07,saldo tujuan tidak konsisten secara logika,1,1
CASH_OUT,CASH_OUT · nominal besar,24,93794,0,0.0,13,2,0,0,0,0,0.69,menguras hampir seluruh saldo,0,0
CASH_IN,CASH_IN · nominal sedang,16,86124,236983,0.363,19,0,1,0,0,1,0.95,menguras hampir seluruh saldo,0,0
CASH_IN,CASH_IN · nominal sedang,7,126908,1365380,0.093,13,0,1,0,0,1,0.59,menguras hampir seluruh saldo,0,0
CASH_OUT,PAYMENT · nominal kecil,2,736371,736371,1.0,22,4,1,0,0,1,3.47,nominal transaksi sangat ekstrem,0,1
PAYMENT,PAYMENT · nominal kecil,17,21766,14515,1.5,12,1,0,0,0,0,1.86,saldo tujuan sangat ekstrem,0,0
TRANSFER,PAYMENT · nominal kecil,23,107321,107321,1.0,13,4,1,0,1,2,2.82,saldo pengirim tidak konsisten secara logika,1,1
CASH_OUT,CASH_OUT · nominal besar,7,446248,202933,2.199,18,3,0,0,0,0,1.91,nominal transaksi sangat ekstrem,0,0
CASH_OUT,CASH_OUT · nominal besar,17,375959,0,0.0,17,2,0,0,0,0,0.74,menguras hampir seluruh saldo,0,0
CASH_OUT,PAYMENT · nominal kecil,26,243348,243348,1.0,7,4,0,0,0,0,2.92,saldo pengirim tidak konsisten secara logika,0,1
CASH_OUT,PAYMENT · nominal kecil,18,426173,426173,1.0,19,4,0,0,0,0,2.55,nominal transaksi sangat ekstrem,0,1
CASH_IN,CASH_IN · nominal sedang,14,475330,10258488,0.046,10,0,1,1,0,2,1.6,saldo awal pengirim sangat ekstrem,1,0
CASH_OUT,PAYMENT · nominal kecil,7,3554,153400,0.023,16,4,0,0,0,0,2.26,saldo tujuan sangat ekstrem,0,0
CASH_IN,CASH_IN · nominal sedang,14,298333,13487236,0.022,15,0,1,1,0,2,0.81,saldo awal pengirim sangat ekstrem,1,0
TRANSFER,CASH_IN · nominal sedang,17,10000000,25618180,0.39,14,0,1,1,1,3,4.31,saldo tujuan tidak konsisten secara logika,1,1
CASH_OUT,CASH_OUT · nominal besar,25,64447,0,0.0,16,2,0,0,0,0,0.65,menguras hampir seluruh saldo,0,0
CASH_OUT,CASH_OUT · nominal besar,24,120619,1163,10.0,19,3,1,1,0,2,1.7,saldo tujuan sangat ekstrem,1,0
CASH_OUT,PAYMENT · nominal kecil,12,149362,284608,0.525,18,4,1,0,0,1,2.8,saldo tujuan sangat ekstrem,0,0
TRANSFER,CASH_OUT · nominal besar,17,2271730,227189,9.999,12,3,1,1,0,2,2.2,nominal transaksi sangat ekstrem,1,0
TRANSFER,PAYMENT · nominal kecil,4,175314,175314,1.0,21,4,1,0,1,2,3.22,saldo pengirim tidak konsisten secara logika,1,1
CASH_OUT,CASH_OUT · nominal besar,24,249648,0,0.0,19,2,0,0,0,0,0.95,menguras hampir seluruh saldo,0,0
CASH_OUT,CASH_OUT · nominal besar,16,277929,0,0.0,22,2,0,0,0,0,1.62,menguras hampir seluruh saldo,0,0
CASH_OUT,PAYMENT · nominal kecil,19,422262,422262,1.0,18,4,0,0,0,0,2.98,nominal transaksi sangat ekstrem,0,1
CASH_IN,CASH_IN · nominal sedang,1,220680,14906677,0.015,15,0,1,1,0,2,0.68,saldo awal pengirim sangat ekstrem,1,0
CASH_IN,CASH_IN · nominal sedang,8,221070,1543895,0.143,20,0,1,0,0,1,1.22,saldo tujuan tidak konsisten secara logika,0,0
CASH_OUT,PAYMENT · nominal kecil,20,277611,277611,1.0,3,4,0,0,0,0,4.04,saldo pengirim tidak konsisten secara logika,0,1
PAYMENT,PAYMENT · nominal kecil,15,9765,41258,0.237,20,4,0,0,0,0,1.13,menguras hampir seluruh saldo,0,0
CASH_IN,CASH_IN · nominal sedang,2,24338,15767787,0.002,20,0,1,1,0,2,1.51,saldo awal pengirim sangat ekstrem,1,0
PAYMENT,PAYMENT · nominal kecil,19,7274,30397,0.239,10,4,0,0,0,0,1.38,menguras hampir seluruh saldo,0,0
CASH_OUT,PAYMENT · nominal kecil,14,598112,678942,0.881,12,4,1,1,0,2,3.48,saldo tujuan sangat ekstrem,1,0
CASH_OUT,CASH_OUT · nominal besar,2,67721,0,0.0,12,2,1,0,0,1,0.98,saldo tujuan sangat ekstrem,0,0
TRANSFER,CASH_OUT · nominal besar,8,1183655,9947,10.0,16,3,1,0,0,1,1.79,menguras hampir seluruh saldo,0,0
PAYMENT,PAYMENT · nominal kecil,13,842,40123,0.021,19,4,0,0,0,0,1.63,menguras hampir seluruh saldo,0,0
CASH_IN,CASH_IN · nominal sedang,23,176000,11305176,0.016,10,0,1,1,0,2,1.36,saldo awal pengirim sangat ekstrem,1,0
CASH_IN,CASH_IN · nominal sedang,16,354562,22469500,0.016,14,0,1,1,0,2,1.0,saldo awal pengirim sangat ekstrem,1,0
PAYMENT,PAYMENT · nominal kecil,10,15299,12170,1.257,16,1,0,0,0,0,1.63,saldo pengirim tidak konsisten secara logika,0,0
CASH_IN,CASH_IN · nominal sedang,1,20658,3325803,0.006,19,0,1,0,0,1,1.36,saldo awal pengirim sangat ekstrem,0,0
TRANSFER,CASH_OUT · nominal besar,15,2028115,0,0.0,19,2,1,1,0,2,2.1,saldo tujuan sangat ekstrem,1,0
CASH_OUT,CASH_OUT · nominal besar,7,293557,0,0.0,11,2,0,0,0,0,1.12,menguras hampir seluruh saldo,0,0
CASH_OUT,CASH_OUT · nominal besar,16,213543,0,0.0,12,2,0,0,0,0,0.85,menguras hampir seluruh saldo,0,0
CASH_IN,CASH_IN · nominal sedang,14,6651,9761891,0.001,12,0,1,1,0,2,1.92,saldo awal pengirim sangat ekstrem,1,0
TRANSFER,PAYMENT · nominal kecil,1,164753,237453,0.694,14,4,1,0,1,2,3.06,saldo tujuan tidak konsisten secara logika,1,0
TRANSFER,CASH_OUT · nominal besar,7,1708362,0,0.0,13,2,1,0,0,1,1.9,nominal transaksi sangat ekstrem,0,0
TRANSFER,PAYMENT · nominal kecil,18,59749,59749,1.0,19,4,1,0,0,1,2.66,saldo pengirim tidak konsisten secara logika,0,1
TRANSFER,CASH_IN · nominal sedang,15,5963850,5963850,1.0,14,0,1,1,1,3,4.11,saldo tujuan tidak konsisten secara logika,1,1
CASH_IN,CASH_OUT · nominal besar,8,70313,3351,10.0,17,3,1,0,0,1,2.57,menguras hampir seluruh saldo,0,0
CASH_IN,CASH_IN · nominal sedang,7,101176,55555,1.821,20,0,1,0,0,1,2.23,saldo tujuan sangat ekstrem,0,0
PAYMENT,PAYMENT · nominal kecil,7,20465,4080,5.016,10,1,0,0,0,0,2.28,menguras hampir seluruh saldo,0,0
PAYMENT,PAYMENT · nominal kecil,13,315,50328,0.006,15,4,0,0,0,0,1.95,menguras hampir seluruh saldo,0,0
CASH_IN,CASH_OUT · nominal besar,8,199903,15126770,0.013,14,3,1,1,0,2,3.49,saldo awal pengirim sangat ekstrem,1,0
CASH_OUT,CASH_OUT · nominal besar,11,37177,25300,1.469,12,3,0,0,0,0,2.2,saldo pengirim tidak konsisten secara logika,0,0
TRANSFER,PAYMENT · nominal kecil,10,597412,597412,1.0,17,4,1,0,1,2,3.54,saldo tujuan tidak konsisten secara logika,1,1
TRANSFER,CASH_OUT · nominal besar,16,4047737,0,0.0,20,2,1,1,0,2,2.47,nominal transaksi sangat ekstrem,1,0
TRANSFER,CASH_IN · nominal sedang,18,3118812,3118812,1.0,11,0,1,1,1,3,4.02,saldo tujuan tidak konsisten secara logika,1,1
TRANSFER,PAYMENT · nominal kecil,7,14017,14017,1.0,5,4,1,0,1,2,3.26,saldo pengirim tidak konsisten secara logika,1,1
CASH_IN,CASH_IN · nominal sedang,10,532502,509594,1.045,13,0,1,1,0,2,1.26,saldo tujuan sangat ekstrem,1,0
CASH_IN,CASH_IN · nominal sedang,14,51831,10257350,0.005,14,0,1,1,0,2,0.72,saldo awal pengirim sangat ekstrem,1,0
CASH_OUT,PAYMENT · nominal kecil,29,537540,537540,1.0,13,4,1,0,0,1,2.61,nominal transaksi sangat ekstrem,0,1
TRANSFER,CASH_OUT · nominal besar,16,2020963,9084,10.0,13,3,1,1,0,2,2.16,nominal transaksi sangat ekstrem,1,0
PAYMENT,PAYMENT · nominal kecil,22,6454,48236,0.134,10,4,0,0,0,0,1.38,menguras hampir seluruh saldo,0,0
DEBIT,PAYMENT · nominal kecil,13,1238,10872,0.114,1,4,1,0,1,2,4.27,saldo tujuan sangat ekstrem,1,0
CASH_OUT,CASH_OUT · nominal besar,25,271994,0,0.0,11,2,0,0,0,0,1.12,saldo tujuan sangat ekstrem,0,0
CASH_IN,CASH_IN · nominal sedang,13,84806,22285026,0.004,17,0,1,1,0,2,0.74,saldo awal pengirim sangat ekstrem,1,0
PAYMENT,PAYMENT · nominal kecil,16,64056,0,0.0,21,1,0,0,0,0,1.83,menguras hampir seluruh saldo,0,0
CASH_IN,CASH_IN · nominal sedang,16,50643,257024,0.197,13,0,1,0,0,1,0.79,menguras hampir seluruh saldo,0,0
CASH_IN,CASH_IN · nominal sedang,14,216717,5646678,0.038,22,0,1,0,0,1,1.66,saldo awal pengirim sangat ekstrem,0,0
CASH_IN,CASH_IN · nominal sedang,29,22854,4339960,0.005,19,0,1,1,0,2,1.47,saldo tujuan sangat ekstrem,1,0
CASH_OUT,PAYMENT · nominal kecil,8,73487,73487,1.0,16,4,0,0,0,0,2.26,saldo pengirim tidak konsisten secara logika,0,1
CASH_IN,CASH_IN · nominal sedang,9,152902,4133843,0.037,14,0,1,0,0,1,0.51,saldo awal pengirim sangat ekstrem,0,0
PAYMENT,PAYMENT · nominal kecil,14,18406,526915,0.035,9,4,1,0,0,1,1.66,menguras hampir seluruh saldo,0,0
TRANSFER,CASH_IN · nominal sedang,8,895565,895565,1.0,7,0,1,0,1,2,4.08,saldo tujuan tidak konsisten secara logika,1,1
TRANSFER,PAYMENT · nominal kecil,7,171457,171457,1.0,14,4,1,0,1,2,2.97,saldo pengirim tidak konsisten secara logika,1,1
PAYMENT,PAYMENT · nominal kecil,6,19247,371009,0.052,16,4,0,0,0,0,0.67,menguras hampir seluruh saldo,0,0
CASH_OUT,CASH_OUT · nominal besar,12,90360,82945,1.089,18,3,0,0,0,0,2.51,saldo tujuan sangat ekstrem,0,0
PAYMENT,PAYMENT · nominal kecil,1,4934,42842,0.115,18,4,0,0,0,0,0.82,menguras hampir seluruh saldo,0,0
CASH_IN,CASH_IN · nominal sedang,15,154166,19926296,0.008,17,0,1,1,0,2,0.76,saldo awal pengirim sangat ekstrem,1,0
PAYMENT,PAYMENT · nominal kecil,10,4680,30799,0.152,13,4,0,0,0,0,0.86,menguras hampir seluruh saldo,0,0
CASH_OUT,CASH_OUT · nominal besar,12,228953,0,0.0,12,2,0,0,0,0,0.87,menguras hampir seluruh saldo,0,0
CASH_OUT,PAYMENT · nominal kecil,20,830992,830992,1.0,5,4,1,0,0,1,3.88,nominal transaksi sangat ekstrem,0,1
CASH_IN,CASH_IN · nominal sedang,9,310242,19195478,0.016,17,0,1,1,0,2,0.98,saldo awal pengirim sangat ekstrem,1,0
CASH_OUT,CASH_OUT · nominal besar,1,485135,0,0.0,3,2,1,1,0,2,2.98,saldo tujuan sangat ekstrem,1,0
CASH_IN,CASH_IN · nominal sedang,17,79732,27444628,0.003,15,0,1,1,0,2,0.65,saldo awal pengirim sangat ekstrem,1,0
CASH_IN,CASH_IN · nominal sedang,13,153442,10599606,0.014,12,0,1,1,0,2,0.93,saldo awal pengirim sangat ekstrem,1,0
CASH_OUT,CASH_OUT · nominal besar,7,38582,0,0.0,16,2,1,0,0,1,0.94,saldo tujuan sangat ekstrem,0,0
TRANSFER,CASH_OUT · nominal besar,15,2269344,199143,10.0,11,3,1,1,1,3,2.62,nominal transaksi sangat ekstrem,1,0
DEBIT,PAYMENT · nominal kecil,8,499,30892,0.016,12,4,0,0,1,1,2.66,menguras hampir seluruh saldo,0,0
PAYMENT,PAYMENT · nominal kecil,7,3309,188,10.0,20,1,1,0,0,1,3.03,menguras hampir seluruh saldo,0,0
PAYMENT,PAYMENT · nominal kecil,8,29736,0,0.0,12,1,0,0,0,0,1.14,menguras hampir seluruh saldo,0,0
CASH_OUT,PAYMENT · nominal kecil,27,480404,480404,1.0,8,4,1,0,0,1,3.26,nominal transaksi sangat ekstrem,0,1
CASH_OUT,PAYMENT · nominal kecil,1,36679,247023,0.148,18,4,0,0,0,0,2.02,menguras hampir seluruh saldo,0,0
CASH_IN,CASH_IN · nominal sedang,12,169556,11529692,0.015,19,0,1,1,0,2,1.02,saldo awal pengirim sangat ekstrem,1,0
CASH_IN,CASH_IN · nominal sedang,10,45185,2381292,0.019,14,0,1,0,0,1,0.67,menguras hampir seluruh saldo,0,0
CASH_IN,CASH_IN · nominal sedang,17,78387,17996168,0.004,19,0,1,1,0,2,1.05,saldo awal pengirim sangat ekstrem,1,0
TRANSFER,CASH_IN · nominal sedang,14,7596887,7596887,1.0,11,0,1,1,1,3,4.3,saldo tujuan tidak konsisten secara logika,1,1
CASH_IN,CASH_IN · nominal sedang,1,22371,8014,2.792,21,0,1,0,0,1,1.93,saldo awal pengirim sangat ekstrem,0,0
PAYMENT,PAYMENT · nominal kecil,1,5064,0,0.0,18,1,0,0,0,0,0.81,menguras hampir seluruh saldo,0,0
TRANSFER,CASH_OUT · nominal besar,12,8755,194,10.0,21,3,1,0,1,2,2.94,menguras hampir seluruh saldo,1,0
CASH_OUT,PAYMENT · nominal kecil,26,277583,277583,1.0,4,4,0,0,0,0,3.47,saldo pengirim tidak konsisten secara logika,0,1
PAYMENT,PAYMENT · nominal kecil,1,3632,0,0.0,8,1,0,0,0,0,1.8,menguras hampir seluruh saldo,0,0
CASH_OUT,CASH_OUT · nominal besar,7,296569,0,0.0,18,2,0,0,0,0,0.79,menguras hampir seluruh saldo,0,0
PAYMENT,PAYMENT · nominal kecil,14,15153,21876,0.693,21,4,0,0,0,0,1.39,menguras hampir seluruh saldo,0,0
TRANSFER,PAYMENT · nominal kecil,30,226403,226403,1.0,11,4,1,0,1,2,3.24,saldo tujuan tidak konsisten secara logika,1,1
TRANSFER,CASH_IN · nominal sedang,30,2184557,2184557,1.0,2,0,1,1,1,3,4.89,saldo tujuan tidak konsisten secara logika,1,1
CASH_IN,CASH_IN · nominal sedang,16,298812,11464794,0.026,17,0,1,1,0,2,1.04,saldo awal pengirim sangat ekstrem,1,0
TRANSFER,CASH_OUT · nominal besar,7,152197,103442,1.471,0,3,0,0,1,1,4.12,saldo awal pengirim sangat ekstrem,0,0
TRANSFER,CASH_IN · nominal sedang,30,1371322,1371322,1.0,14,0,1,1,1,3,3.7,saldo tujuan tidak konsisten secara logika,1,1
CASH_IN,CASH_IN · nominal sedang,11,276786,15257186,0.018,12,0,1,1,0,2,1.18,saldo awal pengirim sangat ekstrem,1,0
CASH_IN,CASH_OUT · nominal besar,1,35919,6131986,0.006,8,3,1,1,0,2,4.25,saldo tujuan tidak konsisten secara logika,1,0
PAYMENT,PAYMENT · nominal kecil,6,12129,150882,0.08,23,4,0,0,0,0,1.79,menguras hampir seluruh saldo,0,0
TRANSFER,CASH_IN · nominal sedang,5,966222,966222,1.0,18,0,1,0,1,2,3.66,saldo tujuan tidak konsisten secara logika,1,1
CASH_OUT,PAYMENT · nominal kecil,26,414973,414973,1.0,1,4,0,0,0,0,4.4,nominal transaksi sangat ekstrem,0,1
CASH_OUT,CASH_OUT · nominal besar,14,520709,0,0.0,13,2,0,0,0,0,0.95,menguras hampir seluruh saldo,0,0
TRANSFER,CASH_OUT · nominal besar,11,178458,33017,5.405,18,3,1,1,0,2,1.82,saldo tujuan sangat ekstrem,1,0
TRANSFER,CASH_IN · nominal sedang,3,2947784,2947784,1.0,0,0,1,1,1,3,5.25,saldo tujuan tidak konsisten secara logika,1,1
CASH_IN,CASH_IN · nominal sedang,11,54204,3202057,0.017,12,0,1,0,0,1,0.95,saldo awal pengirim sangat ekstrem,0,0
PAYMENT,PAYMENT · nominal kecil,15,18802,121285,0.155,17,4,0,0,0,0,0.68,menguras hampir seluruh saldo,0,0
TRANSFER,PAYMENT · nominal kecil,2,78742,78742,1.0,2,4,1,0,1,2,4.1,saldo pengirim tidak konsisten secara logika,1,1
TRANSFER,CASH_OUT · nominal besar,1,438582,0,0.0,14,2,1,0,0,1,2.49,saldo tujuan tidak konsisten secara logika,0,0
CASH_IN,CASH_IN · nominal sedang,1,27352,8015146,0.003,16,0,1,0,0,1,1.05,saldo awal pengirim sangat ekstrem,0,0
CASH_IN,CASH_OUT · nominal besar,9,76202,305,10.0,10,3,1,0,0,1,2.75,menguras hampir seluruh saldo,0,0
CASH_IN,CASH_IN · nominal sedang,12,180339,11355442,0.016,17,0,1,1,0,2,0.69,saldo awal pengirim sangat ekstrem,1,0
TRANSFER,CASH_IN · nominal sedang,20,998087,998087,1.0,4,0,1,0,1,2,4.46,saldo tujuan tidak konsisten secara logika,1,1
TRANSFER,CASH_OUT · nominal besar,16,1101124,0,0.0,22,2,1,0,0,1,2.24,nominal transaksi sangat ekstrem,0,0
TRANSFER,PAYMENT · nominal kecil,18,87382,87382,1.0,14,4,1,0,1,2,2.7,saldo pengirim tidak konsisten secara logika,1,1
CASH_OUT,CASH_OUT · nominal besar,8,386774,212840,1.817,9,3,0,0,0,0,2.4,nominal transaksi sangat ekstrem,0,0
CASH_IN,CASH_IN · nominal sedang,14,380378,22778498,0.017,15,0,1,1,0,2,1.03,saldo awal pengirim sangat ekstrem,1,0
CASH_IN,CASH_IN · nominal sedang,13,43043,246234,0.175,10,0,1,0,0,1,1.4,menguras hampir seluruh saldo,0,0
CASH_IN,CASH_IN · nominal sedang,6,106537,22100,4.821,11,0,1,0,0,1,1.64,menguras hampir seluruh saldo,0,0
CASH_OUT,PAYMENT · nominal kecil,5,224913,224913,1.0,23,4,0,0,0,0,3.2,saldo pengirim tidak konsisten secara logika,0,1
PAYMENT,PAYMENT · nominal kecil,11,3276,0,0.0,15,1,0,0,0,0,0.69,menguras hampir seluruh saldo,0,0
CASH_OUT,CASH_OUT · nominal besar,24,3968964,3968964,1.0,12,3,1,1,0,2,3.82,nominal transaksi sangat ekstrem,1,1
CASH_IN,CASH_IN · nominal sedang,11,103766,59195,1.753,14,0,1,0,0,1,0.67,saldo tujuan tidak konsisten secara logika,0,0
PAYMENT,PAYMENT · nominal kecil,12,4640,0,0.0,0,1,0,0,0,0,3.58,menguras hampir seluruh saldo,0,0
PAYMENT,PAYMENT · nominal kecil,1,23902,151466,0.158,8,4,0,0,0,0,1.88,menguras hampir seluruh saldo,0,0
CASH_OUT,CASH_OUT · nominal besar,14,41449,132,10.0,0,3,1,0,1,2,3.99,menguras hampir seluruh saldo,1,0
CASH_IN,CASH_OUT · nominal besar,1,113614,9961226,0.011,12,3,1,1,0,2,3.84,saldo awal pengirim sangat ekstrem,1,0
CASH_IN,CASH_IN · nominal sedang,8,42911,12877155,0.003,18,0,1,1,0,2,0.98,saldo awal pengirim sangat ekstrem,1,0
CASH_OUT,CASH_OUT · nominal besar,11,14977,155,10.0,16,3,1,0,0,1,2.02,menguras hampir seluruh saldo,0,0
CASH_IN,CASH_IN · nominal sedang,10,61825,13007956,0.005,19,0,1,1,0,2,1.1,saldo awal pengirim sangat ekstrem,1,0
PAYMENT,PAYMENT · nominal kecil,10,19301,204327,0.094,15,4,0,0,0,0,0.64,menguras hampir seluruh saldo,0,0
CASH_OUT,CASH_OUT · nominal besar,13,487397,186044,2.62,9,3,0,0,0,0,2.3,nominal transaksi sangat ekstrem,0,0
CASH_OUT,CASH_OUT · nominal besar,10,157004,0,0.0,18,2,0,0,0,0,0.71,menguras hampir seluruh saldo,0,0
PAYMENT,PAYMENT · nominal kecil,13,2995,0,0.0,0,1,0,0,0,0,3.61,menguras hampir seluruh saldo,0,0
PAYMENT,PAYMENT · nominal kecil,16,5389,45494,0.118,0,4,0,0,0,0,3.64,menguras hampir seluruh saldo,0,0
CASH_OUT,PAYMENT · nominal kecil,26,89846,89846,1.0,16,4,1,0,0,1,2.59,saldo tujuan sangat ekstrem,0,1
CASH_OUT,PAYMENT · nominal kecil,12,12661,28291,0.448,18,4,0,0,0,0,1.32,menguras hampir seluruh saldo,0,0
CASH_IN,CASH_IN · nominal sedang,12,197009,13980737,0.014,18,0,1,1,0,2,0.91,saldo awal pengirim sangat ekstrem,1,0
CASH_OUT,PAYMENT · nominal kecil,4,1182558,1182558,1.0,18,4,1,0,0,1,3.3,nominal transaksi sangat ekstrem,0,1
CASH_OUT,PAYMENT · nominal kecil,22,73562,73562,1.0,18,4,0,0,0,0,1.73,saldo pengirim tidak konsisten secara logika,0,1
CASH_OUT,CASH_OUT · nominal besar,1,181728,0,0.0,8,2,1,0,0,1,2.46,menguras hampir seluruh saldo,0,1
PAYMENT,PAYMENT · nominal kecil,13,31732,11637,2.727,22,1,0,0,0,0,2.4,saldo tujuan sangat ekstrem,0,0
PAYMENT,PAYMENT · nominal kecil,2,2857,0,0.0,10,1,0,0,0,0,1.43,menguras hampir seluruh saldo,0,0
CASH_OUT,PAYMENT · nominal kecil,17,164069,206059,0.796,19,4,0,0,0,0,2.71,menguras hampir seluruh saldo,0,0
CASH_IN,CASH_IN · nominal sedang,6,206665,8351204,0.025,20,0,1,0,0,1,1.23,saldo awal pengirim sangat ekstrem,0,0
CASH_IN,CASH_IN · nominal sedang,8,23779,5283896,0.005,18,0,1,0,0,1,1.21,saldo awal pengirim sangat ekstrem,0,0
TRANSFER,CASH_OUT · nominal besar,17,2303974,0,0.0,14,2,1,1,0,2,1.97,nominal transaksi sangat ekstrem,1,0
PAYMENT,PAYMENT · nominal kecil,11,2989,746306,0.004,22,4,1,0,0,1,1.74,menguras hampir seluruh saldo,0,0
CASH_OUT,CASH_OUT · nominal besar,7,148436,0,0.0,12,2,1,1,0,2,0.94,saldo tujuan sangat ekstrem,1,0
PAYMENT,PAYMENT · nominal kecil,10,4398,895,4.914,1,1,0,0,0,0,3.72,menguras hampir seluruh saldo,0,0
CASH_IN,CASH_IN · nominal sedang,7,15156,4140477,0.004,13,0,1,0,0,1,1.35,saldo awal pengirim sangat ekstrem,0,0
CASH_OUT,PAYMENT · nominal kecil,16,449033,449033,1.0,16,4,1,0,0,1,2.95,nominal transaksi sangat ekstrem,0,1
CASH_OUT,PAYMENT · nominal kecil,6,32076,32076,1.0,23,4,0,0,0,0,2.75,saldo pengirim tidak konsisten secara logika,0,1
CASH_IN,CASH_OUT · nominal besar,21,234062,11361,10.0,15,3,1,0,0,1,2.57,menguras hampir seluruh saldo,0,0
CASH_IN,CASH_IN · nominal sedang,1,160329,2656833,0.06,18,0,1,0,0,1,0.73,saldo tujuan tidak konsisten secara logika,0,0
PAYMENT,PAYMENT · nominal kecil,15,38862,19740,1.969,13,1,0,0,0,0,1.97,saldo tujuan sangat ekstrem,0,0
TRANSFER,CASH_OUT · nominal besar,14,2610754,0,0.0,14,2,1,1,1,3,2.77,nominal transaksi sangat ekstrem,1,0
CASH_OUT,PAYMENT · nominal kecil,8,20311,20311,1.0,5,4,0,0,0,0,2.8,saldo pengirim tidak konsisten secara logika,0,1
CASH_IN,CASH_IN · nominal sedang,7,320836,13891864,0.023,23,0,1,1,0,2,2.06,saldo awal pengirim sangat ekstrem,1,0
CASH_IN,CASH_IN · nominal sedang,9,40775,20970174,0.002,17,0,1,1,0,2,0.96,saldo awal pengirim sangat ekstrem,1,0
CASH_IN,CASH_IN · nominal sedang,11,566000,13559250,0.042,11,0,1,1,0,2,1.52,saldo awal pengirim sangat ekstrem,1,0
CASH_OUT,CASH_OUT · nominal besar,1,36050,2176,10.0,12,3,1,0,0,1,1.62,menguras hampir seluruh saldo,0,0
CASH_OUT,PAYMENT · nominal kecil,17,5618180,5618180,1.0,14,4,1,1,0,2,3.8,nominal transaksi sangat ekstrem,1,1
CASH_IN,CASH_IN · nominal sedang,2,452875,191470,2.365,10,0,1,0,0,1,1.62,saldo tujuan tidak konsisten secara logika,0,0
PAYMENT,PAYMENT · nominal kecil,1,4983,2506,1.988,8,1,0,0,0,0,2.21,saldo pengirim tidak konsisten secara logika,0,0
CASH_IN,CASH_IN · nominal sedang,9,182646,10858293,0.017,15,0,1,1,0,2,0.57,saldo awal pengirim sangat ekstrem,1,0
CASH_IN,CASH_OUT · nominal besar,1,48888,24881110,0.002,16,3,1,1,0,2,3.21,saldo awal pengirim sangat ekstrem,1,0
TRANSFER,CASH_IN · nominal sedang,2,802382,802382,1.0,1,0,1,0,1,2,4.87,saldo tujuan tidak konsisten secara logika,1,1
CASH_OUT,CASH_OUT · nominal besar,15,269270,0,0.0,12,2,1,1,0,2,0.97,saldo tujuan sangat ekstrem,1,0
CASH_IN,CASH_IN · nominal sedang,17,60425,12912223,0.005,19,0,1,1,0,2,1.05,saldo awal pengirim sangat ekstrem,1,0
CASH_IN,CASH_IN · nominal sedang,16,13367,10271573,0.001,13,0,1,1,0,2,1.5,saldo awal pengirim sangat ekstrem,1,0
CASH_OUT,PAYMENT · nominal kecil,11,1306691,1306691,1.0,9,4,1,0,0,1,3.61,nominal transaksi sangat ekstrem,0,1
PAYMENT,PAYMENT · nominal kecil,6,9889,0,0.0,19,1,0,0,0,0,0.96,menguras hampir seluruh saldo,0,0
CASH_IN,CASH_IN · nominal sedang,15,23722,9693786,0.002,10,0,1,1,0,2,1.68,saldo awal pengirim sangat ekstrem,1,0
CASH_OUT,PAYMENT · nominal kecil,7,49373,49373,1.0,11,4,0,0,0,0,2.41,saldo pengirim tidak konsisten secara logika,0,1
CASH_OUT,PAYMENT · nominal kecil,1,2007,2007,1.0,12,4,1,0,0,1,3.02,saldo tujuan tidak konsisten secara logika,0,1
CASH_OUT,PAYMENT · nominal kecil,16,200418,200418,1.0,14,4,0,0,0,0,2.67,saldo pengirim tidak konsisten secara logika,0,1
CASH_OUT,CASH_OUT · nominal besar,1,144073,0,0.0,18,2,1,0,0,1,2.45,saldo tujuan tidak konsisten secara logika,0,0
CASH_IN,CASH_IN · nominal sedang,1,323979,677955,0.478,19,0,1,0,0,1,1.15,saldo tujuan tidak konsisten secara logika,0,0
PAYMENT,PAYMENT · nominal kecil,10,5777,0,0.0,16,1,0,0,0,0,0.5,menguras hampir seluruh saldo,0,0
TRANSFER,CASH_OUT · nominal besar,12,2764673,0,0.0,20,2,1,1,0,2,2.31,nominal transaksi sangat ekstrem,1,0
TRANSFER,CASH_OUT · nominal besar,7,128510,114908,1.118,13,3,0,0,0,0,2.61,saldo tujuan sangat ekstrem,0,0
CASH_OUT,CASH_OUT · nominal besar,15,758848,758848,1.0,0,3,1,0,1,2,4.92,saldo tujuan sangat ekstrem,1,1
CASH_OUT,CASH_OUT · nominal besar,16,65372,0,0.0,17,2,0,0,0,0,0.72,menguras hampir seluruh saldo,0,0
DEBIT,PAYMENT · nominal kecil,1,3434,31986,0.107,19,4,1,0,1,2,3.39,saldo tujuan sangat ekstrem,1,0
PAYMENT,PAYMENT · nominal kecil,16,8829,6243,1.414,0,1,0,0,0,0,3.84,saldo pengirim tidak konsisten secara logika,0,0
CASH_OUT,CASH_OUT · nominal besar,6,363039,0,0.0,15,2,0,0,0,0,0.61,menguras hampir seluruh saldo,0,0
CASH_OUT,CASH_OUT · nominal besar,29,304634,100003,3.046,16,3,0,0,0,0,1.97,saldo tujuan sangat ekstrem,0,0
CASH_IN,CASH_IN · nominal sedang,16,110407,15073442,0.007,18,0,1,1,0,2,0.81,saldo awal pengirim sangat ekstrem,1,0
CASH_IN,CASH_IN · nominal sedang,11,74532,13780848,0.005,11,0,1,1,0,2,1.16,saldo awal pengirim sangat ekstrem,1,0
TRANSFER,CASH_OUT · nominal besar,9,156531,0,0.0,17,2,0,0,0,0,1.19,menguras hampir seluruh saldo,0,0
TRANSFER,PAYMENT · nominal kecil,8,132295,132295,1.0,23,4,1,0,1,2,3.32,saldo pengirim tidak konsisten secara logika,1,1
TRANSFER,CASH_OUT · nominal besar,17,46708,0,0.0,10,2,1,1,0,2,1.84,saldo tujuan sangat ekstrem,1,0
CASH_OUT,PAYMENT · nominal kecil,30,62372,62372,1.0,3,4,0,0,0,0,3.71,saldo pengirim tidak konsisten secara logika,0,1
PAYMENT,PAYMENT · nominal kecil,7,18981,0,0.0,11,1,0,0,0,0,1.18,menguras hampir seluruh saldo,0,0
PAYMENT,PAYMENT · nominal kecil,22,13161,183332,0.072,18,4,0,0,0,0,0.77,menguras hampir seluruh saldo,0,0
TRANSFER,CASH_OUT · nominal besar,15,2608040,19814,10.0,12,3,1,1,0,2,2.21,nominal transaksi sangat ekstrem,1,0
CASH_IN,CASH_IN · nominal sedang,15,62221,25224,2.467,10,0,1,0,0,1,1.54,saldo tujuan sangat ekstrem,0,0
TRANSFER,CASH_OUT · nominal besar,7,466852,0,0.0,20,2,0,0,0,0,1.68,menguras hampir seluruh saldo,0,0
CASH_IN,CASH_IN · nominal sedang,16,54775,7657239,0.007,20,0,1,0,0,1,1.34,saldo awal pengirim sangat ekstrem,0,0
CASH_OUT,PAYMENT · nominal kecil,17,10668,379707,0.028,12,4,1,1,0,2,2.61,saldo tujuan sangat ekstrem,1,0
PAYMENT,PAYMENT · nominal kecil,15,8341,244007,0.034,0,4,0,0,0,0,3.63,menguras hampir seluruh saldo,0,0
CASH_IN,CASH_IN · nominal sedang,1,146892,15206684,0.01,17,0,1,1,0,2,0.69,saldo awal pengirim sangat ekstrem,1,0
TRANSFER,PAYMENT · nominal kecil,23,3227,3227,1.0,23,4,1,0,1,2,2.72,saldo pengirim tidak konsisten secara logika,1,1
PAYMENT,PAYMENT · nominal kecil,13,944,8174,0.116,20,4,0,0,0,0,1.75,menguras hampir seluruh saldo,0,0
CASH_IN,CASH_IN · nominal sedang,11,228533,11411968,0.02,19,0,1,1,0,2,1.1,saldo awal pengirim sangat ekstrem,1,0
CASH_OUT,PAYMENT · nominal kecil,6,1494432,1494432,1.0,10,4,1,0,0,1,3.33,nominal transaksi sangat ekstrem,0,1
TRANSFER,CASH_OUT · nominal besar,1,385776,0,0.0,14,2,1,1,0,2,2.83,saldo tujuan tidak konsisten secara logika,1,0
CASH_IN,CASH_IN · nominal sedang,10,91810,1391244,0.066,14,0,1,0,0,1,0.44,menguras hampir seluruh saldo,0,0
